test_id,actor_role,actor_fixture,resource,action,target_fixture,target_user,target_cohort,target_unit,target_state,expected,policy_or_function,automated_test,notes
RLS-T04-ANON-DENY,anon,anonymous_session,public.academic_levels,READ,synthetic_resource_row,SELF_OR_POLICY_SCOPE,AUTHORIZED_OR_OTHER,AUTHORIZED_OR_OTHER,ACTIVE_OR_BOUNDARY,DENY,anon has no table grants,supabase/tests/17_actor_action_resource_matrix.sql#RLS-T04-ANON-DENY,Direct database decision; role labels never come from user metadata
RLS-T04-ANON-DENY,anon,anonymous_session,public.academic_levels,CREATE,synthetic_resource_row,SELF_OR_POLICY_SCOPE,AUTHORIZED_OR_OTHER,AUTHORIZED_OR_OTHER,ACTIVE_OR_BOUNDARY,DENY,anon has no table grants,supabase/tests/17_actor_action_resource_matrix.sql#RLS-T04-ANON-DENY,Direct database decision; role labels never come from user metadata
RLS-T04-ANON-DENY,anon,anonymous_session,public.academic_levels,UPDATE,synthetic_resource_row,SELF_OR_POLICY_SCOPE,AUTHORIZED_OR_OTHER,AUTHORIZED_OR_OTHER,ACTIVE_OR_BOUNDARY,DENY,anon has no table grants,supabase/tests/17_actor_action_resource_matrix.sql#RLS-T04-ANON-DENY,Direct database decision; role labels never come from user metadata
RLS-T04-ANON-DENY,anon,anonymous_session,public.academic_levels,DELETE,synthetic_resource_row,SELF_OR_POLICY_SCOPE,AUTHORIZED_OR_OTHER,AUTHORIZED_OR_OTHER,ACTIVE_OR_BOUNDARY,DENY,anon has no table grants,supabase/tests/17_actor_action_resource_matrix.sql#RLS-T04-ANON-DENY,Direct database decision; role labels never come from user metadata
RLS-T04-POLICY-META,student,synthetic_student_a,public.academic_levels,READ,synthetic_resource_row,SELF_OR_POLICY_SCOPE,AUTHORIZED_OR_OTHER,AUTHORIZED_OR_OTHER,ACTIVE_OR_BOUNDARY,ALLOW,authenticated caller and active catalog row,supabase/tests/17_actor_action_resource_matrix.sql#RLS-T04-POLICY-META,Direct database decision; role labels never come from user metadata
RLS-T04-GRANT-META,student,synthetic_student_a,public.academic_levels,CREATE,synthetic_resource_row,SELF_OR_POLICY_SCOPE,AUTHORIZED_OR_OTHER,AUTHORIZED_OR_OTHER,ACTIVE_OR_BOUNDARY,DENY,authenticated has no INSERT grant,supabase/tests/17_actor_action_resource_matrix.sql#RLS-T04-GRANT-META,Direct database decision; role labels never come from user metadata
RLS-T04-GRANT-META,student,synthetic_student_a,public.academic_levels,UPDATE,synthetic_resource_row,SELF_OR_POLICY_SCOPE,AUTHORIZED_OR_OTHER,AUTHORIZED_OR_OTHER,ACTIVE_OR_BOUNDARY,DENY,authenticated has no reviewed UPDATE grant,supabase/tests/17_actor_action_resource_matrix.sql#RLS-T04-GRANT-META,Direct database decision; role labels never come from user metadata
RLS-T04-GRANT-META,student,synthetic_student_a,public.academic_levels,DELETE,synthetic_resource_row,SELF_OR_POLICY_SCOPE,AUTHORIZED_OR_OTHER,AUTHORIZED_OR_OTHER,ACTIVE_OR_BOUNDARY,DENY,authenticated has no DELETE grant,supabase/tests/17_actor_action_resource_matrix.sql#RLS-T04-GRANT-META,Direct database decision; role labels never come from user metadata
RLS-T04-POLICY-META,batch_leader,synthetic_batch_leader_assignment,public.academic_levels,READ,synthetic_resource_row,SELF_OR_POLICY_SCOPE,AUTHORIZED_OR_OTHER,AUTHORIZED_OR_OTHER,ACTIVE_OR_BOUNDARY,ALLOW,authenticated caller and active catalog row,supabase/tests/17_actor_action_resource_matrix.sql#RLS-T04-POLICY-META,Direct database decision; role labels never come from user metadata
RLS-T04-GRANT-META,batch_leader,synthetic_batch_leader_assignment,public.academic_levels,CREATE,synthetic_resource_row,SELF_OR_POLICY_SCOPE,AUTHORIZED_OR_OTHER,AUTHORIZED_OR_OTHER,ACTIVE_OR_BOUNDARY,DENY,authenticated has no INSERT grant,supabase/tests/17_actor_action_resource_matrix.sql#RLS-T04-GRANT-META,Direct database decision; role labels never come from user metadata
RLS-T04-GRANT-META,batch_leader,synthetic_batch_leader_assignment,public.academic_levels,UPDATE,synthetic_resource_row,SELF_OR_POLICY_SCOPE,AUTHORIZED_OR_OTHER,AUTHORIZED_OR_OTHER,ACTIVE_OR_BOUNDARY,DENY,authenticated has no reviewed UPDATE grant,supabase/tests/17_actor_action_resource_matrix.sql#RLS-T04-GRANT-META,Direct database decision; role labels never come from user metadata
RLS-T04-GRANT-META,batch_leader,synthetic_batch_leader_assignment,public.academic_levels,DELETE,synthetic_resource_row,SELF_OR_POLICY_SCOPE,AUTHORIZED_OR_OTHER,AUTHORIZED_OR_OTHER,ACTIVE_OR_BOUNDARY,DENY,authenticated has no DELETE grant,supabase/tests/17_actor_action_resource_matrix.sql#RLS-T04-GRANT-META,Direct database decision; role labels never come from user metadata
RLS-T04-POLICY-META,admin,synthetic_admin,public.academic_levels,READ,synthetic_resource_row,SELF_OR_POLICY_SCOPE,AUTHORIZED_OR_OTHER,AUTHORIZED_OR_OTHER,ACTIVE_OR_BOUNDARY,ALLOW,authenticated caller and active catalog row,supabase/tests/17_actor_action_resource_matrix.sql#RLS-T04-POLICY-META,Direct database decision; role labels never come from user metadata
RLS-T04-GRANT-META,admin,synthetic_admin,public.academic_levels,CREATE,synthetic_resource_row,SELF_OR_POLICY_SCOPE,AUTHORIZED_OR_OTHER,AUTHORIZED_OR_OTHER,ACTIVE_OR_BOUNDARY,DENY,authenticated has no INSERT grant,supabase/tests/17_actor_action_resource_matrix.sql#RLS-T04-GRANT-META,Direct database decision; role labels never come from user metadata
RLS-T04-GRANT-META,admin,synthetic_admin,public.academic_levels,UPDATE,synthetic_resource_row,SELF_OR_POLICY_SCOPE,AUTHORIZED_OR_OTHER,AUTHORIZED_OR_OTHER,ACTIVE_OR_BOUNDARY,DENY,authenticated has no reviewed UPDATE grant,supabase/tests/17_actor_action_resource_matrix.sql#RLS-T04-GRANT-META,Direct database decision; role labels never come from user metadata
RLS-T04-GRANT-META,admin,synthetic_admin,public.academic_levels,DELETE,synthetic_resource_row,SELF_OR_POLICY_SCOPE,AUTHORIZED_OR_OTHER,AUTHORIZED_OR_OTHER,ACTIVE_OR_BOUNDARY,DENY,authenticated has no DELETE grant,supabase/tests/17_actor_action_resource_matrix.sql#RLS-T04-GRANT-META,Direct database decision; role labels never come from user metadata
RLS-T04-SERVER-ONLY,worker,trusted_worker_runtime,public.academic_levels,READ,synthetic_resource_row,SELF_OR_POLICY_SCOPE,AUTHORIZED_OR_OTHER,AUTHORIZED_OR_OTHER,ACTIVE_OR_BOUNDARY,SERVER_ONLY,trusted runtime with server-held credential and explicit object privilege,supabase/tests/17_actor_action_resource_matrix.sql#RLS-T04-SERVER-ONLY,Direct database decision; role labels never come from user metadata
RLS-T04-SERVER-ONLY,worker,trusted_worker_runtime,public.academic_levels,CREATE,synthetic_resource_row,SELF_OR_POLICY_SCOPE,AUTHORIZED_OR_OTHER,AUTHORIZED_OR_OTHER,ACTIVE_OR_BOUNDARY,SERVER_ONLY,trusted runtime with server-held credential and explicit object privilege,supabase/tests/17_actor_action_resource_matrix.sql#RLS-T04-SERVER-ONLY,Direct database decision; role labels never come from user metadata
RLS-T04-SERVER-ONLY,worker,trusted_worker_runtime,public.academic_levels,UPDATE,synthetic_resource_row,SELF_OR_POLICY_SCOPE,AUTHORIZED_OR_OTHER,AUTHORIZED_OR_OTHER,ACTIVE_OR_BOUNDARY,SERVER_ONLY,trusted runtime with server-held credential and explicit object privilege,supabase/tests/17_actor_action_resource_matrix.sql#RLS-T04-SERVER-ONLY,Direct database decision; role labels never come from user metadata
RLS-T04-SERVER-ONLY,worker,trusted_worker_runtime,public.academic_levels,DELETE,synthetic_resource_row,SELF_OR_POLICY_SCOPE,AUTHORIZED_OR_OTHER,AUTHORIZED_OR_OTHER,ACTIVE_OR_BOUNDARY,SERVER_ONLY,trusted runtime with server-held credential and explicit object privilege,supabase/tests/17_actor_action_resource_matrix.sql#RLS-T04-SERVER-ONLY,Direct database decision; role labels never come from user metadata
RLS-T04-SERVER-ONLY,service_role,trusted_service_runtime,public.academic_levels,READ,synthetic_resource_row,SELF_OR_POLICY_SCOPE,AUTHORIZED_OR_OTHER,AUTHORIZED_OR_OTHER,ACTIVE_OR_BOUNDARY,SERVER_ONLY,trusted runtime with server-held credential and explicit object privilege,supabase/tests/17_actor_action_resource_matrix.sql#RLS-T04-SERVER-ONLY,Direct database decision; role labels never come from user metadata
RLS-T04-SERVER-ONLY,service_role,trusted_service_runtime,public.academic_levels,CREATE,synthetic_resource_row,SELF_OR_POLICY_SCOPE,AUTHORIZED_OR_OTHER,AUTHORIZED_OR_OTHER,ACTIVE_OR_BOUNDARY,SERVER_ONLY,trusted runtime with server-held credential and explicit object privilege,supabase/tests/17_actor_action_resource_matrix.sql#RLS-T04-SERVER-ONLY,Direct database decision; role labels never come from user metadata
RLS-T04-SERVER-ONLY,service_role,trusted_service_runtime,public.academic_levels,UPDATE,synthetic_resource_row,SELF_OR_POLICY_SCOPE,AUTHORIZED_OR_OTHER,AUTHORIZED_OR_OTHER,ACTIVE_OR_BOUNDARY,SERVER_ONLY,trusted runtime with server-held credential and explicit object privilege,supabase/tests/17_actor_action_resource_matrix.sql#RLS-T04-SERVER-ONLY,Direct database decision; role labels never come from user metadata
RLS-T04-SERVER-ONLY,service_role,trusted_service_runtime,public.academic_levels,DELETE,synthetic_resource_row,SELF_OR_POLICY_SCOPE,AUTHORIZED_OR_OTHER,AUTHORIZED_OR_OTHER,ACTIVE_OR_BOUNDARY,SERVER_ONLY,trusted runtime with server-held credential and explicit object privilege,supabase/tests/17_actor_action_resource_matrix.sql#RLS-T04-SERVER-ONLY,Direct database decision; role labels never come from user metadata
RLS-T04-ANON-DENY,anon,anonymous_session,public.answer_evidence,READ,synthetic_resource_row,SELF_OR_POLICY_SCOPE,AUTHORIZED_OR_OTHER,AUTHORIZED_OR_OTHER,ACTIVE_OR_BOUNDARY,DENY,anon has no table grants,supabase/tests/17_actor_action_resource_matrix.sql#RLS-T04-ANON-DENY,Direct database decision; role labels never come from user metadata
RLS-T04-ANON-DENY,anon,anonymous_session,public.answer_evidence,CREATE,synthetic_resource_row,SELF_OR_POLICY_SCOPE,AUTHORIZED_OR_OTHER,AUTHORIZED_OR_OTHER,ACTIVE_OR_BOUNDARY,DENY,anon has no table grants,supabase/tests/17_actor_action_resource_matrix.sql#RLS-T04-ANON-DENY,Direct database decision; role labels never come from user metadata
RLS-T04-ANON-DENY,anon,anonymous_session,public.answer_evidence,UPDATE,synthetic_resource_row,SELF_OR_POLICY_SCOPE,AUTHORIZED_OR_OTHER,AUTHORIZED_OR_OTHER,ACTIVE_OR_BOUNDARY,DENY,anon has no table grants,supabase/tests/17_actor_action_resource_matrix.sql#RLS-T04-ANON-DENY,Direct database decision; role labels never come from user metadata
RLS-T04-ANON-DENY,anon,anonymous_session,public.answer_evidence,DELETE,synthetic_resource_row,SELF_OR_POLICY_SCOPE,AUTHORIZED_OR_OTHER,AUTHORIZED_OR_OTHER,ACTIVE_OR_BOUNDARY,DENY,anon has no table grants,supabase/tests/17_actor_action_resource_matrix.sql#RLS-T04-ANON-DENY,Direct database decision; role labels never come from user metadata
RLS-T04-CROSS-USER,student,synthetic_student_a,public.answer_evidence,READ,synthetic_resource_row,SELF_OR_POLICY_SCOPE,AUTHORIZED_OR_OTHER,AUTHORIZED_OR_OTHER,ACTIVE_OR_BOUNDARY,ALLOW,own parent chain resolves to auth.uid(),supabase/tests/17_actor_action_resource_matrix.sql#RLS-T04-CROSS-USER,Direct database decision; role labels never come from user metadata
RLS-T04-CROSS-USER,student,synthetic_student_a,public.answer_evidence,CREATE,synthetic_resource_row,SELF_OR_POLICY_SCOPE,AUTHORIZED_OR_OTHER,AUTHORIZED_OR_OTHER,ACTIVE_OR_BOUNDARY,DENY,authenticated has no INSERT grant,supabase/tests/17_actor_action_resource_matrix.sql#RLS-T04-CROSS-USER,Direct database decision; role labels never come from user metadata
RLS-T04-CROSS-USER,student,synthetic_student_a,public.answer_evidence,UPDATE,synthetic_resource_row,SELF_OR_POLICY_SCOPE,AUTHORIZED_OR_OTHER,AUTHORIZED_OR_OTHER,ACTIVE_OR_BOUNDARY,DENY,authenticated has no reviewed UPDATE grant,supabase/tests/17_actor_action_resource_matrix.sql#RLS-T04-CROSS-USER,Direct database decision; role labels never come from user metadata
RLS-T04-CROSS-USER,student,synthetic_student_a,public.answer_evidence,DELETE,synthetic_resource_row,SELF_OR_POLICY_SCOPE,AUTHORIZED_OR_OTHER,AUTHORIZED_OR_OTHER,ACTIVE_OR_BOUNDARY,DENY,authenticated has no DELETE grant,supabase/tests/17_actor_action_resource_matrix.sql#RLS-T04-CROSS-USER,Direct database decision; role labels never come from user metadata
RLS-T04-CROSS-USER,batch_leader,synthetic_batch_leader_assignment,public.answer_evidence,READ,synthetic_resource_row,SELF_OR_POLICY_SCOPE,AUTHORIZED_OR_OTHER,AUTHORIZED_OR_OTHER,ACTIVE_OR_BOUNDARY,ALLOW,own parent chain resolves to auth.uid(),supabase/tests/17_actor_action_resource_matrix.sql#RLS-T04-CROSS-USER,Direct database decision; role labels never come from user metadata
RLS-T04-CROSS-USER,batch_leader,synthetic_batch_leader_assignment,public.answer_evidence,CREATE,synthetic_resource_row,SELF_OR_POLICY_SCOPE,AUTHORIZED_OR_OTHER,AUTHORIZED_OR_OTHER,ACTIVE_OR_BOUNDARY,DENY,authenticated has no INSERT grant,supabase/tests/17_actor_action_resource_matrix.sql#RLS-T04-CROSS-USER,Direct database decision; role labels never come from user metadata
RLS-T04-CROSS-USER,batch_leader,synthetic_batch_leader_assignment,public.answer_evidence,UPDATE,synthetic_resource_row,SELF_OR_POLICY_SCOPE,AUTHORIZED_OR_OTHER,AUTHORIZED_OR_OTHER,ACTIVE_OR_BOUNDARY,DENY,authenticated has no reviewed UPDATE grant,supabase/tests/17_actor_action_resource_matrix.sql#RLS-T04-CROSS-USER,Direct database decision; role labels never come from user metadata
RLS-T04-CROSS-USER,batch_leader,synthetic_batch_leader_assignment,public.answer_evidence,DELETE,synthetic_resource_row,SELF_OR_POLICY_SCOPE,AUTHORIZED_OR_OTHER,AUTHORIZED_OR_OTHER,ACTIVE_OR_BOUNDARY,DENY,authenticated has no DELETE grant,supabase/tests/17_actor_action_resource_matrix.sql#RLS-T04-CROSS-USER,Direct database decision; role labels never come from user metadata
RLS-T04-CROSS-USER,admin,synthetic_admin,public.answer_evidence,READ,synthetic_resource_row,SELF_OR_POLICY_SCOPE,AUTHORIZED_OR_OTHER,AUTHORIZED_OR_OTHER,ACTIVE_OR_BOUNDARY,ALLOW,own parent chain resolves to auth.uid(),supabase/tests/17_actor_action_resource_matrix.sql#RLS-T04-CROSS-USER,Direct database decision; role labels never come from user metadata
RLS-T04-CROSS-USER,admin,synthetic_admin,public.answer_evidence,CREATE,synthetic_resource_row,SELF_OR_POLICY_SCOPE,AUTHORIZED_OR_OTHER,AUTHORIZED_OR_OTHER,ACTIVE_OR_BOUNDARY,DENY,authenticated has no INSERT grant,supabase/tests/17_actor_action_resource_matrix.sql#RLS-T04-CROSS-USER,Direct database decision; role labels never come from user metadata
RLS-T04-CROSS-USER,admin,synthetic_admin,public.answer_evidence,UPDATE,synthetic_resource_row,SELF_OR_POLICY_SCOPE,AUTHORIZED_OR_OTHER,AUTHORIZED_OR_OTHER,ACTIVE_OR_BOUNDARY,DENY,authenticated has no reviewed UPDATE grant,supabase/tests/17_actor_action_resource_matrix.sql#RLS-T04-CROSS-USER,Direct database decision; role labels never come from user metadata
RLS-T04-CROSS-USER,admin,synthetic_admin,public.answer_evidence,DELETE,synthetic_resource_row,SELF_OR_POLICY_SCOPE,AUTHORIZED_OR_OTHER,AUTHORIZED_OR_OTHER,ACTIVE_OR_BOUNDARY,DENY,authenticated has no DELETE grant,supabase/tests/17_actor_action_resource_matrix.sql#RLS-T04-CROSS-USER,Direct database decision; role labels never come from user metadata
RLS-T04-SERVER-ONLY,worker,trusted_worker_runtime,public.answer_evidence,READ,synthetic_resource_row,SELF_OR_POLICY_SCOPE,AUTHORIZED_OR_OTHER,AUTHORIZED_OR_OTHER,ACTIVE_OR_BOUNDARY,SERVER_ONLY,trusted runtime with server-held credential and explicit object privilege,supabase/tests/17_actor_action_resource_matrix.sql#RLS-T04-SERVER-ONLY,Direct database decision; role labels never come from user metadata
RLS-T04-SERVER-ONLY,worker,trusted_worker_runtime,public.answer_evidence,CREATE,synthetic_resource_row,SELF_OR_POLICY_SCOPE,AUTHORIZED_OR_OTHER,AUTHORIZED_OR_OTHER,ACTIVE_OR_BOUNDARY,SERVER_ONLY,trusted runtime with server-held credential and explicit object privilege,supabase/tests/17_actor_action_resource_matrix.sql#RLS-T04-SERVER-ONLY,Direct database decision; role labels never come from user metadata
RLS-T04-SERVER-ONLY,worker,trusted_worker_runtime,public.answer_evidence,UPDATE,synthetic_resource_row,SELF_OR_POLICY_SCOPE,AUTHORIZED_OR_OTHER,AUTHORIZED_OR_OTHER,ACTIVE_OR_BOUNDARY,SERVER_ONLY,trusted runtime with server-held credential and explicit object privilege,supabase/tests/17_actor_action_resource_matrix.sql#RLS-T04-SERVER-ONLY,Direct database decision; role labels never come from user metadata
RLS-T04-SERVER-ONLY,worker,trusted_worker_runtime,public.answer_evidence,DELETE,synthetic_resource_row,SELF_OR_POLICY_SCOPE,AUTHORIZED_OR_OTHER,AUTHORIZED_OR_OTHER,ACTIVE_OR_BOUNDARY,SERVER_ONLY,trusted runtime with server-held credential and explicit object privilege,supabase/tests/17_actor_action_resource_matrix.sql#RLS-T04-SERVER-ONLY,Direct database decision; role labels never come from user metadata
RLS-T04-SERVER-ONLY,service_role,trusted_service_runtime,public.answer_evidence,READ,synthetic_resource_row,SELF_OR_POLICY_SCOPE,AUTHORIZED_OR_OTHER,AUTHORIZED_OR_OTHER,ACTIVE_OR_BOUNDARY,SERVER_ONLY,trusted runtime with server-held credential and explicit object privilege,supabase/tests/17_actor_action_resource_matrix.sql#RLS-T04-SERVER-ONLY,Direct database decision; role labels never come from user metadata
RLS-T04-SERVER-ONLY,service_role,trusted_service_runtime,public.answer_evidence,CREATE,synthetic_resource_row,SELF_OR_POLICY_SCOPE,AUTHORIZED_OR_OTHER,AUTHORIZED_OR_OTHER,ACTIVE_OR_BOUNDARY,SERVER_ONLY,trusted runtime with server-held credential and explicit object privilege,supabase/tests/17_actor_action_resource_matrix.sql#RLS-T04-SERVER-ONLY,Direct database decision; role labels never come from user metadata
RLS-T04-SERVER-ONLY,service_role,trusted_service_runtime,public.answer_evidence,UPDATE,synthetic_resource_row,SELF_OR_POLICY_SCOPE,AUTHORIZED_OR_OTHER,AUTHORIZED_OR_OTHER,ACTIVE_OR_BOUNDARY,SERVER_ONLY,trusted runtime with server-held credential and explicit object privilege,supabase/tests/17_actor_action_resource_matrix.sql#RLS-T04-SERVER-ONLY,Direct database decision; role labels never come from user metadata
RLS-T04-SERVER-ONLY,service_role,trusted_service_runtime,public.answer_evidence,DELETE,synthetic_resource_row,SELF_OR_POLICY_SCOPE,AUTHORIZED_OR_OTHER,AUTHORIZED_OR_OTHER,ACTIVE_OR_BOUNDARY,SERVER_ONLY,trusted runtime with server-held credential and explicit object privilege,supabase/tests/17_actor_action_resource_matrix.sql#RLS-T04-SERVER-ONLY,Direct database decision; role labels never come from user metadata
RLS-T04-ANON-DENY,anon,anonymous_session,public.artifact_evidence,READ,synthetic_resource_row,SELF_OR_POLICY_SCOPE,AUTHORIZED_OR_OTHER,AUTHORIZED_OR_OTHER,ACTIVE_OR_BOUNDARY,DENY,anon has no table grants,supabase/tests/17_actor_action_resource_matrix.sql#RLS-T04-ANON-DENY,Direct database decision; role labels never come from user metadata
RLS-T04-ANON-DENY,anon,anonymous_session,public.artifact_evidence,CREATE,synthetic_resource_row,SELF_OR_POLICY_SCOPE,AUTHORIZED_OR_OTHER,AUTHORIZED_OR_OTHER,ACTIVE_OR_BOUNDARY,DENY,anon has no table grants,supabase/tests/17_actor_action_resource_matrix.sql#RLS-T04-ANON-DENY,Direct database decision; role labels never come from user metadata
RLS-T04-ANON-DENY,anon,anonymous_session,public.artifact_evidence,UPDATE,synthetic_resource_row,SELF_OR_POLICY_SCOPE,AUTHORIZED_OR_OTHER,AUTHORIZED_OR_OTHER,ACTIVE_OR_BOUNDARY,DENY,anon has no table grants,supabase/tests/17_actor_action_resource_matrix.sql#RLS-T04-ANON-DENY,Direct database decision; role labels never come from user metadata
RLS-T04-ANON-DENY,anon,anonymous_session,public.artifact_evidence,DELETE,synthetic_resource_row,SELF_OR_POLICY_SCOPE,AUTHORIZED_OR_OTHER,AUTHORIZED_OR_OTHER,ACTIVE_OR_BOUNDARY,DENY,anon has no table grants,supabase/tests/17_actor_action_resource_matrix.sql#RLS-T04-ANON-DENY,Direct database decision; role labels never come from user metadata
RLS-T04-CROSS-USER,student,synthetic_student_a,public.artifact_evidence,READ,synthetic_resource_row,SELF_OR_POLICY_SCOPE,AUTHORIZED_OR_OTHER,AUTHORIZED_OR_OTHER,ACTIVE_OR_BOUNDARY,ALLOW,own parent chain resolves to auth.uid(),supabase/tests/17_actor_action_resource_matrix.sql#RLS-T04-CROSS-USER,Direct database decision; role labels never come from user metadata
RLS-T04-CROSS-USER,student,synthetic_student_a,public.artifact_evidence,CREATE,synthetic_resource_row,SELF_OR_POLICY_SCOPE,AUTHORIZED_OR_OTHER,AUTHORIZED_OR_OTHER,ACTIVE_OR_BOUNDARY,DENY,authenticated has no INSERT grant,supabase/tests/17_actor_action_resource_matrix.sql#RLS-T04-CROSS-USER,Direct database decision; role labels never come from user metadata
RLS-T04-CROSS-USER,student,synthetic_student_a,public.artifact_evidence,UPDATE,synthetic_resource_row,SELF_OR_POLICY_SCOPE,AUTHORIZED_OR_OTHER,AUTHORIZED_OR_OTHER,ACTIVE_OR_BOUNDARY,DENY,authenticated has no reviewed UPDATE grant,supabase/tests/17_actor_action_resource_matrix.sql#RLS-T04-CROSS-USER,Direct database decision; role labels never come from user metadata
RLS-T04-CROSS-USER,student,synthetic_student_a,public.artifact_evidence,DELETE,synthetic_resource_row,SELF_OR_POLICY_SCOPE,AUTHORIZED_OR_OTHER,AUTHORIZED_OR_OTHER,ACTIVE_OR_BOUNDARY,DENY,authenticated has no DELETE grant,supabase/tests/17_actor_action_resource_matrix.sql#RLS-T04-CROSS-USER,Direct database decision; role labels never come from user metadata
RLS-T04-CROSS-USER,batch_leader,synthetic_batch_leader_assignment,public.artifact_evidence,READ,synthetic_resource_row,SELF_OR_POLICY_SCOPE,AUTHORIZED_OR_OTHER,AUTHORIZED_OR_OTHER,ACTIVE_OR_BOUNDARY,ALLOW,own parent chain resolves to auth.uid(),supabase/tests/17_actor_action_resource_matrix.sql#RLS-T04-CROSS-USER,Direct database decision; role labels never come from user metadata
RLS-T04-CROSS-USER,batch_leader,synthetic_batch_leader_assignment,public.artifact_evidence,CREATE,synthetic_resource_row,SELF_OR_POLICY_SCOPE,AUTHORIZED_OR_OTHER,AUTHORIZED_OR_OTHER,ACTIVE_OR_BOUNDARY,DENY,authenticated has no INSERT grant,supabase/tests/17_actor_action_resource_matrix.sql#RLS-T04-CROSS-USER,Direct database decision; role labels never come from user metadata
RLS-T04-CROSS-USER,batch_leader,synthetic_batch_leader_assignment,public.artifact_evidence,UPDATE,synthetic_resource_row,SELF_OR_POLICY_SCOPE,AUTHORIZED_OR_OTHER,AUTHORIZED_OR_OTHER,ACTIVE_OR_BOUNDARY,DENY,authenticated has no reviewed UPDATE grant,supabase/tests/17_actor_action_resource_matrix.sql#RLS-T04-CROSS-USER,Direct database decision; role labels never come from user metadata
RLS-T04-CROSS-USER,batch_leader,synthetic_batch_leader_assignment,public.artifact_evidence,DELETE,synthetic_resource_row,SELF_OR_POLICY_SCOPE,AUTHORIZED_OR_OTHER,AUTHORIZED_OR_OTHER,ACTIVE_OR_BOUNDARY,DENY,authenticated has no DELETE grant,supabase/tests/17_actor_action_resource_matrix.sql#RLS-T04-CROSS-USER,Direct database decision; role labels never come from user metadata
RLS-T04-CROSS-USER,admin,synthetic_admin,public.artifact_evidence,READ,synthetic_resource_row,SELF_OR_POLICY_SCOPE,AUTHORIZED_OR_OTHER,AUTHORIZED_OR_OTHER,ACTIVE_OR_BOUNDARY,ALLOW,own parent chain resolves to auth.uid(),supabase/tests/17_actor_action_resource_matrix.sql#RLS-T04-CROSS-USER,Direct database decision; role labels never come from user metadata
RLS-T04-CROSS-USER,admin,synthetic_admin,public.artifact_evidence,CREATE,synthetic_resource_row,SELF_OR_POLICY_SCOPE,AUTHORIZED_OR_OTHER,AUTHORIZED_OR_OTHER,ACTIVE_OR_BOUNDARY,DENY,authenticated has no INSERT grant,supabase/tests/17_actor_action_resource_matrix.sql#RLS-T04-CROSS-USER,Direct database decision; role labels never come from user metadata
RLS-T04-CROSS-USER,admin,synthetic_admin,public.artifact_evidence,UPDATE,synthetic_resource_row,SELF_OR_POLICY_SCOPE,AUTHORIZED_OR_OTHER,AUTHORIZED_OR_OTHER,ACTIVE_OR_BOUNDARY,DENY,authenticated has no reviewed UPDATE grant,supabase/tests/17_actor_action_resource_matrix.sql#RLS-T04-CROSS-USER,Direct database decision; role labels never come from user metadata
RLS-T04-CROSS-USER,admin,synthetic_admin,public.artifact_evidence,DELETE,synthetic_resource_row,SELF_OR_POLICY_SCOPE,AUTHORIZED_OR_OTHER,AUTHORIZED_OR_OTHER,ACTIVE_OR_BOUNDARY,DENY,authenticated has no DELETE grant,supabase/tests/17_actor_action_resource_matrix.sql#RLS-T04-CROSS-USER,Direct database decision; role labels never come from user metadata
RLS-T04-SERVER-ONLY,worker,trusted_worker_runtime,public.artifact_evidence,READ,synthetic_resource_row,SELF_OR_POLICY_SCOPE,AUTHORIZED_OR_OTHER,AUTHORIZED_OR_OTHER,ACTIVE_OR_BOUNDARY,SERVER_ONLY,trusted runtime with server-held credential and explicit object privilege,supabase/tests/17_actor_action_resource_matrix.sql#RLS-T04-SERVER-ONLY,Direct database decision; role labels never come from user metadata
RLS-T04-SERVER-ONLY,worker,trusted_worker_runtime,public.artifact_evidence,CREATE,synthetic_resource_row,SELF_OR_POLICY_SCOPE,AUTHORIZED_OR_OTHER,AUTHORIZED_OR_OTHER,ACTIVE_OR_BOUNDARY,SERVER_ONLY,trusted runtime with server-held credential and explicit object privilege,supabase/tests/17_actor_action_resource_matrix.sql#RLS-T04-SERVER-ONLY,Direct database decision; role labels never come from user metadata
RLS-T04-SERVER-ONLY,worker,trusted_worker_runtime,public.artifact_evidence,UPDATE,synthetic_resource_row,SELF_OR_POLICY_SCOPE,AUTHORIZED_OR_OTHER,AUTHORIZED_OR_OTHER,ACTIVE_OR_BOUNDARY,SERVER_ONLY,trusted runtime with server-held credential and explicit object privilege,supabase/tests/17_actor_action_resource_matrix.sql#RLS-T04-SERVER-ONLY,Direct database decision; role labels never come from user metadata
RLS-T04-SERVER-ONLY,worker,trusted_worker_runtime,public.artifact_evidence,DELETE,synthetic_resource_row,SELF_OR_POLICY_SCOPE,AUTHORIZED_OR_OTHER,AUTHORIZED_OR_OTHER,ACTIVE_OR_BOUNDARY,SERVER_ONLY,trusted runtime with server-held credential and explicit object privilege,supabase/tests/17_actor_action_resource_matrix.sql#RLS-T04-SERVER-ONLY,Direct database decision; role labels never come from user metadata
RLS-T04-SERVER-ONLY,service_role,trusted_service_runtime,public.artifact_evidence,READ,synthetic_resource_row,SELF_OR_POLICY_SCOPE,AUTHORIZED_OR_OTHER,AUTHORIZED_OR_OTHER,ACTIVE_OR_BOUNDARY,SERVER_ONLY,trusted runtime with server-held credential and explicit object privilege,supabase/tests/17_actor_action_resource_matrix.sql#RLS-T04-SERVER-ONLY,Direct database decision; role labels never come from user metadata
RLS-T04-SERVER-ONLY,service_role,trusted_service_runtime,public.artifact_evidence,CREATE,synthetic_resource_row,SELF_OR_POLICY_SCOPE,AUTHORIZED_OR_OTHER,AUTHORIZED_OR_OTHER,ACTIVE_OR_BOUNDARY,SERVER_ONLY,trusted runtime with server-held credential and explicit object privilege,supabase/tests/17_actor_action_resource_matrix.sql#RLS-T04-SERVER-ONLY,Direct database decision; role labels never come from user metadata
RLS-T04-SERVER-ONLY,service_role,trusted_service_runtime,public.artifact_evidence,UPDATE,synthetic_resource_row,SELF_OR_POLICY_SCOPE,AUTHORIZED_OR_OTHER,AUTHORIZED_OR_OTHER,ACTIVE_OR_BOUNDARY,SERVER_ONLY,trusted runtime with server-held credential and explicit object privilege,supabase/tests/17_actor_action_resource_matrix.sql#RLS-T04-SERVER-ONLY,Direct database decision; role labels never come from user metadata
RLS-T04-SERVER-ONLY,service_role,trusted_service_runtime,public.artifact_evidence,DELETE,synthetic_resource_row,SELF_OR_POLICY_SCOPE,AUTHORIZED_OR_OTHER,AUTHORIZED_OR_OTHER,ACTIVE_OR_BOUNDARY,SERVER_ONLY,trusted runtime with server-held credential and explicit object privilege,supabase/tests/17_actor_action_resource_matrix.sql#RLS-T04-SERVER-ONLY,Direct database decision; role labels never come from user metadata
RLS-T04-ANON-DENY,anon,anonymous_session,public.artifact_validation_results,READ,synthetic_resource_row,SELF_OR_POLICY_SCOPE,AUTHORIZED_OR_OTHER,AUTHORIZED_OR_OTHER,ACTIVE_OR_BOUNDARY,DENY,anon has no table grants,supabase/tests/17_actor_action_resource_matrix.sql#RLS-T04-ANON-DENY,Direct database decision; role labels never come from user metadata
RLS-T04-ANON-DENY,anon,anonymous_session,public.artifact_validation_results,CREATE,synthetic_resource_row,SELF_OR_POLICY_SCOPE,AUTHORIZED_OR_OTHER,AUTHORIZED_OR_OTHER,ACTIVE_OR_BOUNDARY,DENY,anon has no table grants,supabase/tests/17_actor_action_resource_matrix.sql#RLS-T04-ANON-DENY,Direct database decision; role labels never come from user metadata
RLS-T04-ANON-DENY,anon,anonymous_session,public.artifact_validation_results,UPDATE,synthetic_resource_row,SELF_OR_POLICY_SCOPE,AUTHORIZED_OR_OTHER,AUTHORIZED_OR_OTHER,ACTIVE_OR_BOUNDARY,DENY,anon has no table grants,supabase/tests/17_actor_action_resource_matrix.sql#RLS-T04-ANON-DENY,Direct database decision; role labels never come from user metadata
RLS-T04-ANON-DENY,anon,anonymous_session,public.artifact_validation_results,DELETE,synthetic_resource_row,SELF_OR_POLICY_SCOPE,AUTHORIZED_OR_OTHER,AUTHORIZED_OR_OTHER,ACTIVE_OR_BOUNDARY,DENY,anon has no table grants,supabase/tests/17_actor_action_resource_matrix.sql#RLS-T04-ANON-DENY,Direct database decision; role labels never come from user metadata
RLS-T04-CROSS-USER,student,synthetic_student_a,public.artifact_validation_results,READ,synthetic_resource_row,SELF_OR_POLICY_SCOPE,AUTHORIZED_OR_OTHER,AUTHORIZED_OR_OTHER,ACTIVE_OR_BOUNDARY,ALLOW,own parent chain resolves to auth.uid(),supabase/tests/17_actor_action_resource_matrix.sql#RLS-T04-CROSS-USER,Direct database decision; role labels never come from user metadata
RLS-T04-CROSS-USER,student,synthetic_student_a,public.artifact_validation_results,CREATE,synthetic_resource_row,SELF_OR_POLICY_SCOPE,AUTHORIZED_OR_OTHER,AUTHORIZED_OR_OTHER,ACTIVE_OR_BOUNDARY,DENY,authenticated has no INSERT grant,supabase/tests/17_actor_action_resource_matrix.sql#RLS-T04-CROSS-USER,Direct database decision; role labels never come from user metadata
RLS-T04-CROSS-USER,student,synthetic_student_a,public.artifact_validation_results,UPDATE,synthetic_resource_row,SELF_OR_POLICY_SCOPE,AUTHORIZED_OR_OTHER,AUTHORIZED_OR_OTHER,ACTIVE_OR_BOUNDARY,DENY,authenticated has no reviewed UPDATE grant,supabase/tests/17_actor_action_resource_matrix.sql#RLS-T04-CROSS-USER,Direct database decision; role labels never come from user metadata
RLS-T04-CROSS-USER,student,synthetic_student_a,public.artifact_validation_results,DELETE,synthetic_resource_row,SELF_OR_POLICY_SCOPE,AUTHORIZED_OR_OTHER,AUTHORIZED_OR_OTHER,ACTIVE_OR_BOUNDARY,DENY,authenticated has no DELETE grant,supabase/tests/17_actor_action_resource_matrix.sql#RLS-T04-CROSS-USER,Direct database decision; role labels never come from user metadata
RLS-T04-CROSS-USER,batch_leader,synthetic_batch_leader_assignment,public.artifact_validation_results,READ,synthetic_resource_row,SELF_OR_POLICY_SCOPE,AUTHORIZED_OR_OTHER,AUTHORIZED_OR_OTHER,ACTIVE_OR_BOUNDARY,ALLOW,own parent chain resolves to auth.uid(),supabase/tests/17_actor_action_resource_matrix.sql#RLS-T04-CROSS-USER,Direct database decision; role labels never come from user metadata
RLS-T04-CROSS-USER,batch_leader,synthetic_batch_leader_assignment,public.artifact_validation_results,CREATE,synthetic_resource_row,SELF_OR_POLICY_SCOPE,AUTHORIZED_OR_OTHER,AUTHORIZED_OR_OTHER,ACTIVE_OR_BOUNDARY,DENY,authenticated has no INSERT grant,supabase/tests/17_actor_action_resource_matrix.sql#RLS-T04-CROSS-USER,Direct database decision; role labels never come from user metadata
RLS-T04-CROSS-USER,batch_leader,synthetic_batch_leader_assignment,public.artifact_validation_results,UPDATE,synthetic_resource_row,SELF_OR_POLICY_SCOPE,AUTHORIZED_OR_OTHER,AUTHORIZED_OR_OTHER,ACTIVE_OR_BOUNDARY,DENY,authenticated has no reviewed UPDATE grant,supabase/tests/17_actor_action_resource_matrix.sql#RLS-T04-CROSS-USER,Direct database decision; role labels never come from user metadata
RLS-T04-CROSS-USER,batch_leader,synthetic_batch_leader_assignment,public.artifact_validation_results,DELETE,synthetic_resource_row,SELF_OR_POLICY_SCOPE,AUTHORIZED_OR_OTHER,AUTHORIZED_OR_OTHER,ACTIVE_OR_BOUNDARY,DENY,authenticated has no DELETE grant,supabase/tests/17_actor_action_resource_matrix.sql#RLS-T04-CROSS-USER,Direct database decision; role labels never come from user metadata
RLS-T04-CROSS-USER,admin,synthetic_admin,public.artifact_validation_results,READ,synthetic_resource_row,SELF_OR_POLICY_SCOPE,AUTHORIZED_OR_OTHER,AUTHORIZED_OR_OTHER,ACTIVE_OR_BOUNDARY,ALLOW,own parent chain resolves to auth.uid(),supabase/tests/17_actor_action_resource_matrix.sql#RLS-T04-CROSS-USER,Direct database decision; role labels never come from user metadata
RLS-T04-CROSS-USER,admin,synthetic_admin,public.artifact_validation_results,CREATE,synthetic_resource_row,SELF_OR_POLICY_SCOPE,AUTHORIZED_OR_OTHER,AUTHORIZED_OR_OTHER,ACTIVE_OR_BOUNDARY,DENY,authenticated has no INSERT grant,supabase/tests/17_actor_action_resource_matrix.sql#RLS-T04-CROSS-USER,Direct database decision; role labels never come from user metadata
RLS-T04-CROSS-USER,admin,synthetic_admin,public.artifact_validation_results,UPDATE,synthetic_resource_row,SELF_OR_POLICY_SCOPE,AUTHORIZED_OR_OTHER,AUTHORIZED_OR_OTHER,ACTIVE_OR_BOUNDARY,DENY,authenticated has no reviewed UPDATE grant,supabase/tests/17_actor_action_resource_matrix.sql#RLS-T04-CROSS-USER,Direct database decision; role labels never come from user metadata
RLS-T04-CROSS-USER,admin,synthetic_admin,public.artifact_validation_results,DELETE,synthetic_resource_row,SELF_OR_POLICY_SCOPE,AUTHORIZED_OR_OTHER,AUTHORIZED_OR_OTHER,ACTIVE_OR_BOUNDARY,DENY,authenticated has no DELETE grant,supabase/tests/17_actor_action_resource_matrix.sql#RLS-T04-CROSS-USER,Direct database decision; role labels never come from user metadata
RLS-T04-SERVER-ONLY,worker,trusted_worker_runtime,public.artifact_validation_results,READ,synthetic_resource_row,SELF_OR_POLICY_SCOPE,AUTHORIZED_OR_OTHER,AUTHORIZED_OR_OTHER,ACTIVE_OR_BOUNDARY,SERVER_ONLY,trusted runtime with server-held credential and explicit object privilege,supabase/tests/17_actor_action_resource_matrix.sql#RLS-T04-SERVER-ONLY,Direct database decision; role labels never come from user metadata
RLS-T04-SERVER-ONLY,worker,trusted_worker_runtime,public.artifact_validation_results,CREATE,synthetic_resource_row,SELF_OR_POLICY_SCOPE,AUTHORIZED_OR_OTHER,AUTHORIZED_OR_OTHER,ACTIVE_OR_BOUNDARY,SERVER_ONLY,trusted runtime with server-held credential and explicit object privilege,supabase/tests/17_actor_action_resource_matrix.sql#RLS-T04-SERVER-ONLY,Direct database decision; role labels never come from user metadata
RLS-T04-SERVER-ONLY,worker,trusted_worker_runtime,public.artifact_validation_results,UPDATE,synthetic_resource_row,SELF_OR_POLICY_SCOPE,AUTHORIZED_OR_OTHER,AUTHORIZED_OR_OTHER,ACTIVE_OR_BOUNDARY,SERVER_ONLY,trusted runtime with server-held credential and explicit object privilege,supabase/tests/17_actor_action_resource_matrix.sql#RLS-T04-SERVER-ONLY,Direct database decision; role labels never come from user metadata
RLS-T04-SERVER-ONLY,worker,trusted_worker_runtime,public.artifact_validation_results,DELETE,synthetic_resource_row,SELF_OR_POLICY_SCOPE,AUTHORIZED_OR_OTHER,AUTHORIZED_OR_OTHER,ACTIVE_OR_BOUNDARY,SERVER_ONLY,trusted runtime with server-held credential and explicit object privilege,supabase/tests/17_actor_action_resource_matrix.sql#RLS-T04-SERVER-ONLY,Direct database decision; role labels never come from user metadata
RLS-T04-SERVER-ONLY,service_role,trusted_service_runtime,public.artifact_validation_results,READ,synthetic_resource_row,SELF_OR_POLICY_SCOPE,AUTHORIZED_OR_OTHER,AUTHORIZED_OR_OTHER,ACTIVE_OR_BOUNDARY,SERVER_ONLY,trusted runtime with server-held credential and explicit object privilege,supabase/tests/17_actor_action_resource_matrix.sql#RLS-T04-SERVER-ONLY,Direct database decision; role labels never come from user metadata
RLS-T04-SERVER-ONLY,service_role,trusted_service_runtime,public.artifact_validation_results,CREATE,synthetic_resource_row,SELF_OR_POLICY_SCOPE,AUTHORIZED_OR_OTHER,AUTHORIZED_OR_OTHER,ACTIVE_OR_BOUNDARY,SERVER_ONLY,trusted runtime with server-held credential and explicit object privilege,supabase/tests/17_actor_action_resource_matrix.sql#RLS-T04-SERVER-ONLY,Direct database decision; role labels never come from user metadata
RLS-T04-SERVER-ONLY,service_role,trusted_service_runtime,public.artifact_validation_results,UPDATE,synthetic_resource_row,SELF_OR_POLICY_SCOPE,AUTHORIZED_OR_OTHER,AUTHORIZED_OR_OTHER,ACTIVE_OR_BOUNDARY,SERVER_ONLY,trusted runtime with server-held credential and explicit object privilege,supabase/tests/17_actor_action_resource_matrix.sql#RLS-T04-SERVER-ONLY,Direct database decision; role labels never come from user metadata
RLS-T04-SERVER-ONLY,service_role,trusted_service_runtime,public.artifact_validation_results,DELETE,synthetic_resource_row,SELF_OR_POLICY_SCOPE,AUTHORIZED_OR_OTHER,AUTHORIZED_OR_OTHER,ACTIVE_OR_BOUNDARY,SERVER_ONLY,trusted runtime with server-held credential and explicit object privilege,supabase/tests/17_actor_action_resource_matrix.sql#RLS-T04-SERVER-ONLY,Direct database decision; role labels never come from user metadata
RLS-T04-ANON-DENY,anon,anonymous_session,public.batch_leader_assignments,READ,synthetic_resource_row,SELF_OR_POLICY_SCOPE,AUTHORIZED_OR_OTHER,AUTHORIZED_OR_OTHER,ACTIVE_OR_BOUNDARY,DENY,anon has no table grants,supabase/tests/17_actor_action_resource_matrix.sql#RLS-T04-ANON-DENY,Direct database decision; role labels never come from user metadata
RLS-T04-ANON-DENY,anon,anonymous_session,public.batch_leader_assignments,CREATE,synthetic_resource_row,SELF_OR_POLICY_SCOPE,AUTHORIZED_OR_OTHER,AUTHORIZED_OR_OTHER,ACTIVE_OR_BOUNDARY,DENY,anon has no table grants,supabase/tests/17_actor_action_resource_matrix.sql#RLS-T04-ANON-DENY,Direct database decision; role labels never come from user metadata
RLS-T04-ANON-DENY,anon,anonymous_session,public.batch_leader_assignments,UPDATE,synthetic_resource_row,SELF_OR_POLICY_SCOPE,AUTHORIZED_OR_OTHER,AUTHORIZED_OR_OTHER,ACTIVE_OR_BOUNDARY,DENY,anon has no table grants,supabase/tests/17_actor_action_resource_matrix.sql#RLS-T04-ANON-DENY,Direct database decision; role labels never come from user metadata
RLS-T04-ANON-DENY,anon,anonymous_session,public.batch_leader_assignments,DELETE,synthetic_resource_row,SELF_OR_POLICY_SCOPE,AUTHORIZED_OR_OTHER,AUTHORIZED_OR_OTHER,ACTIVE_OR_BOUNDARY,DENY,anon has no table grants,supabase/tests/17_actor_action_resource_matrix.sql#RLS-T04-ANON-DENY,Direct database decision; role labels never come from user metadata
RLS-T04-BATCH-LEADER,student,synthetic_student_a,public.batch_leader_assignments,READ,synthetic_resource_row,SELF_OR_POLICY_SCOPE,AUTHORIZED_OR_OTHER,AUTHORIZED_OR_OTHER,ACTIVE_OR_BOUNDARY,DENY,student has no active campaign assignment,supabase/tests/17_actor_action_resource_matrix.sql#RLS-T04-BATCH-LEADER,Direct database decision; role labels never come from user metadata
RLS-T04-BATCH-LEADER,student,synthetic_student_a,public.batch_leader_assignments,CREATE,synthetic_resource_row,SELF_OR_POLICY_SCOPE,AUTHORIZED_OR_OTHER,AUTHORIZED_OR_OTHER,ACTIVE_OR_BOUNDARY,DENY,authenticated has no INSERT grant,supabase/tests/17_actor_action_resource_matrix.sql#RLS-T04-BATCH-LEADER,Direct database decision; role labels never come from user metadata
RLS-T04-BATCH-LEADER,student,synthetic_student_a,public.batch_leader_assignments,UPDATE,synthetic_resource_row,SELF_OR_POLICY_SCOPE,AUTHORIZED_OR_OTHER,AUTHORIZED_OR_OTHER,ACTIVE_OR_BOUNDARY,DENY,authenticated has no reviewed UPDATE grant,supabase/tests/17_actor_action_resource_matrix.sql#RLS-T04-BATCH-LEADER,Direct database decision; role labels never come from user metadata
RLS-T04-BATCH-LEADER,student,synthetic_student_a,public.batch_leader_assignments,DELETE,synthetic_resource_row,SELF_OR_POLICY_SCOPE,AUTHORIZED_OR_OTHER,AUTHORIZED_OR_OTHER,ACTIVE_OR_BOUNDARY,DENY,authenticated has no DELETE grant,supabase/tests/17_actor_action_resource_matrix.sql#RLS-T04-BATCH-LEADER,Direct database decision; role labels never come from user metadata
RLS-T04-BATCH-LEADER,batch_leader,synthetic_batch_leader_assignment,public.batch_leader_assignments,READ,synthetic_resource_row,SELF_OR_POLICY_SCOPE,AUTHORIZED_OR_OTHER,AUTHORIZED_OR_OTHER,ACTIVE_OR_BOUNDARY,ALLOW,active unexpired DB campaign assignment,supabase/tests/17_actor_action_resource_matrix.sql#RLS-T04-BATCH-LEADER,Direct database decision; role labels never come from user metadata
RLS-T04-BATCH-LEADER,batch_leader,synthetic_batch_leader_assignment,public.batch_leader_assignments,CREATE,synthetic_resource_row,SELF_OR_POLICY_SCOPE,AUTHORIZED_OR_OTHER,AUTHORIZED_OR_OTHER,ACTIVE_OR_BOUNDARY,DENY,authenticated has no INSERT grant,supabase/tests/17_actor_action_resource_matrix.sql#RLS-T04-BATCH-LEADER,Direct database decision; role labels never come from user metadata
RLS-T04-BATCH-LEADER,batch_leader,synthetic_batch_leader_assignment,public.batch_leader_assignments,UPDATE,synthetic_resource_row,SELF_OR_POLICY_SCOPE,AUTHORIZED_OR_OTHER,AUTHORIZED_OR_OTHER,ACTIVE_OR_BOUNDARY,DENY,authenticated has no reviewed UPDATE grant,supabase/tests/17_actor_action_resource_matrix.sql#RLS-T04-BATCH-LEADER,Direct database decision; role labels never come from user metadata
RLS-T04-BATCH-LEADER,batch_leader,synthetic_batch_leader_assignment,public.batch_leader_assignments,DELETE,synthetic_resource_row,SELF_OR_POLICY_SCOPE,AUTHORIZED_OR_OTHER,AUTHORIZED_OR_OTHER,ACTIVE_OR_BOUNDARY,DENY,authenticated has no DELETE grant,supabase/tests/17_actor_action_resource_matrix.sql#RLS-T04-BATCH-LEADER,Direct database decision; role labels never come from user metadata
RLS-T04-BATCH-LEADER,admin,synthetic_admin,public.batch_leader_assignments,READ,synthetic_resource_row,SELF_OR_POLICY_SCOPE,AUTHORIZED_OR_OTHER,AUTHORIZED_OR_OTHER,ACTIVE_OR_BOUNDARY,ALLOW,authoritative active ADMIN role,supabase/tests/17_actor_action_resource_matrix.sql#RLS-T04-BATCH-LEADER,Direct database decision; role labels never come from user metadata
RLS-T04-BATCH-LEADER,admin,synthetic_admin,public.batch_leader_assignments,CREATE,synthetic_resource_row,SELF_OR_POLICY_SCOPE,AUTHORIZED_OR_OTHER,AUTHORIZED_OR_OTHER,ACTIVE_OR_BOUNDARY,DENY,authenticated has no INSERT grant,supabase/tests/17_actor_action_resource_matrix.sql#RLS-T04-BATCH-LEADER,Direct database decision; role labels never come from user metadata
RLS-T04-BATCH-LEADER,admin,synthetic_admin,public.batch_leader_assignments,UPDATE,synthetic_resource_row,SELF_OR_POLICY_SCOPE,AUTHORIZED_OR_OTHER,AUTHORIZED_OR_OTHER,ACTIVE_OR_BOUNDARY,DENY,authenticated has no reviewed UPDATE grant,supabase/tests/17_actor_action_resource_matrix.sql#RLS-T04-BATCH-LEADER,Direct database decision; role labels never come from user metadata
RLS-T04-BATCH-LEADER,admin,synthetic_admin,public.batch_leader_assignments,DELETE,synthetic_resource_row,SELF_OR_POLICY_SCOPE,AUTHORIZED_OR_OTHER,AUTHORIZED_OR_OTHER,ACTIVE_OR_BOUNDARY,DENY,authenticated has no DELETE grant,supabase/tests/17_actor_action_resource_matrix.sql#RLS-T04-BATCH-LEADER,Direct database decision; role labels never come from user metadata
RLS-T04-SERVER-ONLY,worker,trusted_worker_runtime,public.batch_leader_assignments,READ,synthetic_resource_row,SELF_OR_POLICY_SCOPE,AUTHORIZED_OR_OTHER,AUTHORIZED_OR_OTHER,ACTIVE_OR_BOUNDARY,SERVER_ONLY,trusted runtime with server-held credential and explicit object privilege,supabase/tests/17_actor_action_resource_matrix.sql#RLS-T04-SERVER-ONLY,Direct database decision; role labels never come from user metadata
RLS-T04-SERVER-ONLY,worker,trusted_worker_runtime,public.batch_leader_assignments,CREATE,synthetic_resource_row,SELF_OR_POLICY_SCOPE,AUTHORIZED_OR_OTHER,AUTHORIZED_OR_OTHER,ACTIVE_OR_BOUNDARY,SERVER_ONLY,trusted runtime with server-held credential and explicit object privilege,supabase/tests/17_actor_action_resource_matrix.sql#RLS-T04-SERVER-ONLY,Direct database decision; role labels never come from user metadata
RLS-T04-SERVER-ONLY,worker,trusted_worker_runtime,public.batch_leader_assignments,UPDATE,synthetic_resource_row,SELF_OR_POLICY_SCOPE,AUTHORIZED_OR_OTHER,AUTHORIZED_OR_OTHER,ACTIVE_OR_BOUNDARY,SERVER_ONLY,trusted runtime with server-held credential and explicit object privilege,supabase/tests/17_actor_action_resource_matrix.sql#RLS-T04-SERVER-ONLY,Direct database decision; role labels never come from user metadata
RLS-T04-SERVER-ONLY,worker,trusted_worker_runtime,public.batch_leader_assignments,DELETE,synthetic_resource_row,SELF_OR_POLICY_SCOPE,AUTHORIZED_OR_OTHER,AUTHORIZED_OR_OTHER,ACTIVE_OR_BOUNDARY,SERVER_ONLY,trusted runtime with server-held credential and explicit object privilege,supabase/tests/17_actor_action_resource_matrix.sql#RLS-T04-SERVER-ONLY,Direct database decision; role labels never come from user metadata
RLS-T04-SERVER-ONLY,service_role,trusted_service_runtime,public.batch_leader_assignments,READ,synthetic_resource_row,SELF_OR_POLICY_SCOPE,AUTHORIZED_OR_OTHER,AUTHORIZED_OR_OTHER,ACTIVE_OR_BOUNDARY,SERVER_ONLY,trusted runtime with server-held credential and explicit object privilege,supabase/tests/17_actor_action_resource_matrix.sql#RLS-T04-SERVER-ONLY,Direct database decision; role labels never come from user metadata
RLS-T04-SERVER-ONLY,service_role,trusted_service_runtime,public.batch_leader_assignments,CREATE,synthetic_resource_row,SELF_OR_POLICY_SCOPE,AUTHORIZED_OR_OTHER,AUTHORIZED_OR_OTHER,ACTIVE_OR_BOUNDARY,SERVER_ONLY,trusted runtime with server-held credential and explicit object privilege,supabase/tests/17_actor_action_resource_matrix.sql#RLS-T04-SERVER-ONLY,Direct database decision; role labels never come from user metadata
RLS-T04-SERVER-ONLY,service_role,trusted_service_runtime,public.batch_leader_assignments,UPDATE,synthetic_resource_row,SELF_OR_POLICY_SCOPE,AUTHORIZED_OR_OTHER,AUTHORIZED_OR_OTHER,ACTIVE_OR_BOUNDARY,SERVER_ONLY,trusted runtime with server-held credential and explicit object privilege,supabase/tests/17_actor_action_resource_matrix.sql#RLS-T04-SERVER-ONLY,Direct database decision; role labels never come from user metadata
RLS-T04-SERVER-ONLY,service_role,trusted_service_runtime,public.batch_leader_assignments,DELETE,synthetic_resource_row,SELF_OR_POLICY_SCOPE,AUTHORIZED_OR_OTHER,AUTHORIZED_OR_OTHER,ACTIVE_OR_BOUNDARY,SERVER_ONLY,trusted runtime with server-held credential and explicit object privilege,supabase/tests/17_actor_action_resource_matrix.sql#RLS-T04-SERVER-ONLY,Direct database decision; role labels never come from user metadata
RLS-T04-ANON-DENY,anon,anonymous_session,public.campaign_curriculum_units,READ,synthetic_resource_row,SELF_OR_POLICY_SCOPE,AUTHORIZED_OR_OTHER,AUTHORIZED_OR_OTHER,ACTIVE_OR_BOUNDARY,DENY,anon has no table grants,supabase/tests/17_actor_action_resource_matrix.sql#RLS-T04-ANON-DENY,Direct database decision; role labels never come from user metadata
RLS-T04-ANON-DENY,anon,anonymous_session,public.campaign_curriculum_units,CREATE,synthetic_resource_row,SELF_OR_POLICY_SCOPE,AUTHORIZED_OR_OTHER,AUTHORIZED_OR_OTHER,ACTIVE_OR_BOUNDARY,DENY,anon has no table grants,supabase/tests/17_actor_action_resource_matrix.sql#RLS-T04-ANON-DENY,Direct database decision; role labels never come from user metadata
RLS-T04-ANON-DENY,anon,anonymous_session,public.campaign_curriculum_units,UPDATE,synthetic_resource_row,SELF_OR_POLICY_SCOPE,AUTHORIZED_OR_OTHER,AUTHORIZED_OR_OTHER,ACTIVE_OR_BOUNDARY,DENY,anon has no table grants,supabase/tests/17_actor_action_resource_matrix.sql#RLS-T04-ANON-DENY,Direct database decision; role labels never come from user metadata
RLS-T04-ANON-DENY,anon,anonymous_session,public.campaign_curriculum_units,DELETE,synthetic_resource_row,SELF_OR_POLICY_SCOPE,AUTHORIZED_OR_OTHER,AUTHORIZED_OR_OTHER,ACTIVE_OR_BOUNDARY,DENY,anon has no table grants,supabase/tests/17_actor_action_resource_matrix.sql#RLS-T04-ANON-DENY,Direct database decision; role labels never come from user metadata
RLS-T04-BATCH-LEADER,student,synthetic_student_a,public.campaign_curriculum_units,READ,synthetic_resource_row,SELF_OR_POLICY_SCOPE,AUTHORIZED_OR_OTHER,AUTHORIZED_OR_OTHER,ACTIVE_OR_BOUNDARY,DENY,student has no active campaign assignment,supabase/tests/17_actor_action_resource_matrix.sql#RLS-T04-BATCH-LEADER,Direct database decision; role labels never come from user metadata
RLS-T04-BATCH-LEADER,student,synthetic_student_a,public.campaign_curriculum_units,CREATE,synthetic_resource_row,SELF_OR_POLICY_SCOPE,AUTHORIZED_OR_OTHER,AUTHORIZED_OR_OTHER,ACTIVE_OR_BOUNDARY,DENY,authenticated has no INSERT grant,supabase/tests/17_actor_action_resource_matrix.sql#RLS-T04-BATCH-LEADER,Direct database decision; role labels never come from user metadata
RLS-T04-BATCH-LEADER,student,synthetic_student_a,public.campaign_curriculum_units,UPDATE,synthetic_resource_row,SELF_OR_POLICY_SCOPE,AUTHORIZED_OR_OTHER,AUTHORIZED_OR_OTHER,ACTIVE_OR_BOUNDARY,DENY,authenticated has no reviewed UPDATE grant,supabase/tests/17_actor_action_resource_matrix.sql#RLS-T04-BATCH-LEADER,Direct database decision; role labels never come from user metadata
RLS-T04-BATCH-LEADER,student,synthetic_student_a,public.campaign_curriculum_units,DELETE,synthetic_resource_row,SELF_OR_POLICY_SCOPE,AUTHORIZED_OR_OTHER,AUTHORIZED_OR_OTHER,ACTIVE_OR_BOUNDARY,DENY,authenticated has no DELETE grant,supabase/tests/17_actor_action_resource_matrix.sql#RLS-T04-BATCH-LEADER,Direct database decision; role labels never come from user metadata
RLS-T04-BATCH-LEADER,batch_leader,synthetic_batch_leader_assignment,public.campaign_curriculum_units,READ,synthetic_resource_row,SELF_OR_POLICY_SCOPE,AUTHORIZED_OR_OTHER,AUTHORIZED_OR_OTHER,ACTIVE_OR_BOUNDARY,ALLOW,active unexpired DB campaign assignment,supabase/tests/17_actor_action_resource_matrix.sql#RLS-T04-BATCH-LEADER,Direct database decision; role labels never come from user metadata
RLS-T04-BATCH-LEADER,batch_leader,synthetic_batch_leader_assignment,public.campaign_curriculum_units,CREATE,synthetic_resource_row,SELF_OR_POLICY_SCOPE,AUTHORIZED_OR_OTHER,AUTHORIZED_OR_OTHER,ACTIVE_OR_BOUNDARY,DENY,authenticated has no INSERT grant,supabase/tests/17_actor_action_resource_matrix.sql#RLS-T04-BATCH-LEADER,Direct database decision; role labels never come from user metadata
RLS-T04-BATCH-LEADER,batch_leader,synthetic_batch_leader_assignment,public.campaign_curriculum_units,UPDATE,synthetic_resource_row,SELF_OR_POLICY_SCOPE,AUTHORIZED_OR_OTHER,AUTHORIZED_OR_OTHER,ACTIVE_OR_BOUNDARY,DENY,authenticated has no reviewed UPDATE grant,supabase/tests/17_actor_action_resource_matrix.sql#RLS-T04-BATCH-LEADER,Direct database decision; role labels never come from user metadata
RLS-T04-BATCH-LEADER,batch_leader,synthetic_batch_leader_assignment,public.campaign_curriculum_units,DELETE,synthetic_resource_row,SELF_OR_POLICY_SCOPE,AUTHORIZED_OR_OTHER,AUTHORIZED_OR_OTHER,ACTIVE_OR_BOUNDARY,DENY,authenticated has no DELETE grant,supabase/tests/17_actor_action_resource_matrix.sql#RLS-T04-BATCH-LEADER,Direct database decision; role labels never come from user metadata
RLS-T04-BATCH-LEADER,admin,synthetic_admin,public.campaign_curriculum_units,READ,synthetic_resource_row,SELF_OR_POLICY_SCOPE,AUTHORIZED_OR_OTHER,AUTHORIZED_OR_OTHER,ACTIVE_OR_BOUNDARY,ALLOW,authoritative active ADMIN role,supabase/tests/17_actor_action_resource_matrix.sql#RLS-T04-BATCH-LEADER,Direct database decision; role labels never come from user metadata
RLS-T04-BATCH-LEADER,admin,synthetic_admin,public.campaign_curriculum_units,CREATE,synthetic_resource_row,SELF_OR_POLICY_SCOPE,AUTHORIZED_OR_OTHER,AUTHORIZED_OR_OTHER,ACTIVE_OR_BOUNDARY,DENY,authenticated has no INSERT grant,supabase/tests/17_actor_action_resource_matrix.sql#RLS-T04-BATCH-LEADER,Direct database decision; role labels never come from user metadata
RLS-T04-BATCH-LEADER,admin,synthetic_admin,public.campaign_curriculum_units,UPDATE,synthetic_resource_row,SELF_OR_POLICY_SCOPE,AUTHORIZED_OR_OTHER,AUTHORIZED_OR_OTHER,ACTIVE_OR_BOUNDARY,DENY,authenticated has no reviewed UPDATE grant,supabase/tests/17_actor_action_resource_matrix.sql#RLS-T04-BATCH-LEADER,Direct database decision; role labels never come from user metadata
RLS-T04-BATCH-LEADER,admin,synthetic_admin,public.campaign_curriculum_units,DELETE,synthetic_resource_row,SELF_OR_POLICY_SCOPE,AUTHORIZED_OR_OTHER,AUTHORIZED_OR_OTHER,ACTIVE_OR_BOUNDARY,DENY,authenticated has no DELETE grant,supabase/tests/17_actor_action_resource_matrix.sql#RLS-T04-BATCH-LEADER,Direct database decision; role labels never come from user metadata
RLS-T04-SERVER-ONLY,worker,trusted_worker_runtime,public.campaign_curriculum_units,READ,synthetic_resource_row,SELF_OR_POLICY_SCOPE,AUTHORIZED_OR_OTHER,AUTHORIZED_OR_OTHER,ACTIVE_OR_BOUNDARY,SERVER_ONLY,trusted runtime with server-held credential and explicit object privilege,supabase/tests/17_actor_action_resource_matrix.sql#RLS-T04-SERVER-ONLY,Direct database decision; role labels never come from user metadata
RLS-T04-SERVER-ONLY,worker,trusted_worker_runtime,public.campaign_curriculum_units,CREATE,synthetic_resource_row,SELF_OR_POLICY_SCOPE,AUTHORIZED_OR_OTHER,AUTHORIZED_OR_OTHER,ACTIVE_OR_BOUNDARY,SERVER_ONLY,trusted runtime with server-held credential and explicit object privilege,supabase/tests/17_actor_action_resource_matrix.sql#RLS-T04-SERVER-ONLY,Direct database decision; role labels never come from user metadata
RLS-T04-SERVER-ONLY,worker,trusted_worker_runtime,public.campaign_curriculum_units,UPDATE,synthetic_resource_row,SELF_OR_POLICY_SCOPE,AUTHORIZED_OR_OTHER,AUTHORIZED_OR_OTHER,ACTIVE_OR_BOUNDARY,SERVER_ONLY,trusted runtime with server-held credential and explicit object privilege,supabase/tests/17_actor_action_resource_matrix.sql#RLS-T04-SERVER-ONLY,Direct database decision; role labels never come from user metadata
RLS-T04-SERVER-ONLY,worker,trusted_worker_runtime,public.campaign_curriculum_units,DELETE,synthetic_resource_row,SELF_OR_POLICY_SCOPE,AUTHORIZED_OR_OTHER,AUTHORIZED_OR_OTHER,ACTIVE_OR_BOUNDARY,SERVER_ONLY,trusted runtime with server-held credential and explicit object privilege,supabase/tests/17_actor_action_resource_matrix.sql#RLS-T04-SERVER-ONLY,Direct database decision; role labels never come from user metadata
RLS-T04-SERVER-ONLY,service_role,trusted_service_runtime,public.campaign_curriculum_units,READ,synthetic_resource_row,SELF_OR_POLICY_SCOPE,AUTHORIZED_OR_OTHER,AUTHORIZED_OR_OTHER,ACTIVE_OR_BOUNDARY,SERVER_ONLY,trusted runtime with server-held credential and explicit object privilege,supabase/tests/17_actor_action_resource_matrix.sql#RLS-T04-SERVER-ONLY,Direct database decision; role labels never come from user metadata
RLS-T04-SERVER-ONLY,service_role,trusted_service_runtime,public.campaign_curriculum_units,CREATE,synthetic_resource_row,SELF_OR_POLICY_SCOPE,AUTHORIZED_OR_OTHER,AUTHORIZED_OR_OTHER,ACTIVE_OR_BOUNDARY,SERVER_ONLY,trusted runtime with server-held credential and explicit object privilege,supabase/tests/17_actor_action_resource_matrix.sql#RLS-T04-SERVER-ONLY,Direct database decision; role labels never come from user metadata
RLS-T04-SERVER-ONLY,service_role,trusted_service_runtime,public.campaign_curriculum_units,UPDATE,synthetic_resource_row,SELF_OR_POLICY_SCOPE,AUTHORIZED_OR_OTHER,AUTHORIZED_OR_OTHER,ACTIVE_OR_BOUNDARY,SERVER_ONLY,trusted runtime with server-held credential and explicit object privilege,supabase/tests/17_actor_action_resource_matrix.sql#RLS-T04-SERVER-ONLY,Direct database decision; role labels never come from user metadata
RLS-T04-SERVER-ONLY,service_role,trusted_service_runtime,public.campaign_curriculum_units,DELETE,synthetic_resource_row,SELF_OR_POLICY_SCOPE,AUTHORIZED_OR_OTHER,AUTHORIZED_OR_OTHER,ACTIVE_OR_BOUNDARY,SERVER_ONLY,trusted runtime with server-held credential and explicit object privilege,supabase/tests/17_actor_action_resource_matrix.sql#RLS-T04-SERVER-ONLY,Direct database decision; role labels never come from user metadata
RLS-T04-ANON-DENY,anon,anonymous_session,public.chat_answers,READ,synthetic_resource_row,SELF_OR_POLICY_SCOPE,AUTHORIZED_OR_OTHER,AUTHORIZED_OR_OTHER,ACTIVE_OR_BOUNDARY,DENY,anon has no table grants,supabase/tests/17_actor_action_resource_matrix.sql#RLS-T04-ANON-DENY,Direct database decision; role labels never come from user metadata
RLS-T04-ANON-DENY,anon,anonymous_session,public.chat_answers,CREATE,synthetic_resource_row,SELF_OR_POLICY_SCOPE,AUTHORIZED_OR_OTHER,AUTHORIZED_OR_OTHER,ACTIVE_OR_BOUNDARY,DENY,anon has no table grants,supabase/tests/17_actor_action_resource_matrix.sql#RLS-T04-ANON-DENY,Direct database decision; role labels never come from user metadata
RLS-T04-ANON-DENY,anon,anonymous_session,public.chat_answers,UPDATE,synthetic_resource_row,SELF_OR_POLICY_SCOPE,AUTHORIZED_OR_OTHER,AUTHORIZED_OR_OTHER,ACTIVE_OR_BOUNDARY,DENY,anon has no table grants,supabase/tests/17_actor_action_resource_matrix.sql#RLS-T04-ANON-DENY,Direct database decision; role labels never come from user metadata
RLS-T04-ANON-DENY,anon,anonymous_session,public.chat_answers,DELETE,synthetic_resource_row,SELF_OR_POLICY_SCOPE,AUTHORIZED_OR_OTHER,AUTHORIZED_OR_OTHER,ACTIVE_OR_BOUNDARY,DENY,anon has no table grants,supabase/tests/17_actor_action_resource_matrix.sql#RLS-T04-ANON-DENY,Direct database decision; role labels never come from user metadata
RLS-T04-CROSS-USER,student,synthetic_student_a,public.chat_answers,READ,synthetic_resource_row,SELF_OR_POLICY_SCOPE,AUTHORIZED_OR_OTHER,AUTHORIZED_OR_OTHER,ACTIVE_OR_BOUNDARY,ALLOW,own parent chain resolves to auth.uid(),supabase/tests/17_actor_action_resource_matrix.sql#RLS-T04-CROSS-USER,Direct database decision; role labels never come from user metadata
RLS-T04-CROSS-USER,student,synthetic_student_a,public.chat_answers,CREATE,synthetic_resource_row,SELF_OR_POLICY_SCOPE,AUTHORIZED_OR_OTHER,AUTHORIZED_OR_OTHER,ACTIVE_OR_BOUNDARY,DENY,authenticated has no INSERT grant,supabase/tests/17_actor_action_resource_matrix.sql#RLS-T04-CROSS-USER,Direct database decision; role labels never come from user metadata
RLS-T04-CROSS-USER,student,synthetic_student_a,public.chat_answers,UPDATE,synthetic_resource_row,SELF_OR_POLICY_SCOPE,AUTHORIZED_OR_OTHER,AUTHORIZED_OR_OTHER,ACTIVE_OR_BOUNDARY,DENY,authenticated has no reviewed UPDATE grant,supabase/tests/17_actor_action_resource_matrix.sql#RLS-T04-CROSS-USER,Direct database decision; role labels never come from user metadata
RLS-T04-CROSS-USER,student,synthetic_student_a,public.chat_answers,DELETE,synthetic_resource_row,SELF_OR_POLICY_SCOPE,AUTHORIZED_OR_OTHER,AUTHORIZED_OR_OTHER,ACTIVE_OR_BOUNDARY,DENY,authenticated has no DELETE grant,supabase/tests/17_actor_action_resource_matrix.sql#RLS-T04-CROSS-USER,Direct database decision; role labels never come from user metadata
RLS-T04-CROSS-USER,batch_leader,synthetic_batch_leader_assignment,public.chat_answers,READ,synthetic_resource_row,SELF_OR_POLICY_SCOPE,AUTHORIZED_OR_OTHER,AUTHORIZED_OR_OTHER,ACTIVE_OR_BOUNDARY,ALLOW,own parent chain resolves to auth.uid(),supabase/tests/17_actor_action_resource_matrix.sql#RLS-T04-CROSS-USER,Direct database decision; role labels never come from user metadata
RLS-T04-CROSS-USER,batch_leader,synthetic_batch_leader_assignment,public.chat_answers,CREATE,synthetic_resource_row,SELF_OR_POLICY_SCOPE,AUTHORIZED_OR_OTHER,AUTHORIZED_OR_OTHER,ACTIVE_OR_BOUNDARY,DENY,authenticated has no INSERT grant,supabase/tests/17_actor_action_resource_matrix.sql#RLS-T04-CROSS-USER,Direct database decision; role labels never come from user metadata
RLS-T04-CROSS-USER,batch_leader,synthetic_batch_leader_assignment,public.chat_answers,UPDATE,synthetic_resource_row,SELF_OR_POLICY_SCOPE,AUTHORIZED_OR_OTHER,AUTHORIZED_OR_OTHER,ACTIVE_OR_BOUNDARY,DENY,authenticated has no reviewed UPDATE grant,supabase/tests/17_actor_action_resource_matrix.sql#RLS-T04-CROSS-USER,Direct database decision; role labels never come from user metadata
RLS-T04-CROSS-USER,batch_leader,synthetic_batch_leader_assignment,public.chat_answers,DELETE,synthetic_resource_row,SELF_OR_POLICY_SCOPE,AUTHORIZED_OR_OTHER,AUTHORIZED_OR_OTHER,ACTIVE_OR_BOUNDARY,DENY,authenticated has no DELETE grant,supabase/tests/17_actor_action_resource_matrix.sql#RLS-T04-CROSS-USER,Direct database decision; role labels never come from user metadata
RLS-T04-CROSS-USER,admin,synthetic_admin,public.chat_answers,READ,synthetic_resource_row,SELF_OR_POLICY_SCOPE,AUTHORIZED_OR_OTHER,AUTHORIZED_OR_OTHER,ACTIVE_OR_BOUNDARY,ALLOW,own parent chain resolves to auth.uid(),supabase/tests/17_actor_action_resource_matrix.sql#RLS-T04-CROSS-USER,Direct database decision; role labels never come from user metadata
RLS-T04-CROSS-USER,admin,synthetic_admin,public.chat_answers,CREATE,synthetic_resource_row,SELF_OR_POLICY_SCOPE,AUTHORIZED_OR_OTHER,AUTHORIZED_OR_OTHER,ACTIVE_OR_BOUNDARY,DENY,authenticated has no INSERT grant,supabase/tests/17_actor_action_resource_matrix.sql#RLS-T04-CROSS-USER,Direct database decision; role labels never come from user metadata
RLS-T04-CROSS-USER,admin,synthetic_admin,public.chat_answers,UPDATE,synthetic_resource_row,SELF_OR_POLICY_SCOPE,AUTHORIZED_OR_OTHER,AUTHORIZED_OR_OTHER,ACTIVE_OR_BOUNDARY,DENY,authenticated has no reviewed UPDATE grant,supabase/tests/17_actor_action_resource_matrix.sql#RLS-T04-CROSS-USER,Direct database decision; role labels never come from user metadata
RLS-T04-CROSS-USER,admin,synthetic_admin,public.chat_answers,DELETE,synthetic_resource_row,SELF_OR_POLICY_SCOPE,AUTHORIZED_OR_OTHER,AUTHORIZED_OR_OTHER,ACTIVE_OR_BOUNDARY,DENY,authenticated has no DELETE grant,supabase/tests/17_actor_action_resource_matrix.sql#RLS-T04-CROSS-USER,Direct database decision; role labels never come from user metadata
RLS-T04-SERVER-ONLY,worker,trusted_worker_runtime,public.chat_answers,READ,synthetic_resource_row,SELF_OR_POLICY_SCOPE,AUTHORIZED_OR_OTHER,AUTHORIZED_OR_OTHER,ACTIVE_OR_BOUNDARY,SERVER_ONLY,trusted runtime with server-held credential and explicit object privilege,supabase/tests/17_actor_action_resource_matrix.sql#RLS-T04-SERVER-ONLY,Direct database decision; role labels never come from user metadata
RLS-T04-SERVER-ONLY,worker,trusted_worker_runtime,public.chat_answers,CREATE,synthetic_resource_row,SELF_OR_POLICY_SCOPE,AUTHORIZED_OR_OTHER,AUTHORIZED_OR_OTHER,ACTIVE_OR_BOUNDARY,SERVER_ONLY,trusted runtime with server-held credential and explicit object privilege,supabase/tests/17_actor_action_resource_matrix.sql#RLS-T04-SERVER-ONLY,Direct database decision; role labels never come from user metadata
RLS-T04-SERVER-ONLY,worker,trusted_worker_runtime,public.chat_answers,UPDATE,synthetic_resource_row,SELF_OR_POLICY_SCOPE,AUTHORIZED_OR_OTHER,AUTHORIZED_OR_OTHER,ACTIVE_OR_BOUNDARY,SERVER_ONLY,trusted runtime with server-held credential and explicit object privilege,supabase/tests/17_actor_action_resource_matrix.sql#RLS-T04-SERVER-ONLY,Direct database decision; role labels never come from user metadata
RLS-T04-SERVER-ONLY,worker,trusted_worker_runtime,public.chat_answers,DELETE,synthetic_resource_row,SELF_OR_POLICY_SCOPE,AUTHORIZED_OR_OTHER,AUTHORIZED_OR_OTHER,ACTIVE_OR_BOUNDARY,SERVER_ONLY,trusted runtime with server-held credential and explicit object privilege,supabase/tests/17_actor_action_resource_matrix.sql#RLS-T04-SERVER-ONLY,Direct database decision; role labels never come from user metadata
RLS-T04-SERVER-ONLY,service_role,trusted_service_runtime,public.chat_answers,READ,synthetic_resource_row,SELF_OR_POLICY_SCOPE,AUTHORIZED_OR_OTHER,AUTHORIZED_OR_OTHER,ACTIVE_OR_BOUNDARY,SERVER_ONLY,trusted runtime with server-held credential and explicit object privilege,supabase/tests/17_actor_action_resource_matrix.sql#RLS-T04-SERVER-ONLY,Direct database decision; role labels never come from user metadata
RLS-T04-SERVER-ONLY,service_role,trusted_service_runtime,public.chat_answers,CREATE,synthetic_resource_row,SELF_OR_POLICY_SCOPE,AUTHORIZED_OR_OTHER,AUTHORIZED_OR_OTHER,ACTIVE_OR_BOUNDARY,SERVER_ONLY,trusted runtime with server-held credential and explicit object privilege,supabase/tests/17_actor_action_resource_matrix.sql#RLS-T04-SERVER-ONLY,Direct database decision; role labels never come from user metadata
RLS-T04-SERVER-ONLY,service_role,trusted_service_runtime,public.chat_answers,UPDATE,synthetic_resource_row,SELF_OR_POLICY_SCOPE,AUTHORIZED_OR_OTHER,AUTHORIZED_OR_OTHER,ACTIVE_OR_BOUNDARY,SERVER_ONLY,trusted runtime with server-held credential and explicit object privilege,supabase/tests/17_actor_action_resource_matrix.sql#RLS-T04-SERVER-ONLY,Direct database decision; role labels never come from user metadata
RLS-T04-SERVER-ONLY,service_role,trusted_service_runtime,public.chat_answers,DELETE,synthetic_resource_row,SELF_OR_POLICY_SCOPE,AUTHORIZED_OR_OTHER,AUTHORIZED_OR_OTHER,ACTIVE_OR_BOUNDARY,SERVER_ONLY,trusted runtime with server-held credential and explicit object privilege,supabase/tests/17_actor_action_resource_matrix.sql#RLS-T04-SERVER-ONLY,Direct database decision; role labels never come from user metadata
RLS-T04-ANON-DENY,anon,anonymous_session,public.chat_messages,READ,synthetic_resource_row,SELF_OR_POLICY_SCOPE,AUTHORIZED_OR_OTHER,AUTHORIZED_OR_OTHER,ACTIVE_OR_BOUNDARY,DENY,anon has no table grants,supabase/tests/17_actor_action_resource_matrix.sql#RLS-T04-ANON-DENY,Direct database decision; role labels never come from user metadata
RLS-T04-ANON-DENY,anon,anonymous_session,public.chat_messages,CREATE,synthetic_resource_row,SELF_OR_POLICY_SCOPE,AUTHORIZED_OR_OTHER,AUTHORIZED_OR_OTHER,ACTIVE_OR_BOUNDARY,DENY,anon has no table grants,supabase/tests/17_actor_action_resource_matrix.sql#RLS-T04-ANON-DENY,Direct database decision; role labels never come from user metadata
RLS-T04-ANON-DENY,anon,anonymous_session,public.chat_messages,UPDATE,synthetic_resource_row,SELF_OR_POLICY_SCOPE,AUTHORIZED_OR_OTHER,AUTHORIZED_OR_OTHER,ACTIVE_OR_BOUNDARY,DENY,anon has no table grants,supabase/tests/17_actor_action_resource_matrix.sql#RLS-T04-ANON-DENY,Direct database decision; role labels never come from user metadata
RLS-T04-ANON-DENY,anon,anonymous_session,public.chat_messages,DELETE,synthetic_resource_row,SELF_OR_POLICY_SCOPE,AUTHORIZED_OR_OTHER,AUTHORIZED_OR_OTHER,ACTIVE_OR_BOUNDARY,DENY,anon has no table grants,supabase/tests/17_actor_action_resource_matrix.sql#RLS-T04-ANON-DENY,Direct database decision; role labels never come from user metadata
RLS-T04-CROSS-USER,student,synthetic_student_a,public.chat_messages,READ,synthetic_resource_row,SELF_OR_POLICY_SCOPE,AUTHORIZED_OR_OTHER,AUTHORIZED_OR_OTHER,ACTIVE_OR_BOUNDARY,ALLOW,own parent chain resolves to auth.uid(),supabase/tests/17_actor_action_resource_matrix.sql#RLS-T04-CROSS-USER,Direct database decision; role labels never come from user metadata
RLS-T04-CROSS-USER,student,synthetic_student_a,public.chat_messages,CREATE,synthetic_resource_row,SELF_OR_POLICY_SCOPE,AUTHORIZED_OR_OTHER,AUTHORIZED_OR_OTHER,ACTIVE_OR_BOUNDARY,ALLOW,new row ownership chain resolves to auth.uid() and required state,supabase/tests/17_actor_action_resource_matrix.sql#RLS-T04-CROSS-USER,Direct database decision; role labels never come from user metadata
RLS-T04-CROSS-USER,student,synthetic_student_a,public.chat_messages,UPDATE,synthetic_resource_row,SELF_OR_POLICY_SCOPE,AUTHORIZED_OR_OTHER,AUTHORIZED_OR_OTHER,ACTIVE_OR_BOUNDARY,DENY,authenticated has no reviewed UPDATE grant,supabase/tests/17_actor_action_resource_matrix.sql#RLS-T04-CROSS-USER,Direct database decision; role labels never come from user metadata
RLS-T04-CROSS-USER,student,synthetic_student_a,public.chat_messages,DELETE,synthetic_resource_row,SELF_OR_POLICY_SCOPE,AUTHORIZED_OR_OTHER,AUTHORIZED_OR_OTHER,ACTIVE_OR_BOUNDARY,DENY,authenticated has no DELETE grant,supabase/tests/17_actor_action_resource_matrix.sql#RLS-T04-CROSS-USER,Direct database decision; role labels never come from user metadata
RLS-T04-CROSS-USER,batch_leader,synthetic_batch_leader_assignment,public.chat_messages,READ,synthetic_resource_row,SELF_OR_POLICY_SCOPE,AUTHORIZED_OR_OTHER,AUTHORIZED_OR_OTHER,ACTIVE_OR_BOUNDARY,ALLOW,own parent chain resolves to auth.uid(),supabase/tests/17_actor_action_resource_matrix.sql#RLS-T04-CROSS-USER,Direct database decision; role labels never come from user metadata
RLS-T04-CROSS-USER,batch_leader,synthetic_batch_leader_assignment,public.chat_messages,CREATE,synthetic_resource_row,SELF_OR_POLICY_SCOPE,AUTHORIZED_OR_OTHER,AUTHORIZED_OR_OTHER,ACTIVE_OR_BOUNDARY,ALLOW,new row ownership chain resolves to auth.uid() and required state,supabase/tests/17_actor_action_resource_matrix.sql#RLS-T04-CROSS-USER,Direct database decision; role labels never come from user metadata
RLS-T04-CROSS-USER,batch_leader,synthetic_batch_leader_assignment,public.chat_messages,UPDATE,synthetic_resource_row,SELF_OR_POLICY_SCOPE,AUTHORIZED_OR_OTHER,AUTHORIZED_OR_OTHER,ACTIVE_OR_BOUNDARY,DENY,authenticated has no reviewed UPDATE grant,supabase/tests/17_actor_action_resource_matrix.sql#RLS-T04-CROSS-USER,Direct database decision; role labels never come from user metadata
RLS-T04-CROSS-USER,batch_leader,synthetic_batch_leader_assignment,public.chat_messages,DELETE,synthetic_resource_row,SELF_OR_POLICY_SCOPE,AUTHORIZED_OR_OTHER,AUTHORIZED_OR_OTHER,ACTIVE_OR_BOUNDARY,DENY,authenticated has no DELETE grant,supabase/tests/17_actor_action_resource_matrix.sql#RLS-T04-CROSS-USER,Direct database decision; role labels never come from user metadata
RLS-T04-CROSS-USER,admin,synthetic_admin,public.chat_messages,READ,synthetic_resource_row,SELF_OR_POLICY_SCOPE,AUTHORIZED_OR_OTHER,AUTHORIZED_OR_OTHER,ACTIVE_OR_BOUNDARY,ALLOW,own parent chain resolves to auth.uid(),supabase/tests/17_actor_action_resource_matrix.sql#RLS-T04-CROSS-USER,Direct database decision; role labels never come from user metadata
RLS-T04-CROSS-USER,admin,synthetic_admin,public.chat_messages,CREATE,synthetic_resource_row,SELF_OR_POLICY_SCOPE,AUTHORIZED_OR_OTHER,AUTHORIZED_OR_OTHER,ACTIVE_OR_BOUNDARY,ALLOW,new row ownership chain resolves to auth.uid() and required state,supabase/tests/17_actor_action_resource_matrix.sql#RLS-T04-CROSS-USER,Direct database decision; role labels never come from user metadata
RLS-T04-CROSS-USER,admin,synthetic_admin,public.chat_messages,UPDATE,synthetic_resource_row,SELF_OR_POLICY_SCOPE,AUTHORIZED_OR_OTHER,AUTHORIZED_OR_OTHER,ACTIVE_OR_BOUNDARY,DENY,authenticated has no reviewed UPDATE grant,supabase/tests/17_actor_action_resource_matrix.sql#RLS-T04-CROSS-USER,Direct database decision; role labels never come from user metadata
RLS-T04-CROSS-USER,admin,synthetic_admin,public.chat_messages,DELETE,synthetic_resource_row,SELF_OR_POLICY_SCOPE,AUTHORIZED_OR_OTHER,AUTHORIZED_OR_OTHER,ACTIVE_OR_BOUNDARY,DENY,authenticated has no DELETE grant,supabase/tests/17_actor_action_resource_matrix.sql#RLS-T04-CROSS-USER,Direct database decision; role labels never come from user metadata
RLS-T04-SERVER-ONLY,worker,trusted_worker_runtime,public.chat_messages,READ,synthetic_resource_row,SELF_OR_POLICY_SCOPE,AUTHORIZED_OR_OTHER,AUTHORIZED_OR_OTHER,ACTIVE_OR_BOUNDARY,SERVER_ONLY,trusted runtime with server-held credential and explicit object privilege,supabase/tests/17_actor_action_resource_matrix.sql#RLS-T04-SERVER-ONLY,Direct database decision; role labels never come from user metadata
RLS-T04-SERVER-ONLY,worker,trusted_worker_runtime,public.chat_messages,CREATE,synthetic_resource_row,SELF_OR_POLICY_SCOPE,AUTHORIZED_OR_OTHER,AUTHORIZED_OR_OTHER,ACTIVE_OR_BOUNDARY,SERVER_ONLY,trusted runtime with server-held credential and explicit object privilege,supabase/tests/17_actor_action_resource_matrix.sql#RLS-T04-SERVER-ONLY,Direct database decision; role labels never come from user metadata
RLS-T04-SERVER-ONLY,worker,trusted_worker_runtime,public.chat_messages,UPDATE,synthetic_resource_row,SELF_OR_POLICY_SCOPE,AUTHORIZED_OR_OTHER,AUTHORIZED_OR_OTHER,ACTIVE_OR_BOUNDARY,SERVER_ONLY,trusted runtime with server-held credential and explicit object privilege,supabase/tests/17_actor_action_resource_matrix.sql#RLS-T04-SERVER-ONLY,Direct database decision; role labels never come from user metadata
RLS-T04-SERVER-ONLY,worker,trusted_worker_runtime,public.chat_messages,DELETE,synthetic_resource_row,SELF_OR_POLICY_SCOPE,AUTHORIZED_OR_OTHER,AUTHORIZED_OR_OTHER,ACTIVE_OR_BOUNDARY,SERVER_ONLY,trusted runtime with server-held credential and explicit object privilege,supabase/tests/17_actor_action_resource_matrix.sql#RLS-T04-SERVER-ONLY,Direct database decision; role labels never come from user metadata
RLS-T04-SERVER-ONLY,service_role,trusted_service_runtime,public.chat_messages,READ,synthetic_resource_row,SELF_OR_POLICY_SCOPE,AUTHORIZED_OR_OTHER,AUTHORIZED_OR_OTHER,ACTIVE_OR_BOUNDARY,SERVER_ONLY,trusted runtime with server-held credential and explicit object privilege,supabase/tests/17_actor_action_resource_matrix.sql#RLS-T04-SERVER-ONLY,Direct database decision; role labels never come from user metadata
RLS-T04-SERVER-ONLY,service_role,trusted_service_runtime,public.chat_messages,CREATE,synthetic_resource_row,SELF_OR_POLICY_SCOPE,AUTHORIZED_OR_OTHER,AUTHORIZED_OR_OTHER,ACTIVE_OR_BOUNDARY,SERVER_ONLY,trusted runtime with server-held credential and explicit object privilege,supabase/tests/17_actor_action_resource_matrix.sql#RLS-T04-SERVER-ONLY,Direct database decision; role labels never come from user metadata
RLS-T04-SERVER-ONLY,service_role,trusted_service_runtime,public.chat_messages,UPDATE,synthetic_resource_row,SELF_OR_POLICY_SCOPE,AUTHORIZED_OR_OTHER,AUTHORIZED_OR_OTHER,ACTIVE_OR_BOUNDARY,SERVER_ONLY,trusted runtime with server-held credential and explicit object privilege,supabase/tests/17_actor_action_resource_matrix.sql#RLS-T04-SERVER-ONLY,Direct database decision; role labels never come from user metadata
RLS-T04-SERVER-ONLY,service_role,trusted_service_runtime,public.chat_messages,DELETE,synthetic_resource_row,SELF_OR_POLICY_SCOPE,AUTHORIZED_OR_OTHER,AUTHORIZED_OR_OTHER,ACTIVE_OR_BOUNDARY,SERVER_ONLY,trusted runtime with server-held credential and explicit object privilege,supabase/tests/17_actor_action_resource_matrix.sql#RLS-T04-SERVER-ONLY,Direct database decision; role labels never come from user metadata
RLS-T04-ANON-DENY,anon,anonymous_session,public.chat_sessions,READ,synthetic_resource_row,SELF_OR_POLICY_SCOPE,AUTHORIZED_OR_OTHER,AUTHORIZED_OR_OTHER,ACTIVE_OR_BOUNDARY,DENY,anon has no table grants,supabase/tests/17_actor_action_resource_matrix.sql#RLS-T04-ANON-DENY,Direct database decision; role labels never come from user metadata
RLS-T04-ANON-DENY,anon,anonymous_session,public.chat_sessions,CREATE,synthetic_resource_row,SELF_OR_POLICY_SCOPE,AUTHORIZED_OR_OTHER,AUTHORIZED_OR_OTHER,ACTIVE_OR_BOUNDARY,DENY,anon has no table grants,supabase/tests/17_actor_action_resource_matrix.sql#RLS-T04-ANON-DENY,Direct database decision; role labels never come from user metadata
RLS-T04-ANON-DENY,anon,anonymous_session,public.chat_sessions,UPDATE,synthetic_resource_row,SELF_OR_POLICY_SCOPE,AUTHORIZED_OR_OTHER,AUTHORIZED_OR_OTHER,ACTIVE_OR_BOUNDARY,DENY,anon has no table grants,supabase/tests/17_actor_action_resource_matrix.sql#RLS-T04-ANON-DENY,Direct database decision; role labels never come from user metadata
RLS-T04-ANON-DENY,anon,anonymous_session,public.chat_sessions,DELETE,synthetic_resource_row,SELF_OR_POLICY_SCOPE,AUTHORIZED_OR_OTHER,AUTHORIZED_OR_OTHER,ACTIVE_OR_BOUNDARY,DENY,anon has no table grants,supabase/tests/17_actor_action_resource_matrix.sql#RLS-T04-ANON-DENY,Direct database decision; role labels never come from user metadata
RLS-T04-CROSS-USER,student,synthetic_student_a,public.chat_sessions,READ,synthetic_resource_row,SELF_OR_POLICY_SCOPE,AUTHORIZED_OR_OTHER,AUTHORIZED_OR_OTHER,ACTIVE_OR_BOUNDARY,ALLOW,own parent chain resolves to auth.uid(),supabase/tests/17_actor_action_resource_matrix.sql#RLS-T04-CROSS-USER,Direct database decision; role labels never come from user metadata
RLS-T04-CROSS-USER,student,synthetic_student_a,public.chat_sessions,CREATE,synthetic_resource_row,SELF_OR_POLICY_SCOPE,AUTHORIZED_OR_OTHER,AUTHORIZED_OR_OTHER,ACTIVE_OR_BOUNDARY,ALLOW,new row ownership chain resolves to auth.uid() and required state,supabase/tests/17_actor_action_resource_matrix.sql#RLS-T04-CROSS-USER,Direct database decision; role labels never come from user metadata
RLS-T04-CROSS-USER,student,synthetic_student_a,public.chat_sessions,UPDATE,synthetic_resource_row,SELF_OR_POLICY_SCOPE,AUTHORIZED_OR_OTHER,AUTHORIZED_OR_OTHER,ACTIVE_OR_BOUNDARY,DENY,authenticated has no reviewed UPDATE grant,supabase/tests/17_actor_action_resource_matrix.sql#RLS-T04-CROSS-USER,Direct database decision; role labels never come from user metadata
RLS-T04-CROSS-USER,student,synthetic_student_a,public.chat_sessions,DELETE,synthetic_resource_row,SELF_OR_POLICY_SCOPE,AUTHORIZED_OR_OTHER,AUTHORIZED_OR_OTHER,ACTIVE_OR_BOUNDARY,DENY,authenticated has no DELETE grant,supabase/tests/17_actor_action_resource_matrix.sql#RLS-T04-CROSS-USER,Direct database decision; role labels never come from user metadata
RLS-T04-CROSS-USER,batch_leader,synthetic_batch_leader_assignment,public.chat_sessions,READ,synthetic_resource_row,SELF_OR_POLICY_SCOPE,AUTHORIZED_OR_OTHER,AUTHORIZED_OR_OTHER,ACTIVE_OR_BOUNDARY,ALLOW,own parent chain resolves to auth.uid(),supabase/tests/17_actor_action_resource_matrix.sql#RLS-T04-CROSS-USER,Direct database decision; role labels never come from user metadata
RLS-T04-CROSS-USER,batch_leader,synthetic_batch_leader_assignment,public.chat_sessions,CREATE,synthetic_resource_row,SELF_OR_POLICY_SCOPE,AUTHORIZED_OR_OTHER,AUTHORIZED_OR_OTHER,ACTIVE_OR_BOUNDARY,ALLOW,new row ownership chain resolves to auth.uid() and required state,supabase/tests/17_actor_action_resource_matrix.sql#RLS-T04-CROSS-USER,Direct database decision; role labels never come from user metadata
RLS-T04-CROSS-USER,batch_leader,synthetic_batch_leader_assignment,public.chat_sessions,UPDATE,synthetic_resource_row,SELF_OR_POLICY_SCOPE,AUTHORIZED_OR_OTHER,AUTHORIZED_OR_OTHER,ACTIVE_OR_BOUNDARY,DENY,authenticated has no reviewed UPDATE grant,supabase/tests/17_actor_action_resource_matrix.sql#RLS-T04-CROSS-USER,Direct database decision; role labels never come from user metadata
RLS-T04-CROSS-USER,batch_leader,synthetic_batch_leader_assignment,public.chat_sessions,DELETE,synthetic_resource_row,SELF_OR_POLICY_SCOPE,AUTHORIZED_OR_OTHER,AUTHORIZED_OR_OTHER,ACTIVE_OR_BOUNDARY,DENY,authenticated has no DELETE grant,supabase/tests/17_actor_action_resource_matrix.sql#RLS-T04-CROSS-USER,Direct database decision; role labels never come from user metadata
RLS-T04-CROSS-USER,admin,synthetic_admin,public.chat_sessions,READ,synthetic_resource_row,SELF_OR_POLICY_SCOPE,AUTHORIZED_OR_OTHER,AUTHORIZED_OR_OTHER,ACTIVE_OR_BOUNDARY,ALLOW,own parent chain resolves to auth.uid(),supabase/tests/17_actor_action_resource_matrix.sql#RLS-T04-CROSS-USER,Direct database decision; role labels never come from user metadata
RLS-T04-CROSS-USER,admin,synthetic_admin,public.chat_sessions,CREATE,synthetic_resource_row,SELF_OR_POLICY_SCOPE,AUTHORIZED_OR_OTHER,AUTHORIZED_OR_OTHER,ACTIVE_OR_BOUNDARY,ALLOW,new row ownership chain resolves to auth.uid() and required state,supabase/tests/17_actor_action_resource_matrix.sql#RLS-T04-CROSS-USER,Direct database decision; role labels never come from user metadata
RLS-T04-CROSS-USER,admin,synthetic_admin,public.chat_sessions,UPDATE,synthetic_resource_row,SELF_OR_POLICY_SCOPE,AUTHORIZED_OR_OTHER,AUTHORIZED_OR_OTHER,ACTIVE_OR_BOUNDARY,DENY,authenticated has no reviewed UPDATE grant,supabase/tests/17_actor_action_resource_matrix.sql#RLS-T04-CROSS-USER,Direct database decision; role labels never come from user metadata
RLS-T04-CROSS-USER,admin,synthetic_admin,public.chat_sessions,DELETE,synthetic_resource_row,SELF_OR_POLICY_SCOPE,AUTHORIZED_OR_OTHER,AUTHORIZED_OR_OTHER,ACTIVE_OR_BOUNDARY,DENY,authenticated has no DELETE grant,supabase/tests/17_actor_action_resource_matrix.sql#RLS-T04-CROSS-USER,Direct database decision; role labels never come from user metadata
RLS-T04-SERVER-ONLY,worker,trusted_worker_runtime,public.chat_sessions,READ,synthetic_resource_row,SELF_OR_POLICY_SCOPE,AUTHORIZED_OR_OTHER,AUTHORIZED_OR_OTHER,ACTIVE_OR_BOUNDARY,SERVER_ONLY,trusted runtime with server-held credential and explicit object privilege,supabase/tests/17_actor_action_resource_matrix.sql#RLS-T04-SERVER-ONLY,Direct database decision; role labels never come from user metadata
RLS-T04-SERVER-ONLY,worker,trusted_worker_runtime,public.chat_sessions,CREATE,synthetic_resource_row,SELF_OR_POLICY_SCOPE,AUTHORIZED_OR_OTHER,AUTHORIZED_OR_OTHER,ACTIVE_OR_BOUNDARY,SERVER_ONLY,trusted runtime with server-held credential and explicit object privilege,supabase/tests/17_actor_action_resource_matrix.sql#RLS-T04-SERVER-ONLY,Direct database decision; role labels never come from user metadata
RLS-T04-SERVER-ONLY,worker,trusted_worker_runtime,public.chat_sessions,UPDATE,synthetic_resource_row,SELF_OR_POLICY_SCOPE,AUTHORIZED_OR_OTHER,AUTHORIZED_OR_OTHER,ACTIVE_OR_BOUNDARY,SERVER_ONLY,trusted runtime with server-held credential and explicit object privilege,supabase/tests/17_actor_action_resource_matrix.sql#RLS-T04-SERVER-ONLY,Direct database decision; role labels never come from user metadata
RLS-T04-SERVER-ONLY,worker,trusted_worker_runtime,public.chat_sessions,DELETE,synthetic_resource_row,SELF_OR_POLICY_SCOPE,AUTHORIZED_OR_OTHER,AUTHORIZED_OR_OTHER,ACTIVE_OR_BOUNDARY,SERVER_ONLY,trusted runtime with server-held credential and explicit object privilege,supabase/tests/17_actor_action_resource_matrix.sql#RLS-T04-SERVER-ONLY,Direct database decision; role labels never come from user metadata
RLS-T04-SERVER-ONLY,service_role,trusted_service_runtime,public.chat_sessions,READ,synthetic_resource_row,SELF_OR_POLICY_SCOPE,AUTHORIZED_OR_OTHER,AUTHORIZED_OR_OTHER,ACTIVE_OR_BOUNDARY,SERVER_ONLY,trusted runtime with server-held credential and explicit object privilege,supabase/tests/17_actor_action_resource_matrix.sql#RLS-T04-SERVER-ONLY,Direct database decision; role labels never come from user metadata
RLS-T04-SERVER-ONLY,service_role,trusted_service_runtime,public.chat_sessions,CREATE,synthetic_resource_row,SELF_OR_POLICY_SCOPE,AUTHORIZED_OR_OTHER,AUTHORIZED_OR_OTHER,ACTIVE_OR_BOUNDARY,SERVER_ONLY,trusted runtime with server-held credential and explicit object privilege,supabase/tests/17_actor_action_resource_matrix.sql#RLS-T04-SERVER-ONLY,Direct database decision; role labels never come from user metadata
RLS-T04-SERVER-ONLY,service_role,trusted_service_runtime,public.chat_sessions,UPDATE,synthetic_resource_row,SELF_OR_POLICY_SCOPE,AUTHORIZED_OR_OTHER,AUTHORIZED_OR_OTHER,ACTIVE_OR_BOUNDARY,SERVER_ONLY,trusted runtime with server-held credential and explicit object privilege,supabase/tests/17_actor_action_resource_matrix.sql#RLS-T04-SERVER-ONLY,Direct database decision; role labels never come from user metadata
RLS-T04-SERVER-ONLY,service_role,trusted_service_runtime,public.chat_sessions,DELETE,synthetic_resource_row,SELF_OR_POLICY_SCOPE,AUTHORIZED_OR_OTHER,AUTHORIZED_OR_OTHER,ACTIVE_OR_BOUNDARY,SERVER_ONLY,trusted runtime with server-held credential and explicit object privilege,supabase/tests/17_actor_action_resource_matrix.sql#RLS-T04-SERVER-ONLY,Direct database decision; role labels never come from user metadata
RLS-T04-ANON-DENY,anon,anonymous_session,public.cohort_memberships,READ,synthetic_resource_row,SELF_OR_POLICY_SCOPE,AUTHORIZED_OR_OTHER,AUTHORIZED_OR_OTHER,ACTIVE_OR_BOUNDARY,DENY,anon has no table grants,supabase/tests/17_actor_action_resource_matrix.sql#RLS-T04-ANON-DENY,Direct database decision; role labels never come from user metadata
RLS-T04-ANON-DENY,anon,anonymous_session,public.cohort_memberships,CREATE,synthetic_resource_row,SELF_OR_POLICY_SCOPE,AUTHORIZED_OR_OTHER,AUTHORIZED_OR_OTHER,ACTIVE_OR_BOUNDARY,DENY,anon has no table grants,supabase/tests/17_actor_action_resource_matrix.sql#RLS-T04-ANON-DENY,Direct database decision; role labels never come from user metadata
RLS-T04-ANON-DENY,anon,anonymous_session,public.cohort_memberships,UPDATE,synthetic_resource_row,SELF_OR_POLICY_SCOPE,AUTHORIZED_OR_OTHER,AUTHORIZED_OR_OTHER,ACTIVE_OR_BOUNDARY,DENY,anon has no table grants,supabase/tests/17_actor_action_resource_matrix.sql#RLS-T04-ANON-DENY,Direct database decision; role labels never come from user metadata
RLS-T04-ANON-DENY,anon,anonymous_session,public.cohort_memberships,DELETE,synthetic_resource_row,SELF_OR_POLICY_SCOPE,AUTHORIZED_OR_OTHER,AUTHORIZED_OR_OTHER,ACTIVE_OR_BOUNDARY,DENY,anon has no table grants,supabase/tests/17_actor_action_resource_matrix.sql#RLS-T04-ANON-DENY,Direct database decision; role labels never come from user metadata
RLS-T04-CROSS-USER,student,synthetic_student_a,public.cohort_memberships,READ,synthetic_resource_row,SELF_OR_POLICY_SCOPE,AUTHORIZED_OR_OTHER,AUTHORIZED_OR_OTHER,ACTIVE_OR_BOUNDARY,ALLOW,row user_id equals auth.uid(),supabase/tests/17_actor_action_resource_matrix.sql#RLS-T04-CROSS-USER,Direct database decision; role labels never come from user metadata
RLS-T04-CROSS-USER,student,synthetic_student_a,public.cohort_memberships,CREATE,synthetic_resource_row,SELF_OR_POLICY_SCOPE,AUTHORIZED_OR_OTHER,AUTHORIZED_OR_OTHER,ACTIVE_OR_BOUNDARY,DENY,authenticated has no INSERT grant,supabase/tests/17_actor_action_resource_matrix.sql#RLS-T04-CROSS-USER,Direct database decision; role labels never come from user metadata
RLS-T04-CROSS-USER,student,synthetic_student_a,public.cohort_memberships,UPDATE,synthetic_resource_row,SELF_OR_POLICY_SCOPE,AUTHORIZED_OR_OTHER,AUTHORIZED_OR_OTHER,ACTIVE_OR_BOUNDARY,DENY,authenticated has no reviewed UPDATE grant,supabase/tests/17_actor_action_resource_matrix.sql#RLS-T04-CROSS-USER,Direct database decision; role labels never come from user metadata
RLS-T04-CROSS-USER,student,synthetic_student_a,public.cohort_memberships,DELETE,synthetic_resource_row,SELF_OR_POLICY_SCOPE,AUTHORIZED_OR_OTHER,AUTHORIZED_OR_OTHER,ACTIVE_OR_BOUNDARY,DENY,authenticated has no DELETE grant,supabase/tests/17_actor_action_resource_matrix.sql#RLS-T04-CROSS-USER,Direct database decision; role labels never come from user metadata
RLS-T04-CROSS-USER,batch_leader,synthetic_batch_leader_assignment,public.cohort_memberships,READ,synthetic_resource_row,SELF_OR_POLICY_SCOPE,AUTHORIZED_OR_OTHER,AUTHORIZED_OR_OTHER,ACTIVE_OR_BOUNDARY,ALLOW,row user_id equals auth.uid(),supabase/tests/17_actor_action_resource_matrix.sql#RLS-T04-CROSS-USER,Direct database decision; role labels never come from user metadata
RLS-T04-CROSS-USER,batch_leader,synthetic_batch_leader_assignment,public.cohort_memberships,CREATE,synthetic_resource_row,SELF_OR_POLICY_SCOPE,AUTHORIZED_OR_OTHER,AUTHORIZED_OR_OTHER,ACTIVE_OR_BOUNDARY,DENY,authenticated has no INSERT grant,supabase/tests/17_actor_action_resource_matrix.sql#RLS-T04-CROSS-USER,Direct database decision; role labels never come from user metadata
RLS-T04-CROSS-USER,batch_leader,synthetic_batch_leader_assignment,public.cohort_memberships,UPDATE,synthetic_resource_row,SELF_OR_POLICY_SCOPE,AUTHORIZED_OR_OTHER,AUTHORIZED_OR_OTHER,ACTIVE_OR_BOUNDARY,DENY,authenticated has no reviewed UPDATE grant,supabase/tests/17_actor_action_resource_matrix.sql#RLS-T04-CROSS-USER,Direct database decision; role labels never come from user metadata
RLS-T04-CROSS-USER,batch_leader,synthetic_batch_leader_assignment,public.cohort_memberships,DELETE,synthetic_resource_row,SELF_OR_POLICY_SCOPE,AUTHORIZED_OR_OTHER,AUTHORIZED_OR_OTHER,ACTIVE_OR_BOUNDARY,DENY,authenticated has no DELETE grant,supabase/tests/17_actor_action_resource_matrix.sql#RLS-T04-CROSS-USER,Direct database decision; role labels never come from user metadata
RLS-T04-CROSS-USER,admin,synthetic_admin,public.cohort_memberships,READ,synthetic_resource_row,SELF_OR_POLICY_SCOPE,AUTHORIZED_OR_OTHER,AUTHORIZED_OR_OTHER,ACTIVE_OR_BOUNDARY,ALLOW,row user_id equals auth.uid(),supabase/tests/17_actor_action_resource_matrix.sql#RLS-T04-CROSS-USER,Direct database decision; role labels never come from user metadata
RLS-T04-CROSS-USER,admin,synthetic_admin,public.cohort_memberships,CREATE,synthetic_resource_row,SELF_OR_POLICY_SCOPE,AUTHORIZED_OR_OTHER,AUTHORIZED_OR_OTHER,ACTIVE_OR_BOUNDARY,DENY,authenticated has no INSERT grant,supabase/tests/17_actor_action_resource_matrix.sql#RLS-T04-CROSS-USER,Direct database decision; role labels never come from user metadata
RLS-T04-CROSS-USER,admin,synthetic_admin,public.cohort_memberships,UPDATE,synthetic_resource_row,SELF_OR_POLICY_SCOPE,AUTHORIZED_OR_OTHER,AUTHORIZED_OR_OTHER,ACTIVE_OR_BOUNDARY,DENY,authenticated has no reviewed UPDATE grant,supabase/tests/17_actor_action_resource_matrix.sql#RLS-T04-CROSS-USER,Direct database decision; role labels never come from user metadata
RLS-T04-CROSS-USER,admin,synthetic_admin,public.cohort_memberships,DELETE,synthetic_resource_row,SELF_OR_POLICY_SCOPE,AUTHORIZED_OR_OTHER,AUTHORIZED_OR_OTHER,ACTIVE_OR_BOUNDARY,DENY,authenticated has no DELETE grant,supabase/tests/17_actor_action_resource_matrix.sql#RLS-T04-CROSS-USER,Direct database decision; role labels never come from user metadata
RLS-T04-SERVER-ONLY,worker,trusted_worker_runtime,public.cohort_memberships,READ,synthetic_resource_row,SELF_OR_POLICY_SCOPE,AUTHORIZED_OR_OTHER,AUTHORIZED_OR_OTHER,ACTIVE_OR_BOUNDARY,SERVER_ONLY,trusted runtime with server-held credential and explicit object privilege,supabase/tests/17_actor_action_resource_matrix.sql#RLS-T04-SERVER-ONLY,Direct database decision; role labels never come from user metadata
RLS-T04-SERVER-ONLY,worker,trusted_worker_runtime,public.cohort_memberships,CREATE,synthetic_resource_row,SELF_OR_POLICY_SCOPE,AUTHORIZED_OR_OTHER,AUTHORIZED_OR_OTHER,ACTIVE_OR_BOUNDARY,SERVER_ONLY,trusted runtime with server-held credential and explicit object privilege,supabase/tests/17_actor_action_resource_matrix.sql#RLS-T04-SERVER-ONLY,Direct database decision; role labels never come from user metadata
RLS-T04-SERVER-ONLY,worker,trusted_worker_runtime,public.cohort_memberships,UPDATE,synthetic_resource_row,SELF_OR_POLICY_SCOPE,AUTHORIZED_OR_OTHER,AUTHORIZED_OR_OTHER,ACTIVE_OR_BOUNDARY,SERVER_ONLY,trusted runtime with server-held credential and explicit object privilege,supabase/tests/17_actor_action_resource_matrix.sql#RLS-T04-SERVER-ONLY,Direct database decision; role labels never come from user metadata
RLS-T04-SERVER-ONLY,worker,trusted_worker_runtime,public.cohort_memberships,DELETE,synthetic_resource_row,SELF_OR_POLICY_SCOPE,AUTHORIZED_OR_OTHER,AUTHORIZED_OR_OTHER,ACTIVE_OR_BOUNDARY,SERVER_ONLY,trusted runtime with server-held credential and explicit object privilege,supabase/tests/17_actor_action_resource_matrix.sql#RLS-T04-SERVER-ONLY,Direct database decision; role labels never come from user metadata
RLS-T04-SERVER-ONLY,service_role,trusted_service_runtime,public.cohort_memberships,READ,synthetic_resource_row,SELF_OR_POLICY_SCOPE,AUTHORIZED_OR_OTHER,AUTHORIZED_OR_OTHER,ACTIVE_OR_BOUNDARY,SERVER_ONLY,trusted runtime with server-held credential and explicit object privilege,supabase/tests/17_actor_action_resource_matrix.sql#RLS-T04-SERVER-ONLY,Direct database decision; role labels never come from user metadata
RLS-T04-SERVER-ONLY,service_role,trusted_service_runtime,public.cohort_memberships,CREATE,synthetic_resource_row,SELF_OR_POLICY_SCOPE,AUTHORIZED_OR_OTHER,AUTHORIZED_OR_OTHER,ACTIVE_OR_BOUNDARY,SERVER_ONLY,trusted runtime with server-held credential and explicit object privilege,supabase/tests/17_actor_action_resource_matrix.sql#RLS-T04-SERVER-ONLY,Direct database decision; role labels never come from user metadata
RLS-T04-SERVER-ONLY,service_role,trusted_service_runtime,public.cohort_memberships,UPDATE,synthetic_resource_row,SELF_OR_POLICY_SCOPE,AUTHORIZED_OR_OTHER,AUTHORIZED_OR_OTHER,ACTIVE_OR_BOUNDARY,SERVER_ONLY,trusted runtime with server-held credential and explicit object privilege,supabase/tests/17_actor_action_resource_matrix.sql#RLS-T04-SERVER-ONLY,Direct database decision; role labels never come from user metadata
RLS-T04-SERVER-ONLY,service_role,trusted_service_runtime,public.cohort_memberships,DELETE,synthetic_resource_row,SELF_OR_POLICY_SCOPE,AUTHORIZED_OR_OTHER,AUTHORIZED_OR_OTHER,ACTIVE_OR_BOUNDARY,SERVER_ONLY,trusted runtime with server-held credential and explicit object privilege,supabase/tests/17_actor_action_resource_matrix.sql#RLS-T04-SERVER-ONLY,Direct database decision; role labels never come from user metadata
RLS-T04-ANON-DENY,anon,anonymous_session,public.cohort_releases,READ,synthetic_resource_row,SELF_OR_POLICY_SCOPE,AUTHORIZED_OR_OTHER,AUTHORIZED_OR_OTHER,ACTIVE_OR_BOUNDARY,DENY,anon has no table grants,supabase/tests/17_actor_action_resource_matrix.sql#RLS-T04-ANON-DENY,Direct database decision; role labels never come from user metadata
RLS-T04-ANON-DENY,anon,anonymous_session,public.cohort_releases,CREATE,synthetic_resource_row,SELF_OR_POLICY_SCOPE,AUTHORIZED_OR_OTHER,AUTHORIZED_OR_OTHER,ACTIVE_OR_BOUNDARY,DENY,anon has no table grants,supabase/tests/17_actor_action_resource_matrix.sql#RLS-T04-ANON-DENY,Direct database decision; role labels never come from user metadata
RLS-T04-ANON-DENY,anon,anonymous_session,public.cohort_releases,UPDATE,synthetic_resource_row,SELF_OR_POLICY_SCOPE,AUTHORIZED_OR_OTHER,AUTHORIZED_OR_OTHER,ACTIVE_OR_BOUNDARY,DENY,anon has no table grants,supabase/tests/17_actor_action_resource_matrix.sql#RLS-T04-ANON-DENY,Direct database decision; role labels never come from user metadata
RLS-T04-ANON-DENY,anon,anonymous_session,public.cohort_releases,DELETE,synthetic_resource_row,SELF_OR_POLICY_SCOPE,AUTHORIZED_OR_OTHER,AUTHORIZED_OR_OTHER,ACTIVE_OR_BOUNDARY,DENY,anon has no table grants,supabase/tests/17_actor_action_resource_matrix.sql#RLS-T04-ANON-DENY,Direct database decision; role labels never come from user metadata
RLS-T04-CROSS-SCOPE,student,synthetic_student_a,public.cohort_releases,READ,synthetic_resource_row,SELF_OR_POLICY_SCOPE,AUTHORIZED_OR_OTHER,AUTHORIZED_OR_OTHER,ACTIVE_OR_BOUNDARY,ALLOW,active DB membership and release UNLOCKED,supabase/tests/17_actor_action_resource_matrix.sql#RLS-T04-CROSS-SCOPE,Direct database decision; role labels never come from user metadata
RLS-T04-REVOCATION,student,synthetic_student_a,public.cohort_releases,CREATE,synthetic_resource_row,SELF_OR_POLICY_SCOPE,AUTHORIZED_OR_OTHER,AUTHORIZED_OR_OTHER,ACTIVE_OR_BOUNDARY,DENY,authenticated has no INSERT grant,supabase/tests/17_actor_action_resource_matrix.sql#RLS-T04-REVOCATION,Direct database decision; role labels never come from user metadata
RLS-T04-REVOCATION,student,synthetic_student_a,public.cohort_releases,UPDATE,synthetic_resource_row,SELF_OR_POLICY_SCOPE,AUTHORIZED_OR_OTHER,AUTHORIZED_OR_OTHER,ACTIVE_OR_BOUNDARY,DENY,authenticated has no reviewed UPDATE grant,supabase/tests/17_actor_action_resource_matrix.sql#RLS-T04-REVOCATION,Direct database decision; role labels never come from user metadata
RLS-T04-REVOCATION,student,synthetic_student_a,public.cohort_releases,DELETE,synthetic_resource_row,SELF_OR_POLICY_SCOPE,AUTHORIZED_OR_OTHER,AUTHORIZED_OR_OTHER,ACTIVE_OR_BOUNDARY,DENY,authenticated has no DELETE grant,supabase/tests/17_actor_action_resource_matrix.sql#RLS-T04-REVOCATION,Direct database decision; role labels never come from user metadata
RLS-T04-CROSS-SCOPE,batch_leader,synthetic_batch_leader_assignment,public.cohort_releases,READ,synthetic_resource_row,SELF_OR_POLICY_SCOPE,AUTHORIZED_OR_OTHER,AUTHORIZED_OR_OTHER,ACTIVE_OR_BOUNDARY,ALLOW,active DB membership and release UNLOCKED,supabase/tests/17_actor_action_resource_matrix.sql#RLS-T04-CROSS-SCOPE,Direct database decision; role labels never come from user metadata
RLS-T04-REVOCATION,batch_leader,synthetic_batch_leader_assignment,public.cohort_releases,CREATE,synthetic_resource_row,SELF_OR_POLICY_SCOPE,AUTHORIZED_OR_OTHER,AUTHORIZED_OR_OTHER,ACTIVE_OR_BOUNDARY,DENY,authenticated has no INSERT grant,supabase/tests/17_actor_action_resource_matrix.sql#RLS-T04-REVOCATION,Direct database decision; role labels never come from user metadata
RLS-T04-REVOCATION,batch_leader,synthetic_batch_leader_assignment,public.cohort_releases,UPDATE,synthetic_resource_row,SELF_OR_POLICY_SCOPE,AUTHORIZED_OR_OTHER,AUTHORIZED_OR_OTHER,ACTIVE_OR_BOUNDARY,DENY,authenticated has no reviewed UPDATE grant,supabase/tests/17_actor_action_resource_matrix.sql#RLS-T04-REVOCATION,Direct database decision; role labels never come from user metadata
RLS-T04-REVOCATION,batch_leader,synthetic_batch_leader_assignment,public.cohort_releases,DELETE,synthetic_resource_row,SELF_OR_POLICY_SCOPE,AUTHORIZED_OR_OTHER,AUTHORIZED_OR_OTHER,ACTIVE_OR_BOUNDARY,DENY,authenticated has no DELETE grant,supabase/tests/17_actor_action_resource_matrix.sql#RLS-T04-REVOCATION,Direct database decision; role labels never come from user metadata
RLS-T04-CROSS-SCOPE,admin,synthetic_admin,public.cohort_releases,READ,synthetic_resource_row,SELF_OR_POLICY_SCOPE,AUTHORIZED_OR_OTHER,AUTHORIZED_OR_OTHER,ACTIVE_OR_BOUNDARY,ALLOW,authoritative active ADMIN role,supabase/tests/17_actor_action_resource_matrix.sql#RLS-T04-CROSS-SCOPE,Direct database decision; role labels never come from user metadata
RLS-T04-REVOCATION,admin,synthetic_admin,public.cohort_releases,CREATE,synthetic_resource_row,SELF_OR_POLICY_SCOPE,AUTHORIZED_OR_OTHER,AUTHORIZED_OR_OTHER,ACTIVE_OR_BOUNDARY,DENY,authenticated has no INSERT grant,supabase/tests/17_actor_action_resource_matrix.sql#RLS-T04-REVOCATION,Direct database decision; role labels never come from user metadata
RLS-T04-REVOCATION,admin,synthetic_admin,public.cohort_releases,UPDATE,synthetic_resource_row,SELF_OR_POLICY_SCOPE,AUTHORIZED_OR_OTHER,AUTHORIZED_OR_OTHER,ACTIVE_OR_BOUNDARY,DENY,authenticated has no reviewed UPDATE grant,supabase/tests/17_actor_action_resource_matrix.sql#RLS-T04-REVOCATION,Direct database decision; role labels never come from user metadata
RLS-T04-REVOCATION,admin,synthetic_admin,public.cohort_releases,DELETE,synthetic_resource_row,SELF_OR_POLICY_SCOPE,AUTHORIZED_OR_OTHER,AUTHORIZED_OR_OTHER,ACTIVE_OR_BOUNDARY,DENY,authenticated has no DELETE grant,supabase/tests/17_actor_action_resource_matrix.sql#RLS-T04-REVOCATION,Direct database decision; role labels never come from user metadata
RLS-T04-SERVER-ONLY,worker,trusted_worker_runtime,public.cohort_releases,READ,synthetic_resource_row,SELF_OR_POLICY_SCOPE,AUTHORIZED_OR_OTHER,AUTHORIZED_OR_OTHER,ACTIVE_OR_BOUNDARY,SERVER_ONLY,trusted runtime with server-held credential and explicit object privilege,supabase/tests/17_actor_action_resource_matrix.sql#RLS-T04-SERVER-ONLY,Direct database decision; role labels never come from user metadata
RLS-T04-SERVER-ONLY,worker,trusted_worker_runtime,public.cohort_releases,CREATE,synthetic_resource_row,SELF_OR_POLICY_SCOPE,AUTHORIZED_OR_OTHER,AUTHORIZED_OR_OTHER,ACTIVE_OR_BOUNDARY,SERVER_ONLY,trusted runtime with server-held credential and explicit object privilege,supabase/tests/17_actor_action_resource_matrix.sql#RLS-T04-SERVER-ONLY,Direct database decision; role labels never come from user metadata
RLS-T04-SERVER-ONLY,worker,trusted_worker_runtime,public.cohort_releases,UPDATE,synthetic_resource_row,SELF_OR_POLICY_SCOPE,AUTHORIZED_OR_OTHER,AUTHORIZED_OR_OTHER,ACTIVE_OR_BOUNDARY,SERVER_ONLY,trusted runtime with server-held credential and explicit object privilege,supabase/tests/17_actor_action_resource_matrix.sql#RLS-T04-SERVER-ONLY,Direct database decision; role labels never come from user metadata
RLS-T04-SERVER-ONLY,worker,trusted_worker_runtime,public.cohort_releases,DELETE,synthetic_resource_row,SELF_OR_POLICY_SCOPE,AUTHORIZED_OR_OTHER,AUTHORIZED_OR_OTHER,ACTIVE_OR_BOUNDARY,SERVER_ONLY,trusted runtime with server-held credential and explicit object privilege,supabase/tests/17_actor_action_resource_matrix.sql#RLS-T04-SERVER-ONLY,Direct database decision; role labels never come from user metadata
RLS-T04-SERVER-ONLY,service_role,trusted_service_runtime,public.cohort_releases,READ,synthetic_resource_row,SELF_OR_POLICY_SCOPE,AUTHORIZED_OR_OTHER,AUTHORIZED_OR_OTHER,ACTIVE_OR_BOUNDARY,SERVER_ONLY,trusted runtime with server-held credential and explicit object privilege,supabase/tests/17_actor_action_resource_matrix.sql#RLS-T04-SERVER-ONLY,Direct database decision; role labels never come from user metadata
RLS-T04-SERVER-ONLY,service_role,trusted_service_runtime,public.cohort_releases,CREATE,synthetic_resource_row,SELF_OR_POLICY_SCOPE,AUTHORIZED_OR_OTHER,AUTHORIZED_OR_OTHER,ACTIVE_OR_BOUNDARY,SERVER_ONLY,trusted runtime with server-held credential and explicit object privilege,supabase/tests/17_actor_action_resource_matrix.sql#RLS-T04-SERVER-ONLY,Direct database decision; role labels never come from user metadata
RLS-T04-SERVER-ONLY,service_role,trusted_service_runtime,public.cohort_releases,UPDATE,synthetic_resource_row,SELF_OR_POLICY_SCOPE,AUTHORIZED_OR_OTHER,AUTHORIZED_OR_OTHER,ACTIVE_OR_BOUNDARY,SERVER_ONLY,trusted runtime with server-held credential and explicit object privilege,supabase/tests/17_actor_action_resource_matrix.sql#RLS-T04-SERVER-ONLY,Direct database decision; role labels never come from user metadata
RLS-T04-SERVER-ONLY,service_role,trusted_service_runtime,public.cohort_releases,DELETE,synthetic_resource_row,SELF_OR_POLICY_SCOPE,AUTHORIZED_OR_OTHER,AUTHORIZED_OR_OTHER,ACTIVE_OR_BOUNDARY,SERVER_ONLY,trusted runtime with server-held credential and explicit object privilege,supabase/tests/17_actor_action_resource_matrix.sql#RLS-T04-SERVER-ONLY,Direct database decision; role labels never come from user metadata
RLS-T04-ANON-DENY,anon,anonymous_session,public.cohorts,READ,synthetic_resource_row,SELF_OR_POLICY_SCOPE,AUTHORIZED_OR_OTHER,AUTHORIZED_OR_OTHER,ACTIVE_OR_BOUNDARY,DENY,anon has no table grants,supabase/tests/17_actor_action_resource_matrix.sql#RLS-T04-ANON-DENY,Direct database decision; role labels never come from user metadata
RLS-T04-ANON-DENY,anon,anonymous_session,public.cohorts,CREATE,synthetic_resource_row,SELF_OR_POLICY_SCOPE,AUTHORIZED_OR_OTHER,AUTHORIZED_OR_OTHER,ACTIVE_OR_BOUNDARY,DENY,anon has no table grants,supabase/tests/17_actor_action_resource_matrix.sql#RLS-T04-ANON-DENY,Direct database decision; role labels never come from user metadata
RLS-T04-ANON-DENY,anon,anonymous_session,public.cohorts,UPDATE,synthetic_resource_row,SELF_OR_POLICY_SCOPE,AUTHORIZED_OR_OTHER,AUTHORIZED_OR_OTHER,ACTIVE_OR_BOUNDARY,DENY,anon has no table grants,supabase/tests/17_actor_action_resource_matrix.sql#RLS-T04-ANON-DENY,Direct database decision; role labels never come from user metadata
RLS-T04-ANON-DENY,anon,anonymous_session,public.cohorts,DELETE,synthetic_resource_row,SELF_OR_POLICY_SCOPE,AUTHORIZED_OR_OTHER,AUTHORIZED_OR_OTHER,ACTIVE_OR_BOUNDARY,DENY,anon has no table grants,supabase/tests/17_actor_action_resource_matrix.sql#RLS-T04-ANON-DENY,Direct database decision; role labels never come from user metadata
RLS-T04-CROSS-SCOPE,student,synthetic_student_a,public.cohorts,READ,synthetic_resource_row,SELF_OR_POLICY_SCOPE,AUTHORIZED_OR_OTHER,AUTHORIZED_OR_OTHER,ACTIVE_OR_BOUNDARY,ALLOW,active DB membership and cohort UNLOCKED,supabase/tests/17_actor_action_resource_matrix.sql#RLS-T04-CROSS-SCOPE,Direct database decision; role labels never come from user metadata
RLS-T04-REVOCATION,student,synthetic_student_a,public.cohorts,CREATE,synthetic_resource_row,SELF_OR_POLICY_SCOPE,AUTHORIZED_OR_OTHER,AUTHORIZED_OR_OTHER,ACTIVE_OR_BOUNDARY,DENY,authenticated has no INSERT grant,supabase/tests/17_actor_action_resource_matrix.sql#RLS-T04-REVOCATION,Direct database decision; role labels never come from user metadata
RLS-T04-REVOCATION,student,synthetic_student_a,public.cohorts,UPDATE,synthetic_resource_row,SELF_OR_POLICY_SCOPE,AUTHORIZED_OR_OTHER,AUTHORIZED_OR_OTHER,ACTIVE_OR_BOUNDARY,DENY,authenticated has no reviewed UPDATE grant,supabase/tests/17_actor_action_resource_matrix.sql#RLS-T04-REVOCATION,Direct database decision; role labels never come from user metadata
RLS-T04-REVOCATION,student,synthetic_student_a,public.cohorts,DELETE,synthetic_resource_row,SELF_OR_POLICY_SCOPE,AUTHORIZED_OR_OTHER,AUTHORIZED_OR_OTHER,ACTIVE_OR_BOUNDARY,DENY,authenticated has no DELETE grant,supabase/tests/17_actor_action_resource_matrix.sql#RLS-T04-REVOCATION,Direct database decision; role labels never come from user metadata
RLS-T04-CROSS-SCOPE,batch_leader,synthetic_batch_leader_assignment,public.cohorts,READ,synthetic_resource_row,SELF_OR_POLICY_SCOPE,AUTHORIZED_OR_OTHER,AUTHORIZED_OR_OTHER,ACTIVE_OR_BOUNDARY,ALLOW,active DB membership and cohort UNLOCKED,supabase/tests/17_actor_action_resource_matrix.sql#RLS-T04-CROSS-SCOPE,Direct database decision; role labels never come from user metadata
RLS-T04-REVOCATION,batch_leader,synthetic_batch_leader_assignment,public.cohorts,CREATE,synthetic_resource_row,SELF_OR_POLICY_SCOPE,AUTHORIZED_OR_OTHER,AUTHORIZED_OR_OTHER,ACTIVE_OR_BOUNDARY,DENY,authenticated has no INSERT grant,supabase/tests/17_actor_action_resource_matrix.sql#RLS-T04-REVOCATION,Direct database decision; role labels never come from user metadata
RLS-T04-REVOCATION,batch_leader,synthetic_batch_leader_assignment,public.cohorts,UPDATE,synthetic_resource_row,SELF_OR_POLICY_SCOPE,AUTHORIZED_OR_OTHER,AUTHORIZED_OR_OTHER,ACTIVE_OR_BOUNDARY,DENY,authenticated has no reviewed UPDATE grant,supabase/tests/17_actor_action_resource_matrix.sql#RLS-T04-REVOCATION,Direct database decision; role labels never come from user metadata
RLS-T04-REVOCATION,batch_leader,synthetic_batch_leader_assignment,public.cohorts,DELETE,synthetic_resource_row,SELF_OR_POLICY_SCOPE,AUTHORIZED_OR_OTHER,AUTHORIZED_OR_OTHER,ACTIVE_OR_BOUNDARY,DENY,authenticated has no DELETE grant,supabase/tests/17_actor_action_resource_matrix.sql#RLS-T04-REVOCATION,Direct database decision; role labels never come from user metadata
RLS-T04-CROSS-SCOPE,admin,synthetic_admin,public.cohorts,READ,synthetic_resource_row,SELF_OR_POLICY_SCOPE,AUTHORIZED_OR_OTHER,AUTHORIZED_OR_OTHER,ACTIVE_OR_BOUNDARY,ALLOW,authoritative active ADMIN role,supabase/tests/17_actor_action_resource_matrix.sql#RLS-T04-CROSS-SCOPE,Direct database decision; role labels never come from user metadata
RLS-T04-REVOCATION,admin,synthetic_admin,public.cohorts,CREATE,synthetic_resource_row,SELF_OR_POLICY_SCOPE,AUTHORIZED_OR_OTHER,AUTHORIZED_OR_OTHER,ACTIVE_OR_BOUNDARY,DENY,authenticated has no INSERT grant,supabase/tests/17_actor_action_resource_matrix.sql#RLS-T04-REVOCATION,Direct database decision; role labels never come from user metadata
RLS-T04-REVOCATION,admin,synthetic_admin,public.cohorts,UPDATE,synthetic_resource_row,SELF_OR_POLICY_SCOPE,AUTHORIZED_OR_OTHER,AUTHORIZED_OR_OTHER,ACTIVE_OR_BOUNDARY,DENY,authenticated has no reviewed UPDATE grant,supabase/tests/17_actor_action_resource_matrix.sql#RLS-T04-REVOCATION,Direct database decision; role labels never come from user metadata
RLS-T04-REVOCATION,admin,synthetic_admin,public.cohorts,DELETE,synthetic_resource_row,SELF_OR_POLICY_SCOPE,AUTHORIZED_OR_OTHER,AUTHORIZED_OR_OTHER,ACTIVE_OR_BOUNDARY,DENY,authenticated has no DELETE grant,supabase/tests/17_actor_action_resource_matrix.sql#RLS-T04-REVOCATION,Direct database decision; role labels never come from user metadata
RLS-T04-SERVER-ONLY,worker,trusted_worker_runtime,public.cohorts,READ,synthetic_resource_row,SELF_OR_POLICY_SCOPE,AUTHORIZED_OR_OTHER,AUTHORIZED_OR_OTHER,ACTIVE_OR_BOUNDARY,SERVER_ONLY,trusted runtime with server-held credential and explicit object privilege,supabase/tests/17_actor_action_resource_matrix.sql#RLS-T04-SERVER-ONLY,Direct database decision; role labels never come from user metadata
RLS-T04-SERVER-ONLY,worker,trusted_worker_runtime,public.cohorts,CREATE,synthetic_resource_row,SELF_OR_POLICY_SCOPE,AUTHORIZED_OR_OTHER,AUTHORIZED_OR_OTHER,ACTIVE_OR_BOUNDARY,SERVER_ONLY,trusted runtime with server-held credential and explicit object privilege,supabase/tests/17_actor_action_resource_matrix.sql#RLS-T04-SERVER-ONLY,Direct database decision; role labels never come from user metadata
RLS-T04-SERVER-ONLY,worker,trusted_worker_runtime,public.cohorts,UPDATE,synthetic_resource_row,SELF_OR_POLICY_SCOPE,AUTHORIZED_OR_OTHER,AUTHORIZED_OR_OTHER,ACTIVE_OR_BOUNDARY,SERVER_ONLY,trusted runtime with server-held credential and explicit object privilege,supabase/tests/17_actor_action_resource_matrix.sql#RLS-T04-SERVER-ONLY,Direct database decision; role labels never come from user metadata
RLS-T04-SERVER-ONLY,worker,trusted_worker_runtime,public.cohorts,DELETE,synthetic_resource_row,SELF_OR_POLICY_SCOPE,AUTHORIZED_OR_OTHER,AUTHORIZED_OR_OTHER,ACTIVE_OR_BOUNDARY,SERVER_ONLY,trusted runtime with server-held credential and explicit object privilege,supabase/tests/17_actor_action_resource_matrix.sql#RLS-T04-SERVER-ONLY,Direct database decision; role labels never come from user metadata
RLS-T04-SERVER-ONLY,service_role,trusted_service_runtime,public.cohorts,READ,synthetic_resource_row,SELF_OR_POLICY_SCOPE,AUTHORIZED_OR_OTHER,AUTHORIZED_OR_OTHER,ACTIVE_OR_BOUNDARY,SERVER_ONLY,trusted runtime with server-held credential and explicit object privilege,supabase/tests/17_actor_action_resource_matrix.sql#RLS-T04-SERVER-ONLY,Direct database decision; role labels never come from user metadata
RLS-T04-SERVER-ONLY,service_role,trusted_service_runtime,public.cohorts,CREATE,synthetic_resource_row,SELF_OR_POLICY_SCOPE,AUTHORIZED_OR_OTHER,AUTHORIZED_OR_OTHER,ACTIVE_OR_BOUNDARY,SERVER_ONLY,trusted runtime with server-held credential and explicit object privilege,supabase/tests/17_actor_action_resource_matrix.sql#RLS-T04-SERVER-ONLY,Direct database decision; role labels never come from user metadata
RLS-T04-SERVER-ONLY,service_role,trusted_service_runtime,public.cohorts,UPDATE,synthetic_resource_row,SELF_OR_POLICY_SCOPE,AUTHORIZED_OR_OTHER,AUTHORIZED_OR_OTHER,ACTIVE_OR_BOUNDARY,SERVER_ONLY,trusted runtime with server-held credential and explicit object privilege,supabase/tests/17_actor_action_resource_matrix.sql#RLS-T04-SERVER-ONLY,Direct database decision; role labels never come from user metadata
RLS-T04-SERVER-ONLY,service_role,trusted_service_runtime,public.cohorts,DELETE,synthetic_resource_row,SELF_OR_POLICY_SCOPE,AUTHORIZED_OR_OTHER,AUTHORIZED_OR_OTHER,ACTIVE_OR_BOUNDARY,SERVER_ONLY,trusted runtime with server-held credential and explicit object privilege,supabase/tests/17_actor_action_resource_matrix.sql#RLS-T04-SERVER-ONLY,Direct database decision; role labels never come from user metadata
RLS-T04-ANON-DENY,anon,anonymous_session,public.collection_campaigns,READ,synthetic_resource_row,SELF_OR_POLICY_SCOPE,AUTHORIZED_OR_OTHER,AUTHORIZED_OR_OTHER,ACTIVE_OR_BOUNDARY,DENY,anon has no table grants,supabase/tests/17_actor_action_resource_matrix.sql#RLS-T04-ANON-DENY,Direct database decision; role labels never come from user metadata
RLS-T04-ANON-DENY,anon,anonymous_session,public.collection_campaigns,CREATE,synthetic_resource_row,SELF_OR_POLICY_SCOPE,AUTHORIZED_OR_OTHER,AUTHORIZED_OR_OTHER,ACTIVE_OR_BOUNDARY,DENY,anon has no table grants,supabase/tests/17_actor_action_resource_matrix.sql#RLS-T04-ANON-DENY,Direct database decision; role labels never come from user metadata
RLS-T04-ANON-DENY,anon,anonymous_session,public.collection_campaigns,UPDATE,synthetic_resource_row,SELF_OR_POLICY_SCOPE,AUTHORIZED_OR_OTHER,AUTHORIZED_OR_OTHER,ACTIVE_OR_BOUNDARY,DENY,anon has no table grants,supabase/tests/17_actor_action_resource_matrix.sql#RLS-T04-ANON-DENY,Direct database decision; role labels never come from user metadata
RLS-T04-ANON-DENY,anon,anonymous_session,public.collection_campaigns,DELETE,synthetic_resource_row,SELF_OR_POLICY_SCOPE,AUTHORIZED_OR_OTHER,AUTHORIZED_OR_OTHER,ACTIVE_OR_BOUNDARY,DENY,anon has no table grants,supabase/tests/17_actor_action_resource_matrix.sql#RLS-T04-ANON-DENY,Direct database decision; role labels never come from user metadata
RLS-T04-BATCH-LEADER,student,synthetic_student_a,public.collection_campaigns,READ,synthetic_resource_row,SELF_OR_POLICY_SCOPE,AUTHORIZED_OR_OTHER,AUTHORIZED_OR_OTHER,ACTIVE_OR_BOUNDARY,DENY,student has no active campaign assignment,supabase/tests/17_actor_action_resource_matrix.sql#RLS-T04-BATCH-LEADER,Direct database decision; role labels never come from user metadata
RLS-T04-BATCH-LEADER,student,synthetic_student_a,public.collection_campaigns,CREATE,synthetic_resource_row,SELF_OR_POLICY_SCOPE,AUTHORIZED_OR_OTHER,AUTHORIZED_OR_OTHER,ACTIVE_OR_BOUNDARY,DENY,authenticated has no INSERT grant,supabase/tests/17_actor_action_resource_matrix.sql#RLS-T04-BATCH-LEADER,Direct database decision; role labels never come from user metadata
RLS-T04-BATCH-LEADER,student,synthetic_student_a,public.collection_campaigns,UPDATE,synthetic_resource_row,SELF_OR_POLICY_SCOPE,AUTHORIZED_OR_OTHER,AUTHORIZED_OR_OTHER,ACTIVE_OR_BOUNDARY,DENY,authenticated has no reviewed UPDATE grant,supabase/tests/17_actor_action_resource_matrix.sql#RLS-T04-BATCH-LEADER,Direct database decision; role labels never come from user metadata
RLS-T04-BATCH-LEADER,student,synthetic_student_a,public.collection_campaigns,DELETE,synthetic_resource_row,SELF_OR_POLICY_SCOPE,AUTHORIZED_OR_OTHER,AUTHORIZED_OR_OTHER,ACTIVE_OR_BOUNDARY,DENY,authenticated has no DELETE grant,supabase/tests/17_actor_action_resource_matrix.sql#RLS-T04-BATCH-LEADER,Direct database decision; role labels never come from user metadata
RLS-T04-BATCH-LEADER,batch_leader,synthetic_batch_leader_assignment,public.collection_campaigns,READ,synthetic_resource_row,SELF_OR_POLICY_SCOPE,AUTHORIZED_OR_OTHER,AUTHORIZED_OR_OTHER,ACTIVE_OR_BOUNDARY,ALLOW,active unexpired DB campaign assignment,supabase/tests/17_actor_action_resource_matrix.sql#RLS-T04-BATCH-LEADER,Direct database decision; role labels never come from user metadata
RLS-T04-BATCH-LEADER,batch_leader,synthetic_batch_leader_assignment,public.collection_campaigns,CREATE,synthetic_resource_row,SELF_OR_POLICY_SCOPE,AUTHORIZED_OR_OTHER,AUTHORIZED_OR_OTHER,ACTIVE_OR_BOUNDARY,DENY,authenticated has no INSERT grant,supabase/tests/17_actor_action_resource_matrix.sql#RLS-T04-BATCH-LEADER,Direct database decision; role labels never come from user metadata
RLS-T04-BATCH-LEADER,batch_leader,synthetic_batch_leader_assignment,public.collection_campaigns,UPDATE,synthetic_resource_row,SELF_OR_POLICY_SCOPE,AUTHORIZED_OR_OTHER,AUTHORIZED_OR_OTHER,ACTIVE_OR_BOUNDARY,DENY,authenticated has no reviewed UPDATE grant,supabase/tests/17_actor_action_resource_matrix.sql#RLS-T04-BATCH-LEADER,Direct database decision; role labels never come from user metadata
RLS-T04-BATCH-LEADER,batch_leader,synthetic_batch_leader_assignment,public.collection_campaigns,DELETE,synthetic_resource_row,SELF_OR_POLICY_SCOPE,AUTHORIZED_OR_OTHER,AUTHORIZED_OR_OTHER,ACTIVE_OR_BOUNDARY,DENY,authenticated has no DELETE grant,supabase/tests/17_actor_action_resource_matrix.sql#RLS-T04-BATCH-LEADER,Direct database decision; role labels never come from user metadata
RLS-T04-BATCH-LEADER,admin,synthetic_admin,public.collection_campaigns,READ,synthetic_resource_row,SELF_OR_POLICY_SCOPE,AUTHORIZED_OR_OTHER,AUTHORIZED_OR_OTHER,ACTIVE_OR_BOUNDARY,ALLOW,authoritative active ADMIN role,supabase/tests/17_actor_action_resource_matrix.sql#RLS-T04-BATCH-LEADER,Direct database decision; role labels never come from user metadata
RLS-T04-BATCH-LEADER,admin,synthetic_admin,public.collection_campaigns,CREATE,synthetic_resource_row,SELF_OR_POLICY_SCOPE,AUTHORIZED_OR_OTHER,AUTHORIZED_OR_OTHER,ACTIVE_OR_BOUNDARY,DENY,authenticated has no INSERT grant,supabase/tests/17_actor_action_resource_matrix.sql#RLS-T04-BATCH-LEADER,Direct database decision; role labels never come from user metadata
RLS-T04-BATCH-LEADER,admin,synthetic_admin,public.collection_campaigns,UPDATE,synthetic_resource_row,SELF_OR_POLICY_SCOPE,AUTHORIZED_OR_OTHER,AUTHORIZED_OR_OTHER,ACTIVE_OR_BOUNDARY,DENY,authenticated has no reviewed UPDATE grant,supabase/tests/17_actor_action_resource_matrix.sql#RLS-T04-BATCH-LEADER,Direct database decision; role labels never come from user metadata
RLS-T04-BATCH-LEADER,admin,synthetic_admin,public.collection_campaigns,DELETE,synthetic_resource_row,SELF_OR_POLICY_SCOPE,AUTHORIZED_OR_OTHER,AUTHORIZED_OR_OTHER,ACTIVE_OR_BOUNDARY,DENY,authenticated has no DELETE grant,supabase/tests/17_actor_action_resource_matrix.sql#RLS-T04-BATCH-LEADER,Direct database decision; role labels never come from user metadata
RLS-T04-SERVER-ONLY,worker,trusted_worker_runtime,public.collection_campaigns,READ,synthetic_resource_row,SELF_OR_POLICY_SCOPE,AUTHORIZED_OR_OTHER,AUTHORIZED_OR_OTHER,ACTIVE_OR_BOUNDARY,SERVER_ONLY,trusted runtime with server-held credential and explicit object privilege,supabase/tests/17_actor_action_resource_matrix.sql#RLS-T04-SERVER-ONLY,Direct database decision; role labels never come from user metadata
RLS-T04-SERVER-ONLY,worker,trusted_worker_runtime,public.collection_campaigns,CREATE,synthetic_resource_row,SELF_OR_POLICY_SCOPE,AUTHORIZED_OR_OTHER,AUTHORIZED_OR_OTHER,ACTIVE_OR_BOUNDARY,SERVER_ONLY,trusted runtime with server-held credential and explicit object privilege,supabase/tests/17_actor_action_resource_matrix.sql#RLS-T04-SERVER-ONLY,Direct database decision; role labels never come from user metadata
RLS-T04-SERVER-ONLY,worker,trusted_worker_runtime,public.collection_campaigns,UPDATE,synthetic_resource_row,SELF_OR_POLICY_SCOPE,AUTHORIZED_OR_OTHER,AUTHORIZED_OR_OTHER,ACTIVE_OR_BOUNDARY,SERVER_ONLY,trusted runtime with server-held credential and explicit object privilege,supabase/tests/17_actor_action_resource_matrix.sql#RLS-T04-SERVER-ONLY,Direct database decision; role labels never come from user metadata
RLS-T04-SERVER-ONLY,worker,trusted_worker_runtime,public.collection_campaigns,DELETE,synthetic_resource_row,SELF_OR_POLICY_SCOPE,AUTHORIZED_OR_OTHER,AUTHORIZED_OR_OTHER,ACTIVE_OR_BOUNDARY,SERVER_ONLY,trusted runtime with server-held credential and explicit object privilege,supabase/tests/17_actor_action_resource_matrix.sql#RLS-T04-SERVER-ONLY,Direct database decision; role labels never come from user metadata
RLS-T04-SERVER-ONLY,service_role,trusted_service_runtime,public.collection_campaigns,READ,synthetic_resource_row,SELF_OR_POLICY_SCOPE,AUTHORIZED_OR_OTHER,AUTHORIZED_OR_OTHER,ACTIVE_OR_BOUNDARY,SERVER_ONLY,trusted runtime with server-held credential and explicit object privilege,supabase/tests/17_actor_action_resource_matrix.sql#RLS-T04-SERVER-ONLY,Direct database decision; role labels never come from user metadata
RLS-T04-SERVER-ONLY,service_role,trusted_service_runtime,public.collection_campaigns,CREATE,synthetic_resource_row,SELF_OR_POLICY_SCOPE,AUTHORIZED_OR_OTHER,AUTHORIZED_OR_OTHER,ACTIVE_OR_BOUNDARY,SERVER_ONLY,trusted runtime with server-held credential and explicit object privilege,supabase/tests/17_actor_action_resource_matrix.sql#RLS-T04-SERVER-ONLY,Direct database decision; role labels never come from user metadata
RLS-T04-SERVER-ONLY,service_role,trusted_service_runtime,public.collection_campaigns,UPDATE,synthetic_resource_row,SELF_OR_POLICY_SCOPE,AUTHORIZED_OR_OTHER,AUTHORIZED_OR_OTHER,ACTIVE_OR_BOUNDARY,SERVER_ONLY,trusted runtime with server-held credential and explicit object privilege,supabase/tests/17_actor_action_resource_matrix.sql#RLS-T04-SERVER-ONLY,Direct database decision; role labels never come from user metadata
RLS-T04-SERVER-ONLY,service_role,trusted_service_runtime,public.collection_campaigns,DELETE,synthetic_resource_row,SELF_OR_POLICY_SCOPE,AUTHORIZED_OR_OTHER,AUTHORIZED_OR_OTHER,ACTIVE_OR_BOUNDARY,SERVER_ONLY,trusted runtime with server-held credential and explicit object privilege,supabase/tests/17_actor_action_resource_matrix.sql#RLS-T04-SERVER-ONLY,Direct database decision; role labels never come from user metadata
RLS-T04-ANON-DENY,anon,anonymous_session,public.curriculum_unit_publication_events,READ,synthetic_resource_row,SELF_OR_POLICY_SCOPE,AUTHORIZED_OR_OTHER,AUTHORIZED_OR_OTHER,ACTIVE_OR_BOUNDARY,DENY,anon has no table grants,supabase/tests/17_actor_action_resource_matrix.sql#RLS-T04-ANON-DENY,Direct database decision; role labels never come from user metadata
RLS-T04-ANON-DENY,anon,anonymous_session,public.curriculum_unit_publication_events,CREATE,synthetic_resource_row,SELF_OR_POLICY_SCOPE,AUTHORIZED_OR_OTHER,AUTHORIZED_OR_OTHER,ACTIVE_OR_BOUNDARY,DENY,anon has no table grants,supabase/tests/17_actor_action_resource_matrix.sql#RLS-T04-ANON-DENY,Direct database decision; role labels never come from user metadata
RLS-T04-ANON-DENY,anon,anonymous_session,public.curriculum_unit_publication_events,UPDATE,synthetic_resource_row,SELF_OR_POLICY_SCOPE,AUTHORIZED_OR_OTHER,AUTHORIZED_OR_OTHER,ACTIVE_OR_BOUNDARY,DENY,anon has no table grants,supabase/tests/17_actor_action_resource_matrix.sql#RLS-T04-ANON-DENY,Direct database decision; role labels never come from user metadata
RLS-T04-ANON-DENY,anon,anonymous_session,public.curriculum_unit_publication_events,DELETE,synthetic_resource_row,SELF_OR_POLICY_SCOPE,AUTHORIZED_OR_OTHER,AUTHORIZED_OR_OTHER,ACTIVE_OR_BOUNDARY,DENY,anon has no table grants,supabase/tests/17_actor_action_resource_matrix.sql#RLS-T04-ANON-DENY,Direct database decision; role labels never come from user metadata
RLS-T04-POLICY-META,student,synthetic_student_a,public.curriculum_unit_publication_events,READ,synthetic_resource_row,SELF_OR_POLICY_SCOPE,AUTHORIZED_OR_OTHER,AUTHORIZED_OR_OTHER,ACTIVE_OR_BOUNDARY,DENY,authenticated has no SELECT grant,supabase/tests/17_actor_action_resource_matrix.sql#RLS-T04-POLICY-META,Direct database decision; role labels never come from user metadata
RLS-T04-GRANT-META,student,synthetic_student_a,public.curriculum_unit_publication_events,CREATE,synthetic_resource_row,SELF_OR_POLICY_SCOPE,AUTHORIZED_OR_OTHER,AUTHORIZED_OR_OTHER,ACTIVE_OR_BOUNDARY,DENY,authenticated has no INSERT grant,supabase/tests/17_actor_action_resource_matrix.sql#RLS-T04-GRANT-META,Direct database decision; role labels never come from user metadata
RLS-T04-GRANT-META,student,synthetic_student_a,public.curriculum_unit_publication_events,UPDATE,synthetic_resource_row,SELF_OR_POLICY_SCOPE,AUTHORIZED_OR_OTHER,AUTHORIZED_OR_OTHER,ACTIVE_OR_BOUNDARY,DENY,authenticated has no reviewed UPDATE grant,supabase/tests/17_actor_action_resource_matrix.sql#RLS-T04-GRANT-META,Direct database decision; role labels never come from user metadata
RLS-T04-GRANT-META,student,synthetic_student_a,public.curriculum_unit_publication_events,DELETE,synthetic_resource_row,SELF_OR_POLICY_SCOPE,AUTHORIZED_OR_OTHER,AUTHORIZED_OR_OTHER,ACTIVE_OR_BOUNDARY,DENY,authenticated has no DELETE grant,supabase/tests/17_actor_action_resource_matrix.sql#RLS-T04-GRANT-META,Direct database decision; role labels never come from user metadata
RLS-T04-POLICY-META,batch_leader,synthetic_batch_leader_assignment,public.curriculum_unit_publication_events,READ,synthetic_resource_row,SELF_OR_POLICY_SCOPE,AUTHORIZED_OR_OTHER,AUTHORIZED_OR_OTHER,ACTIVE_OR_BOUNDARY,DENY,authenticated has no SELECT grant,supabase/tests/17_actor_action_resource_matrix.sql#RLS-T04-POLICY-META,Direct database decision; role labels never come from user metadata
RLS-T04-GRANT-META,batch_leader,synthetic_batch_leader_assignment,public.curriculum_unit_publication_events,CREATE,synthetic_resource_row,SELF_OR_POLICY_SCOPE,AUTHORIZED_OR_OTHER,AUTHORIZED_OR_OTHER,ACTIVE_OR_BOUNDARY,DENY,authenticated has no INSERT grant,supabase/tests/17_actor_action_resource_matrix.sql#RLS-T04-GRANT-META,Direct database decision; role labels never come from user metadata
RLS-T04-GRANT-META,batch_leader,synthetic_batch_leader_assignment,public.curriculum_unit_publication_events,UPDATE,synthetic_resource_row,SELF_OR_POLICY_SCOPE,AUTHORIZED_OR_OTHER,AUTHORIZED_OR_OTHER,ACTIVE_OR_BOUNDARY,DENY,authenticated has no reviewed UPDATE grant,supabase/tests/17_actor_action_resource_matrix.sql#RLS-T04-GRANT-META,Direct database decision; role labels never come from user metadata
RLS-T04-GRANT-META,batch_leader,synthetic_batch_leader_assignment,public.curriculum_unit_publication_events,DELETE,synthetic_resource_row,SELF_OR_POLICY_SCOPE,AUTHORIZED_OR_OTHER,AUTHORIZED_OR_OTHER,ACTIVE_OR_BOUNDARY,DENY,authenticated has no DELETE grant,supabase/tests/17_actor_action_resource_matrix.sql#RLS-T04-GRANT-META,Direct database decision; role labels never come from user metadata
RLS-T04-POLICY-META,admin,synthetic_admin,public.curriculum_unit_publication_events,READ,synthetic_resource_row,SELF_OR_POLICY_SCOPE,AUTHORIZED_OR_OTHER,AUTHORIZED_OR_OTHER,ACTIVE_OR_BOUNDARY,DENY,authenticated has no SELECT grant,supabase/tests/17_actor_action_resource_matrix.sql#RLS-T04-POLICY-META,Direct database decision; role labels never come from user metadata
RLS-T04-GRANT-META,admin,synthetic_admin,public.curriculum_unit_publication_events,CREATE,synthetic_resource_row,SELF_OR_POLICY_SCOPE,AUTHORIZED_OR_OTHER,AUTHORIZED_OR_OTHER,ACTIVE_OR_BOUNDARY,DENY,authenticated has no INSERT grant,supabase/tests/17_actor_action_resource_matrix.sql#RLS-T04-GRANT-META,Direct database decision; role labels never come from user metadata
RLS-T04-GRANT-META,admin,synthetic_admin,public.curriculum_unit_publication_events,UPDATE,synthetic_resource_row,SELF_OR_POLICY_SCOPE,AUTHORIZED_OR_OTHER,AUTHORIZED_OR_OTHER,ACTIVE_OR_BOUNDARY,DENY,authenticated has no reviewed UPDATE grant,supabase/tests/17_actor_action_resource_matrix.sql#RLS-T04-GRANT-META,Direct database decision; role labels never come from user metadata
RLS-T04-GRANT-META,admin,synthetic_admin,public.curriculum_unit_publication_events,DELETE,synthetic_resource_row,SELF_OR_POLICY_SCOPE,AUTHORIZED_OR_OTHER,AUTHORIZED_OR_OTHER,ACTIVE_OR_BOUNDARY,DENY,authenticated has no DELETE grant,supabase/tests/17_actor_action_resource_matrix.sql#RLS-T04-GRANT-META,Direct database decision; role labels never come from user metadata
RLS-T04-SERVER-ONLY,worker,trusted_worker_runtime,public.curriculum_unit_publication_events,READ,synthetic_resource_row,SELF_OR_POLICY_SCOPE,AUTHORIZED_OR_OTHER,AUTHORIZED_OR_OTHER,ACTIVE_OR_BOUNDARY,SERVER_ONLY,trusted runtime with server-held credential and explicit object privilege,supabase/tests/17_actor_action_resource_matrix.sql#RLS-T04-SERVER-ONLY,Direct database decision; role labels never come from user metadata
RLS-T04-SERVER-ONLY,worker,trusted_worker_runtime,public.curriculum_unit_publication_events,CREATE,synthetic_resource_row,SELF_OR_POLICY_SCOPE,AUTHORIZED_OR_OTHER,AUTHORIZED_OR_OTHER,ACTIVE_OR_BOUNDARY,SERVER_ONLY,trusted runtime with server-held credential and explicit object privilege,supabase/tests/17_actor_action_resource_matrix.sql#RLS-T04-SERVER-ONLY,Direct database decision; role labels never come from user metadata
RLS-T04-SERVER-ONLY,worker,trusted_worker_runtime,public.curriculum_unit_publication_events,UPDATE,synthetic_resource_row,SELF_OR_POLICY_SCOPE,AUTHORIZED_OR_OTHER,AUTHORIZED_OR_OTHER,ACTIVE_OR_BOUNDARY,SERVER_ONLY,trusted runtime with server-held credential and explicit object privilege,supabase/tests/17_actor_action_resource_matrix.sql#RLS-T04-SERVER-ONLY,Direct database decision; role labels never come from user metadata
RLS-T04-SERVER-ONLY,worker,trusted_worker_runtime,public.curriculum_unit_publication_events,DELETE,synthetic_resource_row,SELF_OR_POLICY_SCOPE,AUTHORIZED_OR_OTHER,AUTHORIZED_OR_OTHER,ACTIVE_OR_BOUNDARY,SERVER_ONLY,trusted runtime with server-held credential and explicit object privilege,supabase/tests/17_actor_action_resource_matrix.sql#RLS-T04-SERVER-ONLY,Direct database decision; role labels never come from user metadata
RLS-T04-SERVER-ONLY,service_role,trusted_service_runtime,public.curriculum_unit_publication_events,READ,synthetic_resource_row,SELF_OR_POLICY_SCOPE,AUTHORIZED_OR_OTHER,AUTHORIZED_OR_OTHER,ACTIVE_OR_BOUNDARY,SERVER_ONLY,trusted runtime with server-held credential and explicit object privilege,supabase/tests/17_actor_action_resource_matrix.sql#RLS-T04-SERVER-ONLY,Direct database decision; role labels never come from user metadata
RLS-T04-SERVER-ONLY,service_role,trusted_service_runtime,public.curriculum_unit_publication_events,CREATE,synthetic_resource_row,SELF_OR_POLICY_SCOPE,AUTHORIZED_OR_OTHER,AUTHORIZED_OR_OTHER,ACTIVE_OR_BOUNDARY,SERVER_ONLY,trusted runtime with server-held credential and explicit object privilege,supabase/tests/17_actor_action_resource_matrix.sql#RLS-T04-SERVER-ONLY,Direct database decision; role labels never come from user metadata
RLS-T04-SERVER-ONLY,service_role,trusted_service_runtime,public.curriculum_unit_publication_events,UPDATE,synthetic_resource_row,SELF_OR_POLICY_SCOPE,AUTHORIZED_OR_OTHER,AUTHORIZED_OR_OTHER,ACTIVE_OR_BOUNDARY,SERVER_ONLY,trusted runtime with server-held credential and explicit object privilege,supabase/tests/17_actor_action_resource_matrix.sql#RLS-T04-SERVER-ONLY,Direct database decision; role labels never come from user metadata
RLS-T04-SERVER-ONLY,service_role,trusted_service_runtime,public.curriculum_unit_publication_events,DELETE,synthetic_resource_row,SELF_OR_POLICY_SCOPE,AUTHORIZED_OR_OTHER,AUTHORIZED_OR_OTHER,ACTIVE_OR_BOUNDARY,SERVER_ONLY,trusted runtime with server-held credential and explicit object privilege,supabase/tests/17_actor_action_resource_matrix.sql#RLS-T04-SERVER-ONLY,Direct database decision; role labels never come from user metadata
RLS-T04-ANON-DENY,anon,anonymous_session,public.curriculum_units,READ,synthetic_resource_row,SELF_OR_POLICY_SCOPE,AUTHORIZED_OR_OTHER,AUTHORIZED_OR_OTHER,ACTIVE_OR_BOUNDARY,DENY,anon has no table grants,supabase/tests/17_actor_action_resource_matrix.sql#RLS-T04-ANON-DENY,Direct database decision; role labels never come from user metadata
RLS-T04-ANON-DENY,anon,anonymous_session,public.curriculum_units,CREATE,synthetic_resource_row,SELF_OR_POLICY_SCOPE,AUTHORIZED_OR_OTHER,AUTHORIZED_OR_OTHER,ACTIVE_OR_BOUNDARY,DENY,anon has no table grants,supabase/tests/17_actor_action_resource_matrix.sql#RLS-T04-ANON-DENY,Direct database decision; role labels never come from user metadata
RLS-T04-ANON-DENY,anon,anonymous_session,public.curriculum_units,UPDATE,synthetic_resource_row,SELF_OR_POLICY_SCOPE,AUTHORIZED_OR_OTHER,AUTHORIZED_OR_OTHER,ACTIVE_OR_BOUNDARY,DENY,anon has no table grants,supabase/tests/17_actor_action_resource_matrix.sql#RLS-T04-ANON-DENY,Direct database decision; role labels never come from user metadata
RLS-T04-ANON-DENY,anon,anonymous_session,public.curriculum_units,DELETE,synthetic_resource_row,SELF_OR_POLICY_SCOPE,AUTHORIZED_OR_OTHER,AUTHORIZED_OR_OTHER,ACTIVE_OR_BOUNDARY,DENY,anon has no table grants,supabase/tests/17_actor_action_resource_matrix.sql#RLS-T04-ANON-DENY,Direct database decision; role labels never come from user metadata
RLS-T04-CROSS-SCOPE,student,synthetic_student_a,public.curriculum_units,READ,synthetic_resource_row,SELF_OR_POLICY_SCOPE,AUTHORIZED_OR_OTHER,AUTHORIZED_OR_OTHER,ACTIVE_OR_BOUNDARY,ALLOW,active DB membership and cohort UNLOCKED and unit PUBLISHED,supabase/tests/17_actor_action_resource_matrix.sql#RLS-T04-CROSS-SCOPE,Direct database decision; role labels never come from user metadata
RLS-T04-REVOCATION,student,synthetic_student_a,public.curriculum_units,CREATE,synthetic_resource_row,SELF_OR_POLICY_SCOPE,AUTHORIZED_OR_OTHER,AUTHORIZED_OR_OTHER,ACTIVE_OR_BOUNDARY,DENY,authenticated has no INSERT grant,supabase/tests/17_actor_action_resource_matrix.sql#RLS-T04-REVOCATION,Direct database decision; role labels never come from user metadata
RLS-T04-REVOCATION,student,synthetic_student_a,public.curriculum_units,UPDATE,synthetic_resource_row,SELF_OR_POLICY_SCOPE,AUTHORIZED_OR_OTHER,AUTHORIZED_OR_OTHER,ACTIVE_OR_BOUNDARY,DENY,authenticated has no reviewed UPDATE grant,supabase/tests/17_actor_action_resource_matrix.sql#RLS-T04-REVOCATION,Direct database decision; role labels never come from user metadata
RLS-T04-REVOCATION,student,synthetic_student_a,public.curriculum_units,DELETE,synthetic_resource_row,SELF_OR_POLICY_SCOPE,AUTHORIZED_OR_OTHER,AUTHORIZED_OR_OTHER,ACTIVE_OR_BOUNDARY,DENY,authenticated has no DELETE grant,supabase/tests/17_actor_action_resource_matrix.sql#RLS-T04-REVOCATION,Direct database decision; role labels never come from user metadata
RLS-T04-CROSS-SCOPE,batch_leader,synthetic_batch_leader_assignment,public.curriculum_units,READ,synthetic_resource_row,SELF_OR_POLICY_SCOPE,AUTHORIZED_OR_OTHER,AUTHORIZED_OR_OTHER,ACTIVE_OR_BOUNDARY,ALLOW,active DB membership and cohort UNLOCKED and unit PUBLISHED,supabase/tests/17_actor_action_resource_matrix.sql#RLS-T04-CROSS-SCOPE,Direct database decision; role labels never come from user metadata
RLS-T04-REVOCATION,batch_leader,synthetic_batch_leader_assignment,public.curriculum_units,CREATE,synthetic_resource_row,SELF_OR_POLICY_SCOPE,AUTHORIZED_OR_OTHER,AUTHORIZED_OR_OTHER,ACTIVE_OR_BOUNDARY,DENY,authenticated has no INSERT grant,supabase/tests/17_actor_action_resource_matrix.sql#RLS-T04-REVOCATION,Direct database decision; role labels never come from user metadata
RLS-T04-REVOCATION,batch_leader,synthetic_batch_leader_assignment,public.curriculum_units,UPDATE,synthetic_resource_row,SELF_OR_POLICY_SCOPE,AUTHORIZED_OR_OTHER,AUTHORIZED_OR_OTHER,ACTIVE_OR_BOUNDARY,DENY,authenticated has no reviewed UPDATE grant,supabase/tests/17_actor_action_resource_matrix.sql#RLS-T04-REVOCATION,Direct database decision; role labels never come from user metadata
RLS-T04-REVOCATION,batch_leader,synthetic_batch_leader_assignment,public.curriculum_units,DELETE,synthetic_resource_row,SELF_OR_POLICY_SCOPE,AUTHORIZED_OR_OTHER,AUTHORIZED_OR_OTHER,ACTIVE_OR_BOUNDARY,DENY,authenticated has no DELETE grant,supabase/tests/17_actor_action_resource_matrix.sql#RLS-T04-REVOCATION,Direct database decision; role labels never come from user metadata
RLS-T04-CROSS-SCOPE,admin,synthetic_admin,public.curriculum_units,READ,synthetic_resource_row,SELF_OR_POLICY_SCOPE,AUTHORIZED_OR_OTHER,AUTHORIZED_OR_OTHER,ACTIVE_OR_BOUNDARY,ALLOW,authoritative active ADMIN role,supabase/tests/17_actor_action_resource_matrix.sql#RLS-T04-CROSS-SCOPE,Direct database decision; role labels never come from user metadata
RLS-T04-REVOCATION,admin,synthetic_admin,public.curriculum_units,CREATE,synthetic_resource_row,SELF_OR_POLICY_SCOPE,AUTHORIZED_OR_OTHER,AUTHORIZED_OR_OTHER,ACTIVE_OR_BOUNDARY,DENY,authenticated has no INSERT grant,supabase/tests/17_actor_action_resource_matrix.sql#RLS-T04-REVOCATION,Direct database decision; role labels never come from user metadata
RLS-T04-REVOCATION,admin,synthetic_admin,public.curriculum_units,UPDATE,synthetic_resource_row,SELF_OR_POLICY_SCOPE,AUTHORIZED_OR_OTHER,AUTHORIZED_OR_OTHER,ACTIVE_OR_BOUNDARY,DENY,authenticated has no reviewed UPDATE grant,supabase/tests/17_actor_action_resource_matrix.sql#RLS-T04-REVOCATION,Direct database decision; role labels never come from user metadata
RLS-T04-REVOCATION,admin,synthetic_admin,public.curriculum_units,DELETE,synthetic_resource_row,SELF_OR_POLICY_SCOPE,AUTHORIZED_OR_OTHER,AUTHORIZED_OR_OTHER,ACTIVE_OR_BOUNDARY,DENY,authenticated has no DELETE grant,supabase/tests/17_actor_action_resource_matrix.sql#RLS-T04-REVOCATION,Direct database decision; role labels never come from user metadata
RLS-T04-SERVER-ONLY,worker,trusted_worker_runtime,public.curriculum_units,READ,synthetic_resource_row,SELF_OR_POLICY_SCOPE,AUTHORIZED_OR_OTHER,AUTHORIZED_OR_OTHER,ACTIVE_OR_BOUNDARY,SERVER_ONLY,trusted runtime with server-held credential and explicit object privilege,supabase/tests/17_actor_action_resource_matrix.sql#RLS-T04-SERVER-ONLY,Direct database decision; role labels never come from user metadata
RLS-T04-SERVER-ONLY,worker,trusted_worker_runtime,public.curriculum_units,CREATE,synthetic_resource_row,SELF_OR_POLICY_SCOPE,AUTHORIZED_OR_OTHER,AUTHORIZED_OR_OTHER,ACTIVE_OR_BOUNDARY,SERVER_ONLY,trusted runtime with server-held credential and explicit object privilege,supabase/tests/17_actor_action_resource_matrix.sql#RLS-T04-SERVER-ONLY,Direct database decision; role labels never come from user metadata
RLS-T04-SERVER-ONLY,worker,trusted_worker_runtime,public.curriculum_units,UPDATE,synthetic_resource_row,SELF_OR_POLICY_SCOPE,AUTHORIZED_OR_OTHER,AUTHORIZED_OR_OTHER,ACTIVE_OR_BOUNDARY,SERVER_ONLY,trusted runtime with server-held credential and explicit object privilege,supabase/tests/17_actor_action_resource_matrix.sql#RLS-T04-SERVER-ONLY,Direct database decision; role labels never come from user metadata
RLS-T04-SERVER-ONLY,worker,trusted_worker_runtime,public.curriculum_units,DELETE,synthetic_resource_row,SELF_OR_POLICY_SCOPE,AUTHORIZED_OR_OTHER,AUTHORIZED_OR_OTHER,ACTIVE_OR_BOUNDARY,SERVER_ONLY,trusted runtime with server-held credential and explicit object privilege,supabase/tests/17_actor_action_resource_matrix.sql#RLS-T04-SERVER-ONLY,Direct database decision; role labels never come from user metadata
RLS-T04-SERVER-ONLY,service_role,trusted_service_runtime,public.curriculum_units,READ,synthetic_resource_row,SELF_OR_POLICY_SCOPE,AUTHORIZED_OR_OTHER,AUTHORIZED_OR_OTHER,ACTIVE_OR_BOUNDARY,SERVER_ONLY,trusted runtime with server-held credential and explicit object privilege,supabase/tests/17_actor_action_resource_matrix.sql#RLS-T04-SERVER-ONLY,Direct database decision; role labels never come from user metadata
RLS-T04-SERVER-ONLY,service_role,trusted_service_runtime,public.curriculum_units,CREATE,synthetic_resource_row,SELF_OR_POLICY_SCOPE,AUTHORIZED_OR_OTHER,AUTHORIZED_OR_OTHER,ACTIVE_OR_BOUNDARY,SERVER_ONLY,trusted runtime with server-held credential and explicit object privilege,supabase/tests/17_actor_action_resource_matrix.sql#RLS-T04-SERVER-ONLY,Direct database decision; role labels never come from user metadata
RLS-T04-SERVER-ONLY,service_role,trusted_service_runtime,public.curriculum_units,UPDATE,synthetic_resource_row,SELF_OR_POLICY_SCOPE,AUTHORIZED_OR_OTHER,AUTHORIZED_OR_OTHER,ACTIVE_OR_BOUNDARY,SERVER_ONLY,trusted runtime with server-held credential and explicit object privilege,supabase/tests/17_actor_action_resource_matrix.sql#RLS-T04-SERVER-ONLY,Direct database decision; role labels never come from user metadata
RLS-T04-SERVER-ONLY,service_role,trusted_service_runtime,public.curriculum_units,DELETE,synthetic_resource_row,SELF_OR_POLICY_SCOPE,AUTHORIZED_OR_OTHER,AUTHORIZED_OR_OTHER,ACTIVE_OR_BOUNDARY,SERVER_ONLY,trusted runtime with server-held credential and explicit object privilege,supabase/tests/17_actor_action_resource_matrix.sql#RLS-T04-SERVER-ONLY,Direct database decision; role labels never come from user metadata
RLS-T04-ANON-DENY,anon,anonymous_session,public.education_stages,READ,synthetic_resource_row,SELF_OR_POLICY_SCOPE,AUTHORIZED_OR_OTHER,AUTHORIZED_OR_OTHER,ACTIVE_OR_BOUNDARY,DENY,anon has no table grants,supabase/tests/17_actor_action_resource_matrix.sql#RLS-T04-ANON-DENY,Direct database decision; role labels never come from user metadata
RLS-T04-ANON-DENY,anon,anonymous_session,public.education_stages,CREATE,synthetic_resource_row,SELF_OR_POLICY_SCOPE,AUTHORIZED_OR_OTHER,AUTHORIZED_OR_OTHER,ACTIVE_OR_BOUNDARY,DENY,anon has no table grants,supabase/tests/17_actor_action_resource_matrix.sql#RLS-T04-ANON-DENY,Direct database decision; role labels never come from user metadata
RLS-T04-ANON-DENY,anon,anonymous_session,public.education_stages,UPDATE,synthetic_resource_row,SELF_OR_POLICY_SCOPE,AUTHORIZED_OR_OTHER,AUTHORIZED_OR_OTHER,ACTIVE_OR_BOUNDARY,DENY,anon has no table grants,supabase/tests/17_actor_action_resource_matrix.sql#RLS-T04-ANON-DENY,Direct database decision; role labels never come from user metadata
RLS-T04-ANON-DENY,anon,anonymous_session,public.education_stages,DELETE,synthetic_resource_row,SELF_OR_POLICY_SCOPE,AUTHORIZED_OR_OTHER,AUTHORIZED_OR_OTHER,ACTIVE_OR_BOUNDARY,DENY,anon has no table grants,supabase/tests/17_actor_action_resource_matrix.sql#RLS-T04-ANON-DENY,Direct database decision; role labels never come from user metadata
RLS-T04-POLICY-META,student,synthetic_student_a,public.education_stages,READ,synthetic_resource_row,SELF_OR_POLICY_SCOPE,AUTHORIZED_OR_OTHER,AUTHORIZED_OR_OTHER,ACTIVE_OR_BOUNDARY,ALLOW,authenticated caller and active catalog row,supabase/tests/17_actor_action_resource_matrix.sql#RLS-T04-POLICY-META,Direct database decision; role labels never come from user metadata
RLS-T04-GRANT-META,student,synthetic_student_a,public.education_stages,CREATE,synthetic_resource_row,SELF_OR_POLICY_SCOPE,AUTHORIZED_OR_OTHER,AUTHORIZED_OR_OTHER,ACTIVE_OR_BOUNDARY,DENY,authenticated has no INSERT grant,supabase/tests/17_actor_action_resource_matrix.sql#RLS-T04-GRANT-META,Direct database decision; role labels never come from user metadata
RLS-T04-GRANT-META,student,synthetic_student_a,public.education_stages,UPDATE,synthetic_resource_row,SELF_OR_POLICY_SCOPE,AUTHORIZED_OR_OTHER,AUTHORIZED_OR_OTHER,ACTIVE_OR_BOUNDARY,DENY,authenticated has no reviewed UPDATE grant,supabase/tests/17_actor_action_resource_matrix.sql#RLS-T04-GRANT-META,Direct database decision; role labels never come from user metadata
RLS-T04-GRANT-META,student,synthetic_student_a,public.education_stages,DELETE,synthetic_resource_row,SELF_OR_POLICY_SCOPE,AUTHORIZED_OR_OTHER,AUTHORIZED_OR_OTHER,ACTIVE_OR_BOUNDARY,DENY,authenticated has no DELETE grant,supabase/tests/17_actor_action_resource_matrix.sql#RLS-T04-GRANT-META,Direct database decision; role labels never come from user metadata
RLS-T04-POLICY-META,batch_leader,synthetic_batch_leader_assignment,public.education_stages,READ,synthetic_resource_row,SELF_OR_POLICY_SCOPE,AUTHORIZED_OR_OTHER,AUTHORIZED_OR_OTHER,ACTIVE_OR_BOUNDARY,ALLOW,authenticated caller and active catalog row,supabase/tests/17_actor_action_resource_matrix.sql#RLS-T04-POLICY-META,Direct database decision; role labels never come from user metadata
RLS-T04-GRANT-META,batch_leader,synthetic_batch_leader_assignment,public.education_stages,CREATE,synthetic_resource_row,SELF_OR_POLICY_SCOPE,AUTHORIZED_OR_OTHER,AUTHORIZED_OR_OTHER,ACTIVE_OR_BOUNDARY,DENY,authenticated has no INSERT grant,supabase/tests/17_actor_action_resource_matrix.sql#RLS-T04-GRANT-META,Direct database decision; role labels never come from user metadata
RLS-T04-GRANT-META,batch_leader,synthetic_batch_leader_assignment,public.education_stages,UPDATE,synthetic_resource_row,SELF_OR_POLICY_SCOPE,AUTHORIZED_OR_OTHER,AUTHORIZED_OR_OTHER,ACTIVE_OR_BOUNDARY,DENY,authenticated has no reviewed UPDATE grant,supabase/tests/17_actor_action_resource_matrix.sql#RLS-T04-GRANT-META,Direct database decision; role labels never come from user metadata
RLS-T04-GRANT-META,batch_leader,synthetic_batch_leader_assignment,public.education_stages,DELETE,synthetic_resource_row,SELF_OR_POLICY_SCOPE,AUTHORIZED_OR_OTHER,AUTHORIZED_OR_OTHER,ACTIVE_OR_BOUNDARY,DENY,authenticated has no DELETE grant,supabase/tests/17_actor_action_resource_matrix.sql#RLS-T04-GRANT-META,Direct database decision; role labels never come from user metadata
RLS-T04-POLICY-META,admin,synthetic_admin,public.education_stages,READ,synthetic_resource_row,SELF_OR_POLICY_SCOPE,AUTHORIZED_OR_OTHER,AUTHORIZED_OR_OTHER,ACTIVE_OR_BOUNDARY,ALLOW,authenticated caller and active catalog row,supabase/tests/17_actor_action_resource_matrix.sql#RLS-T04-POLICY-META,Direct database decision; role labels never come from user metadata
RLS-T04-GRANT-META,admin,synthetic_admin,public.education_stages,CREATE,synthetic_resource_row,SELF_OR_POLICY_SCOPE,AUTHORIZED_OR_OTHER,AUTHORIZED_OR_OTHER,ACTIVE_OR_BOUNDARY,DENY,authenticated has no INSERT grant,supabase/tests/17_actor_action_resource_matrix.sql#RLS-T04-GRANT-META,Direct database decision; role labels never come from user metadata
RLS-T04-GRANT-META,admin,synthetic_admin,public.education_stages,UPDATE,synthetic_resource_row,SELF_OR_POLICY_SCOPE,AUTHORIZED_OR_OTHER,AUTHORIZED_OR_OTHER,ACTIVE_OR_BOUNDARY,DENY,authenticated has no reviewed UPDATE grant,supabase/tests/17_actor_action_resource_matrix.sql#RLS-T04-GRANT-META,Direct database decision; role labels never come from user metadata
RLS-T04-GRANT-META,admin,synthetic_admin,public.education_stages,DELETE,synthetic_resource_row,SELF_OR_POLICY_SCOPE,AUTHORIZED_OR_OTHER,AUTHORIZED_OR_OTHER,ACTIVE_OR_BOUNDARY,DENY,authenticated has no DELETE grant,supabase/tests/17_actor_action_resource_matrix.sql#RLS-T04-GRANT-META,Direct database decision; role labels never come from user metadata
RLS-T04-SERVER-ONLY,worker,trusted_worker_runtime,public.education_stages,READ,synthetic_resource_row,SELF_OR_POLICY_SCOPE,AUTHORIZED_OR_OTHER,AUTHORIZED_OR_OTHER,ACTIVE_OR_BOUNDARY,SERVER_ONLY,trusted runtime with server-held credential and explicit object privilege,supabase/tests/17_actor_action_resource_matrix.sql#RLS-T04-SERVER-ONLY,Direct database decision; role labels never come from user metadata
RLS-T04-SERVER-ONLY,worker,trusted_worker_runtime,public.education_stages,CREATE,synthetic_resource_row,SELF_OR_POLICY_SCOPE,AUTHORIZED_OR_OTHER,AUTHORIZED_OR_OTHER,ACTIVE_OR_BOUNDARY,SERVER_ONLY,trusted runtime with server-held credential and explicit object privilege,supabase/tests/17_actor_action_resource_matrix.sql#RLS-T04-SERVER-ONLY,Direct database decision; role labels never come from user metadata
RLS-T04-SERVER-ONLY,worker,trusted_worker_runtime,public.education_stages,UPDATE,synthetic_resource_row,SELF_OR_POLICY_SCOPE,AUTHORIZED_OR_OTHER,AUTHORIZED_OR_OTHER,ACTIVE_OR_BOUNDARY,SERVER_ONLY,trusted runtime with server-held credential and explicit object privilege,supabase/tests/17_actor_action_resource_matrix.sql#RLS-T04-SERVER-ONLY,Direct database decision; role labels never come from user metadata
RLS-T04-SERVER-ONLY,worker,trusted_worker_runtime,public.education_stages,DELETE,synthetic_resource_row,SELF_OR_POLICY_SCOPE,AUTHORIZED_OR_OTHER,AUTHORIZED_OR_OTHER,ACTIVE_OR_BOUNDARY,SERVER_ONLY,trusted runtime with server-held credential and explicit object privilege,supabase/tests/17_actor_action_resource_matrix.sql#RLS-T04-SERVER-ONLY,Direct database decision; role labels never come from user metadata
RLS-T04-SERVER-ONLY,service_role,trusted_service_runtime,public.education_stages,READ,synthetic_resource_row,SELF_OR_POLICY_SCOPE,AUTHORIZED_OR_OTHER,AUTHORIZED_OR_OTHER,ACTIVE_OR_BOUNDARY,SERVER_ONLY,trusted runtime with server-held credential and explicit object privilege,supabase/tests/17_actor_action_resource_matrix.sql#RLS-T04-SERVER-ONLY,Direct database decision; role labels never come from user metadata
RLS-T04-SERVER-ONLY,service_role,trusted_service_runtime,public.education_stages,CREATE,synthetic_resource_row,SELF_OR_POLICY_SCOPE,AUTHORIZED_OR_OTHER,AUTHORIZED_OR_OTHER,ACTIVE_OR_BOUNDARY,SERVER_ONLY,trusted runtime with server-held credential and explicit object privilege,supabase/tests/17_actor_action_resource_matrix.sql#RLS-T04-SERVER-ONLY,Direct database decision; role labels never come from user metadata
RLS-T04-SERVER-ONLY,service_role,trusted_service_runtime,public.education_stages,UPDATE,synthetic_resource_row,SELF_OR_POLICY_SCOPE,AUTHORIZED_OR_OTHER,AUTHORIZED_OR_OTHER,ACTIVE_OR_BOUNDARY,SERVER_ONLY,trusted runtime with server-held credential and explicit object privilege,supabase/tests/17_actor_action_resource_matrix.sql#RLS-T04-SERVER-ONLY,Direct database decision; role labels never come from user metadata
RLS-T04-SERVER-ONLY,service_role,trusted_service_runtime,public.education_stages,DELETE,synthetic_resource_row,SELF_OR_POLICY_SCOPE,AUTHORIZED_OR_OTHER,AUTHORIZED_OR_OTHER,ACTIVE_OR_BOUNDARY,SERVER_ONLY,trusted runtime with server-held credential and explicit object privilege,supabase/tests/17_actor_action_resource_matrix.sql#RLS-T04-SERVER-ONLY,Direct database decision; role labels never come from user metadata
RLS-T04-ANON-DENY,anon,anonymous_session,public.feedback_reports,READ,synthetic_resource_row,SELF_OR_POLICY_SCOPE,AUTHORIZED_OR_OTHER,AUTHORIZED_OR_OTHER,ACTIVE_OR_BOUNDARY,DENY,anon has no table grants,supabase/tests/17_actor_action_resource_matrix.sql#RLS-T04-ANON-DENY,Direct database decision; role labels never come from user metadata
RLS-T04-ANON-DENY,anon,anonymous_session,public.feedback_reports,CREATE,synthetic_resource_row,SELF_OR_POLICY_SCOPE,AUTHORIZED_OR_OTHER,AUTHORIZED_OR_OTHER,ACTIVE_OR_BOUNDARY,DENY,anon has no table grants,supabase/tests/17_actor_action_resource_matrix.sql#RLS-T04-ANON-DENY,Direct database decision; role labels never come from user metadata
RLS-T04-ANON-DENY,anon,anonymous_session,public.feedback_reports,UPDATE,synthetic_resource_row,SELF_OR_POLICY_SCOPE,AUTHORIZED_OR_OTHER,AUTHORIZED_OR_OTHER,ACTIVE_OR_BOUNDARY,DENY,anon has no table grants,supabase/tests/17_actor_action_resource_matrix.sql#RLS-T04-ANON-DENY,Direct database decision; role labels never come from user metadata
RLS-T04-ANON-DENY,anon,anonymous_session,public.feedback_reports,DELETE,synthetic_resource_row,SELF_OR_POLICY_SCOPE,AUTHORIZED_OR_OTHER,AUTHORIZED_OR_OTHER,ACTIVE_OR_BOUNDARY,DENY,anon has no table grants,supabase/tests/17_actor_action_resource_matrix.sql#RLS-T04-ANON-DENY,Direct database decision; role labels never come from user metadata
RLS-T04-CROSS-USER,student,synthetic_student_a,public.feedback_reports,READ,synthetic_resource_row,SELF_OR_POLICY_SCOPE,AUTHORIZED_OR_OTHER,AUTHORIZED_OR_OTHER,ACTIVE_OR_BOUNDARY,ALLOW,own parent chain resolves to auth.uid(),supabase/tests/17_actor_action_resource_matrix.sql#RLS-T04-CROSS-USER,Direct database decision; role labels never come from user metadata
RLS-T04-CROSS-USER,student,synthetic_student_a,public.feedback_reports,CREATE,synthetic_resource_row,SELF_OR_POLICY_SCOPE,AUTHORIZED_OR_OTHER,AUTHORIZED_OR_OTHER,ACTIVE_OR_BOUNDARY,ALLOW,new row ownership chain resolves to auth.uid() and required state,supabase/tests/17_actor_action_resource_matrix.sql#RLS-T04-CROSS-USER,Direct database decision; role labels never come from user metadata
RLS-T04-CROSS-USER,student,synthetic_student_a,public.feedback_reports,UPDATE,synthetic_resource_row,SELF_OR_POLICY_SCOPE,AUTHORIZED_OR_OTHER,AUTHORIZED_OR_OTHER,ACTIVE_OR_BOUNDARY,DENY,authenticated has no reviewed UPDATE grant,supabase/tests/17_actor_action_resource_matrix.sql#RLS-T04-CROSS-USER,Direct database decision; role labels never come from user metadata
RLS-T04-CROSS-USER,student,synthetic_student_a,public.feedback_reports,DELETE,synthetic_resource_row,SELF_OR_POLICY_SCOPE,AUTHORIZED_OR_OTHER,AUTHORIZED_OR_OTHER,ACTIVE_OR_BOUNDARY,DENY,authenticated has no DELETE grant,supabase/tests/17_actor_action_resource_matrix.sql#RLS-T04-CROSS-USER,Direct database decision; role labels never come from user metadata
RLS-T04-CROSS-USER,batch_leader,synthetic_batch_leader_assignment,public.feedback_reports,READ,synthetic_resource_row,SELF_OR_POLICY_SCOPE,AUTHORIZED_OR_OTHER,AUTHORIZED_OR_OTHER,ACTIVE_OR_BOUNDARY,ALLOW,own parent chain resolves to auth.uid(),supabase/tests/17_actor_action_resource_matrix.sql#RLS-T04-CROSS-USER,Direct database decision; role labels never come from user metadata
RLS-T04-CROSS-USER,batch_leader,synthetic_batch_leader_assignment,public.feedback_reports,CREATE,synthetic_resource_row,SELF_OR_POLICY_SCOPE,AUTHORIZED_OR_OTHER,AUTHORIZED_OR_OTHER,ACTIVE_OR_BOUNDARY,ALLOW,new row ownership chain resolves to auth.uid() and required state,supabase/tests/17_actor_action_resource_matrix.sql#RLS-T04-CROSS-USER,Direct database decision; role labels never come from user metadata
RLS-T04-CROSS-USER,batch_leader,synthetic_batch_leader_assignment,public.feedback_reports,UPDATE,synthetic_resource_row,SELF_OR_POLICY_SCOPE,AUTHORIZED_OR_OTHER,AUTHORIZED_OR_OTHER,ACTIVE_OR_BOUNDARY,DENY,authenticated has no reviewed UPDATE grant,supabase/tests/17_actor_action_resource_matrix.sql#RLS-T04-CROSS-USER,Direct database decision; role labels never come from user metadata
RLS-T04-CROSS-USER,batch_leader,synthetic_batch_leader_assignment,public.feedback_reports,DELETE,synthetic_resource_row,SELF_OR_POLICY_SCOPE,AUTHORIZED_OR_OTHER,AUTHORIZED_OR_OTHER,ACTIVE_OR_BOUNDARY,DENY,authenticated has no DELETE grant,supabase/tests/17_actor_action_resource_matrix.sql#RLS-T04-CROSS-USER,Direct database decision; role labels never come from user metadata
RLS-T04-CROSS-USER,admin,synthetic_admin,public.feedback_reports,READ,synthetic_resource_row,SELF_OR_POLICY_SCOPE,AUTHORIZED_OR_OTHER,AUTHORIZED_OR_OTHER,ACTIVE_OR_BOUNDARY,ALLOW,own parent chain resolves to auth.uid(),supabase/tests/17_actor_action_resource_matrix.sql#RLS-T04-CROSS-USER,Direct database decision; role labels never come from user metadata
RLS-T04-CROSS-USER,admin,synthetic_admin,public.feedback_reports,CREATE,synthetic_resource_row,SELF_OR_POLICY_SCOPE,AUTHORIZED_OR_OTHER,AUTHORIZED_OR_OTHER,ACTIVE_OR_BOUNDARY,ALLOW,new row ownership chain resolves to auth.uid() and required state,supabase/tests/17_actor_action_resource_matrix.sql#RLS-T04-CROSS-USER,Direct database decision; role labels never come from user metadata
RLS-T04-CROSS-USER,admin,synthetic_admin,public.feedback_reports,UPDATE,synthetic_resource_row,SELF_OR_POLICY_SCOPE,AUTHORIZED_OR_OTHER,AUTHORIZED_OR_OTHER,ACTIVE_OR_BOUNDARY,DENY,authenticated has no reviewed UPDATE grant,supabase/tests/17_actor_action_resource_matrix.sql#RLS-T04-CROSS-USER,Direct database decision; role labels never come from user metadata
RLS-T04-CROSS-USER,admin,synthetic_admin,public.feedback_reports,DELETE,synthetic_resource_row,SELF_OR_POLICY_SCOPE,AUTHORIZED_OR_OTHER,AUTHORIZED_OR_OTHER,ACTIVE_OR_BOUNDARY,DENY,authenticated has no DELETE grant,supabase/tests/17_actor_action_resource_matrix.sql#RLS-T04-CROSS-USER,Direct database decision; role labels never come from user metadata
RLS-T04-SERVER-ONLY,worker,trusted_worker_runtime,public.feedback_reports,READ,synthetic_resource_row,SELF_OR_POLICY_SCOPE,AUTHORIZED_OR_OTHER,AUTHORIZED_OR_OTHER,ACTIVE_OR_BOUNDARY,SERVER_ONLY,trusted runtime with server-held credential and explicit object privilege,supabase/tests/17_actor_action_resource_matrix.sql#RLS-T04-SERVER-ONLY,Direct database decision; role labels never come from user metadata
RLS-T04-SERVER-ONLY,worker,trusted_worker_runtime,public.feedback_reports,CREATE,synthetic_resource_row,SELF_OR_POLICY_SCOPE,AUTHORIZED_OR_OTHER,AUTHORIZED_OR_OTHER,ACTIVE_OR_BOUNDARY,SERVER_ONLY,trusted runtime with server-held credential and explicit object privilege,supabase/tests/17_actor_action_resource_matrix.sql#RLS-T04-SERVER-ONLY,Direct database decision; role labels never come from user metadata
RLS-T04-SERVER-ONLY,worker,trusted_worker_runtime,public.feedback_reports,UPDATE,synthetic_resource_row,SELF_OR_POLICY_SCOPE,AUTHORIZED_OR_OTHER,AUTHORIZED_OR_OTHER,ACTIVE_OR_BOUNDARY,SERVER_ONLY,trusted runtime with server-held credential and explicit object privilege,supabase/tests/17_actor_action_resource_matrix.sql#RLS-T04-SERVER-ONLY,Direct database decision; role labels never come from user metadata
RLS-T04-SERVER-ONLY,worker,trusted_worker_runtime,public.feedback_reports,DELETE,synthetic_resource_row,SELF_OR_POLICY_SCOPE,AUTHORIZED_OR_OTHER,AUTHORIZED_OR_OTHER,ACTIVE_OR_BOUNDARY,SERVER_ONLY,trusted runtime with server-held credential and explicit object privilege,supabase/tests/17_actor_action_resource_matrix.sql#RLS-T04-SERVER-ONLY,Direct database decision; role labels never come from user metadata
RLS-T04-SERVER-ONLY,service_role,trusted_service_runtime,public.feedback_reports,READ,synthetic_resource_row,SELF_OR_POLICY_SCOPE,AUTHORIZED_OR_OTHER,AUTHORIZED_OR_OTHER,ACTIVE_OR_BOUNDARY,SERVER_ONLY,trusted runtime with server-held credential and explicit object privilege,supabase/tests/17_actor_action_resource_matrix.sql#RLS-T04-SERVER-ONLY,Direct database decision; role labels never come from user metadata
RLS-T04-SERVER-ONLY,service_role,trusted_service_runtime,public.feedback_reports,CREATE,synthetic_resource_row,SELF_OR_POLICY_SCOPE,AUTHORIZED_OR_OTHER,AUTHORIZED_OR_OTHER,ACTIVE_OR_BOUNDARY,SERVER_ONLY,trusted runtime with server-held credential and explicit object privilege,supabase/tests/17_actor_action_resource_matrix.sql#RLS-T04-SERVER-ONLY,Direct database decision; role labels never come from user metadata
RLS-T04-SERVER-ONLY,service_role,trusted_service_runtime,public.feedback_reports,UPDATE,synthetic_resource_row,SELF_OR_POLICY_SCOPE,AUTHORIZED_OR_OTHER,AUTHORIZED_OR_OTHER,ACTIVE_OR_BOUNDARY,SERVER_ONLY,trusted runtime with server-held credential and explicit object privilege,supabase/tests/17_actor_action_resource_matrix.sql#RLS-T04-SERVER-ONLY,Direct database decision; role labels never come from user metadata
RLS-T04-SERVER-ONLY,service_role,trusted_service_runtime,public.feedback_reports,DELETE,synthetic_resource_row,SELF_OR_POLICY_SCOPE,AUTHORIZED_OR_OTHER,AUTHORIZED_OR_OTHER,ACTIVE_OR_BOUNDARY,SERVER_ONLY,trusted runtime with server-held credential and explicit object privilege,supabase/tests/17_actor_action_resource_matrix.sql#RLS-T04-SERVER-ONLY,Direct database decision; role labels never come from user metadata
RLS-T04-ANON-DENY,anon,anonymous_session,public.institutions,READ,synthetic_resource_row,SELF_OR_POLICY_SCOPE,AUTHORIZED_OR_OTHER,AUTHORIZED_OR_OTHER,ACTIVE_OR_BOUNDARY,DENY,anon has no table grants,supabase/tests/17_actor_action_resource_matrix.sql#RLS-T04-ANON-DENY,Direct database decision; role labels never come from user metadata
RLS-T04-ANON-DENY,anon,anonymous_session,public.institutions,CREATE,synthetic_resource_row,SELF_OR_POLICY_SCOPE,AUTHORIZED_OR_OTHER,AUTHORIZED_OR_OTHER,ACTIVE_OR_BOUNDARY,DENY,anon has no table grants,supabase/tests/17_actor_action_resource_matrix.sql#RLS-T04-ANON-DENY,Direct database decision; role labels never come from user metadata
RLS-T04-ANON-DENY,anon,anonymous_session,public.institutions,UPDATE,synthetic_resource_row,SELF_OR_POLICY_SCOPE,AUTHORIZED_OR_OTHER,AUTHORIZED_OR_OTHER,ACTIVE_OR_BOUNDARY,DENY,anon has no table grants,supabase/tests/17_actor_action_resource_matrix.sql#RLS-T04-ANON-DENY,Direct database decision; role labels never come from user metadata
RLS-T04-ANON-DENY,anon,anonymous_session,public.institutions,DELETE,synthetic_resource_row,SELF_OR_POLICY_SCOPE,AUTHORIZED_OR_OTHER,AUTHORIZED_OR_OTHER,ACTIVE_OR_BOUNDARY,DENY,anon has no table grants,supabase/tests/17_actor_action_resource_matrix.sql#RLS-T04-ANON-DENY,Direct database decision; role labels never come from user metadata
RLS-T04-POLICY-META,student,synthetic_student_a,public.institutions,READ,synthetic_resource_row,SELF_OR_POLICY_SCOPE,AUTHORIZED_OR_OTHER,AUTHORIZED_OR_OTHER,ACTIVE_OR_BOUNDARY,ALLOW,authenticated caller and active catalog row,supabase/tests/17_actor_action_resource_matrix.sql#RLS-T04-POLICY-META,Direct database decision; role labels never come from user metadata
RLS-T04-GRANT-META,student,synthetic_student_a,public.institutions,CREATE,synthetic_resource_row,SELF_OR_POLICY_SCOPE,AUTHORIZED_OR_OTHER,AUTHORIZED_OR_OTHER,ACTIVE_OR_BOUNDARY,DENY,authenticated has no INSERT grant,supabase/tests/17_actor_action_resource_matrix.sql#RLS-T04-GRANT-META,Direct database decision; role labels never come from user metadata
RLS-T04-GRANT-META,student,synthetic_student_a,public.institutions,UPDATE,synthetic_resource_row,SELF_OR_POLICY_SCOPE,AUTHORIZED_OR_OTHER,AUTHORIZED_OR_OTHER,ACTIVE_OR_BOUNDARY,DENY,authenticated has no reviewed UPDATE grant,supabase/tests/17_actor_action_resource_matrix.sql#RLS-T04-GRANT-META,Direct database decision; role labels never come from user metadata
RLS-T04-GRANT-META,student,synthetic_student_a,public.institutions,DELETE,synthetic_resource_row,SELF_OR_POLICY_SCOPE,AUTHORIZED_OR_OTHER,AUTHORIZED_OR_OTHER,ACTIVE_OR_BOUNDARY,DENY,authenticated has no DELETE grant,supabase/tests/17_actor_action_resource_matrix.sql#RLS-T04-GRANT-META,Direct database decision; role labels never come from user metadata
RLS-T04-POLICY-META,batch_leader,synthetic_batch_leader_assignment,public.institutions,READ,synthetic_resource_row,SELF_OR_POLICY_SCOPE,AUTHORIZED_OR_OTHER,AUTHORIZED_OR_OTHER,ACTIVE_OR_BOUNDARY,ALLOW,authenticated caller and active catalog row,supabase/tests/17_actor_action_resource_matrix.sql#RLS-T04-POLICY-META,Direct database decision; role labels never come from user metadata
RLS-T04-GRANT-META,batch_leader,synthetic_batch_leader_assignment,public.institutions,CREATE,synthetic_resource_row,SELF_OR_POLICY_SCOPE,AUTHORIZED_OR_OTHER,AUTHORIZED_OR_OTHER,ACTIVE_OR_BOUNDARY,DENY,authenticated has no INSERT grant,supabase/tests/17_actor_action_resource_matrix.sql#RLS-T04-GRANT-META,Direct database decision; role labels never come from user metadata
RLS-T04-GRANT-META,batch_leader,synthetic_batch_leader_assignment,public.institutions,UPDATE,synthetic_resource_row,SELF_OR_POLICY_SCOPE,AUTHORIZED_OR_OTHER,AUTHORIZED_OR_OTHER,ACTIVE_OR_BOUNDARY,DENY,authenticated has no reviewed UPDATE grant,supabase/tests/17_actor_action_resource_matrix.sql#RLS-T04-GRANT-META,Direct database decision; role labels never come from user metadata
RLS-T04-GRANT-META,batch_leader,synthetic_batch_leader_assignment,public.institutions,DELETE,synthetic_resource_row,SELF_OR_POLICY_SCOPE,AUTHORIZED_OR_OTHER,AUTHORIZED_OR_OTHER,ACTIVE_OR_BOUNDARY,DENY,authenticated has no DELETE grant,supabase/tests/17_actor_action_resource_matrix.sql#RLS-T04-GRANT-META,Direct database decision; role labels never come from user metadata
RLS-T04-POLICY-META,admin,synthetic_admin,public.institutions,READ,synthetic_resource_row,SELF_OR_POLICY_SCOPE,AUTHORIZED_OR_OTHER,AUTHORIZED_OR_OTHER,ACTIVE_OR_BOUNDARY,ALLOW,authenticated caller and active catalog row,supabase/tests/17_actor_action_resource_matrix.sql#RLS-T04-POLICY-META,Direct database decision; role labels never come from user metadata
RLS-T04-GRANT-META,admin,synthetic_admin,public.institutions,CREATE,synthetic_resource_row,SELF_OR_POLICY_SCOPE,AUTHORIZED_OR_OTHER,AUTHORIZED_OR_OTHER,ACTIVE_OR_BOUNDARY,DENY,authenticated has no INSERT grant,supabase/tests/17_actor_action_resource_matrix.sql#RLS-T04-GRANT-META,Direct database decision; role labels never come from user metadata
RLS-T04-GRANT-META,admin,synthetic_admin,public.institutions,UPDATE,synthetic_resource_row,SELF_OR_POLICY_SCOPE,AUTHORIZED_OR_OTHER,AUTHORIZED_OR_OTHER,ACTIVE_OR_BOUNDARY,DENY,authenticated has no reviewed UPDATE grant,supabase/tests/17_actor_action_resource_matrix.sql#RLS-T04-GRANT-META,Direct database decision; role labels never come from user metadata
RLS-T04-GRANT-META,admin,synthetic_admin,public.institutions,DELETE,synthetic_resource_row,SELF_OR_POLICY_SCOPE,AUTHORIZED_OR_OTHER,AUTHORIZED_OR_OTHER,ACTIVE_OR_BOUNDARY,DENY,authenticated has no DELETE grant,supabase/tests/17_actor_action_resource_matrix.sql#RLS-T04-GRANT-META,Direct database decision; role labels never come from user metadata
RLS-T04-SERVER-ONLY,worker,trusted_worker_runtime,public.institutions,READ,synthetic_resource_row,SELF_OR_POLICY_SCOPE,AUTHORIZED_OR_OTHER,AUTHORIZED_OR_OTHER,ACTIVE_OR_BOUNDARY,SERVER_ONLY,trusted runtime with server-held credential and explicit object privilege,supabase/tests/17_actor_action_resource_matrix.sql#RLS-T04-SERVER-ONLY,Direct database decision; role labels never come from user metadata
RLS-T04-SERVER-ONLY,worker,trusted_worker_runtime,public.institutions,CREATE,synthetic_resource_row,SELF_OR_POLICY_SCOPE,AUTHORIZED_OR_OTHER,AUTHORIZED_OR_OTHER,ACTIVE_OR_BOUNDARY,SERVER_ONLY,trusted runtime with server-held credential and explicit object privilege,supabase/tests/17_actor_action_resource_matrix.sql#RLS-T04-SERVER-ONLY,Direct database decision; role labels never come from user metadata
RLS-T04-SERVER-ONLY,worker,trusted_worker_runtime,public.institutions,UPDATE,synthetic_resource_row,SELF_OR_POLICY_SCOPE,AUTHORIZED_OR_OTHER,AUTHORIZED_OR_OTHER,ACTIVE_OR_BOUNDARY,SERVER_ONLY,trusted runtime with server-held credential and explicit object privilege,supabase/tests/17_actor_action_resource_matrix.sql#RLS-T04-SERVER-ONLY,Direct database decision; role labels never come from user metadata
RLS-T04-SERVER-ONLY,worker,trusted_worker_runtime,public.institutions,DELETE,synthetic_resource_row,SELF_OR_POLICY_SCOPE,AUTHORIZED_OR_OTHER,AUTHORIZED_OR_OTHER,ACTIVE_OR_BOUNDARY,SERVER_ONLY,trusted runtime with server-held credential and explicit object privilege,supabase/tests/17_actor_action_resource_matrix.sql#RLS-T04-SERVER-ONLY,Direct database decision; role labels never come from user metadata
RLS-T04-SERVER-ONLY,service_role,trusted_service_runtime,public.institutions,READ,synthetic_resource_row,SELF_OR_POLICY_SCOPE,AUTHORIZED_OR_OTHER,AUTHORIZED_OR_OTHER,ACTIVE_OR_BOUNDARY,SERVER_ONLY,trusted runtime with server-held credential and explicit object privilege,supabase/tests/17_actor_action_resource_matrix.sql#RLS-T04-SERVER-ONLY,Direct database decision; role labels never come from user metadata
RLS-T04-SERVER-ONLY,service_role,trusted_service_runtime,public.institutions,CREATE,synthetic_resource_row,SELF_OR_POLICY_SCOPE,AUTHORIZED_OR_OTHER,AUTHORIZED_OR_OTHER,ACTIVE_OR_BOUNDARY,SERVER_ONLY,trusted runtime with server-held credential and explicit object privilege,supabase/tests/17_actor_action_resource_matrix.sql#RLS-T04-SERVER-ONLY,Direct database decision; role labels never come from user metadata
RLS-T04-SERVER-ONLY,service_role,trusted_service_runtime,public.institutions,UPDATE,synthetic_resource_row,SELF_OR_POLICY_SCOPE,AUTHORIZED_OR_OTHER,AUTHORIZED_OR_OTHER,ACTIVE_OR_BOUNDARY,SERVER_ONLY,trusted runtime with server-held credential and explicit object privilege,supabase/tests/17_actor_action_resource_matrix.sql#RLS-T04-SERVER-ONLY,Direct database decision; role labels never come from user metadata
RLS-T04-SERVER-ONLY,service_role,trusted_service_runtime,public.institutions,DELETE,synthetic_resource_row,SELF_OR_POLICY_SCOPE,AUTHORIZED_OR_OTHER,AUTHORIZED_OR_OTHER,ACTIVE_OR_BOUNDARY,SERVER_ONLY,trusted runtime with server-held credential and explicit object privilege,supabase/tests/17_actor_action_resource_matrix.sql#RLS-T04-SERVER-ONLY,Direct database decision; role labels never come from user metadata
RLS-T04-ANON-DENY,anon,anonymous_session,public.profiles,READ,synthetic_resource_row,SELF_OR_POLICY_SCOPE,AUTHORIZED_OR_OTHER,AUTHORIZED_OR_OTHER,ACTIVE_OR_BOUNDARY,DENY,anon has no table grants,supabase/tests/17_actor_action_resource_matrix.sql#RLS-T04-ANON-DENY,Direct database decision; role labels never come from user metadata
RLS-T04-ANON-DENY,anon,anonymous_session,public.profiles,CREATE,synthetic_resource_row,SELF_OR_POLICY_SCOPE,AUTHORIZED_OR_OTHER,AUTHORIZED_OR_OTHER,ACTIVE_OR_BOUNDARY,DENY,anon has no table grants,supabase/tests/17_actor_action_resource_matrix.sql#RLS-T04-ANON-DENY,Direct database decision; role labels never come from user metadata
RLS-T04-ANON-DENY,anon,anonymous_session,public.profiles,UPDATE,synthetic_resource_row,SELF_OR_POLICY_SCOPE,AUTHORIZED_OR_OTHER,AUTHORIZED_OR_OTHER,ACTIVE_OR_BOUNDARY,DENY,anon has no table grants,supabase/tests/17_actor_action_resource_matrix.sql#RLS-T04-ANON-DENY,Direct database decision; role labels never come from user metadata
RLS-T04-ANON-DENY,anon,anonymous_session,public.profiles,DELETE,synthetic_resource_row,SELF_OR_POLICY_SCOPE,AUTHORIZED_OR_OTHER,AUTHORIZED_OR_OTHER,ACTIVE_OR_BOUNDARY,DENY,anon has no table grants,supabase/tests/17_actor_action_resource_matrix.sql#RLS-T04-ANON-DENY,Direct database decision; role labels never come from user metadata
RLS-T04-CROSS-USER,student,synthetic_student_a,public.profiles,READ,synthetic_resource_row,SELF_OR_POLICY_SCOPE,AUTHORIZED_OR_OTHER,AUTHORIZED_OR_OTHER,ACTIVE_OR_BOUNDARY,ALLOW,row user_id equals auth.uid(),supabase/tests/17_actor_action_resource_matrix.sql#RLS-T04-CROSS-USER,Direct database decision; role labels never come from user metadata
RLS-T04-CROSS-USER,student,synthetic_student_a,public.profiles,CREATE,synthetic_resource_row,SELF_OR_POLICY_SCOPE,AUTHORIZED_OR_OTHER,AUTHORIZED_OR_OTHER,ACTIVE_OR_BOUNDARY,DENY,authenticated has no INSERT grant,supabase/tests/17_actor_action_resource_matrix.sql#RLS-T04-CROSS-USER,Direct database decision; role labels never come from user metadata
RLS-T04-CROSS-USER,student,synthetic_student_a,public.profiles,UPDATE,synthetic_resource_row,SELF_OR_POLICY_SCOPE,AUTHORIZED_OR_OTHER,AUTHORIZED_OR_OTHER,ACTIVE_OR_BOUNDARY,ALLOW,existing and resulting own-row scope resolves to auth.uid() with column allowlist,supabase/tests/17_actor_action_resource_matrix.sql#RLS-T04-CROSS-USER,Direct database decision; role labels never come from user metadata
RLS-T04-CROSS-USER,student,synthetic_student_a,public.profiles,DELETE,synthetic_resource_row,SELF_OR_POLICY_SCOPE,AUTHORIZED_OR_OTHER,AUTHORIZED_OR_OTHER,ACTIVE_OR_BOUNDARY,DENY,authenticated has no DELETE grant,supabase/tests/17_actor_action_resource_matrix.sql#RLS-T04-CROSS-USER,Direct database decision; role labels never come from user metadata
RLS-T04-CROSS-USER,batch_leader,synthetic_batch_leader_assignment,public.profiles,READ,synthetic_resource_row,SELF_OR_POLICY_SCOPE,AUTHORIZED_OR_OTHER,AUTHORIZED_OR_OTHER,ACTIVE_OR_BOUNDARY,ALLOW,row user_id equals auth.uid(),supabase/tests/17_actor_action_resource_matrix.sql#RLS-T04-CROSS-USER,Direct database decision; role labels never come from user metadata
RLS-T04-CROSS-USER,batch_leader,synthetic_batch_leader_assignment,public.profiles,CREATE,synthetic_resource_row,SELF_OR_POLICY_SCOPE,AUTHORIZED_OR_OTHER,AUTHORIZED_OR_OTHER,ACTIVE_OR_BOUNDARY,DENY,authenticated has no INSERT grant,supabase/tests/17_actor_action_resource_matrix.sql#RLS-T04-CROSS-USER,Direct database decision; role labels never come from user metadata
RLS-T04-CROSS-USER,batch_leader,synthetic_batch_leader_assignment,public.profiles,UPDATE,synthetic_resource_row,SELF_OR_POLICY_SCOPE,AUTHORIZED_OR_OTHER,AUTHORIZED_OR_OTHER,ACTIVE_OR_BOUNDARY,ALLOW,existing and resulting own-row scope resolves to auth.uid() with column allowlist,supabase/tests/17_actor_action_resource_matrix.sql#RLS-T04-CROSS-USER,Direct database decision; role labels never come from user metadata
RLS-T04-CROSS-USER,batch_leader,synthetic_batch_leader_assignment,public.profiles,DELETE,synthetic_resource_row,SELF_OR_POLICY_SCOPE,AUTHORIZED_OR_OTHER,AUTHORIZED_OR_OTHER,ACTIVE_OR_BOUNDARY,DENY,authenticated has no DELETE grant,supabase/tests/17_actor_action_resource_matrix.sql#RLS-T04-CROSS-USER,Direct database decision; role labels never come from user metadata
RLS-T04-CROSS-USER,admin,synthetic_admin,public.profiles,READ,synthetic_resource_row,SELF_OR_POLICY_SCOPE,AUTHORIZED_OR_OTHER,AUTHORIZED_OR_OTHER,ACTIVE_OR_BOUNDARY,ALLOW,row user_id equals auth.uid(),supabase/tests/17_actor_action_resource_matrix.sql#RLS-T04-CROSS-USER,Direct database decision; role labels never come from user metadata
RLS-T04-CROSS-USER,admin,synthetic_admin,public.profiles,CREATE,synthetic_resource_row,SELF_OR_POLICY_SCOPE,AUTHORIZED_OR_OTHER,AUTHORIZED_OR_OTHER,ACTIVE_OR_BOUNDARY,DENY,authenticated has no INSERT grant,supabase/tests/17_actor_action_resource_matrix.sql#RLS-T04-CROSS-USER,Direct database decision; role labels never come from user metadata
RLS-T04-CROSS-USER,admin,synthetic_admin,public.profiles,UPDATE,synthetic_resource_row,SELF_OR_POLICY_SCOPE,AUTHORIZED_OR_OTHER,AUTHORIZED_OR_OTHER,ACTIVE_OR_BOUNDARY,ALLOW,existing and resulting own-row scope resolves to auth.uid() with column allowlist,supabase/tests/17_actor_action_resource_matrix.sql#RLS-T04-CROSS-USER,Direct database decision; role labels never come from user metadata
RLS-T04-CROSS-USER,admin,synthetic_admin,public.profiles,DELETE,synthetic_resource_row,SELF_OR_POLICY_SCOPE,AUTHORIZED_OR_OTHER,AUTHORIZED_OR_OTHER,ACTIVE_OR_BOUNDARY,DENY,authenticated has no DELETE grant,supabase/tests/17_actor_action_resource_matrix.sql#RLS-T04-CROSS-USER,Direct database decision; role labels never come from user metadata
RLS-T04-SERVER-ONLY,worker,trusted_worker_runtime,public.profiles,READ,synthetic_resource_row,SELF_OR_POLICY_SCOPE,AUTHORIZED_OR_OTHER,AUTHORIZED_OR_OTHER,ACTIVE_OR_BOUNDARY,SERVER_ONLY,trusted runtime with server-held credential and explicit object privilege,supabase/tests/17_actor_action_resource_matrix.sql#RLS-T04-SERVER-ONLY,Direct database decision; role labels never come from user metadata
RLS-T04-SERVER-ONLY,worker,trusted_worker_runtime,public.profiles,CREATE,synthetic_resource_row,SELF_OR_POLICY_SCOPE,AUTHORIZED_OR_OTHER,AUTHORIZED_OR_OTHER,ACTIVE_OR_BOUNDARY,SERVER_ONLY,trusted runtime with server-held credential and explicit object privilege,supabase/tests/17_actor_action_resource_matrix.sql#RLS-T04-SERVER-ONLY,Direct database decision; role labels never come from user metadata
RLS-T04-SERVER-ONLY,worker,trusted_worker_runtime,public.profiles,UPDATE,synthetic_resource_row,SELF_OR_POLICY_SCOPE,AUTHORIZED_OR_OTHER,AUTHORIZED_OR_OTHER,ACTIVE_OR_BOUNDARY,SERVER_ONLY,trusted runtime with server-held credential and explicit object privilege,supabase/tests/17_actor_action_resource_matrix.sql#RLS-T04-SERVER-ONLY,Direct database decision; role labels never come from user metadata
RLS-T04-SERVER-ONLY,worker,trusted_worker_runtime,public.profiles,DELETE,synthetic_resource_row,SELF_OR_POLICY_SCOPE,AUTHORIZED_OR_OTHER,AUTHORIZED_OR_OTHER,ACTIVE_OR_BOUNDARY,SERVER_ONLY,trusted runtime with server-held credential and explicit object privilege,supabase/tests/17_actor_action_resource_matrix.sql#RLS-T04-SERVER-ONLY,Direct database decision; role labels never come from user metadata
RLS-T04-SERVER-ONLY,service_role,trusted_service_runtime,public.profiles,READ,synthetic_resource_row,SELF_OR_POLICY_SCOPE,AUTHORIZED_OR_OTHER,AUTHORIZED_OR_OTHER,ACTIVE_OR_BOUNDARY,SERVER_ONLY,trusted runtime with server-held credential and explicit object privilege,supabase/tests/17_actor_action_resource_matrix.sql#RLS-T04-SERVER-ONLY,Direct database decision; role labels never come from user metadata
RLS-T04-SERVER-ONLY,service_role,trusted_service_runtime,public.profiles,CREATE,synthetic_resource_row,SELF_OR_POLICY_SCOPE,AUTHORIZED_OR_OTHER,AUTHORIZED_OR_OTHER,ACTIVE_OR_BOUNDARY,SERVER_ONLY,trusted runtime with server-held credential and explicit object privilege,supabase/tests/17_actor_action_resource_matrix.sql#RLS-T04-SERVER-ONLY,Direct database decision; role labels never come from user metadata
RLS-T04-SERVER-ONLY,service_role,trusted_service_runtime,public.profiles,UPDATE,synthetic_resource_row,SELF_OR_POLICY_SCOPE,AUTHORIZED_OR_OTHER,AUTHORIZED_OR_OTHER,ACTIVE_OR_BOUNDARY,SERVER_ONLY,trusted runtime with server-held credential and explicit object privilege,supabase/tests/17_actor_action_resource_matrix.sql#RLS-T04-SERVER-ONLY,Direct database decision; role labels never come from user metadata
RLS-T04-SERVER-ONLY,service_role,trusted_service_runtime,public.profiles,DELETE,synthetic_resource_row,SELF_OR_POLICY_SCOPE,AUTHORIZED_OR_OTHER,AUTHORIZED_OR_OTHER,ACTIVE_OR_BOUNDARY,SERVER_ONLY,trusted runtime with server-held credential and explicit object privilege,supabase/tests/17_actor_action_resource_matrix.sql#RLS-T04-SERVER-ONLY,Direct database decision; role labels never come from user metadata
RLS-T04-ANON-DENY,anon,anonymous_session,public.programs,READ,synthetic_resource_row,SELF_OR_POLICY_SCOPE,AUTHORIZED_OR_OTHER,AUTHORIZED_OR_OTHER,ACTIVE_OR_BOUNDARY,DENY,anon has no table grants,supabase/tests/17_actor_action_resource_matrix.sql#RLS-T04-ANON-DENY,Direct database decision; role labels never come from user metadata
RLS-T04-ANON-DENY,anon,anonymous_session,public.programs,CREATE,synthetic_resource_row,SELF_OR_POLICY_SCOPE,AUTHORIZED_OR_OTHER,AUTHORIZED_OR_OTHER,ACTIVE_OR_BOUNDARY,DENY,anon has no table grants,supabase/tests/17_actor_action_resource_matrix.sql#RLS-T04-ANON-DENY,Direct database decision; role labels never come from user metadata
RLS-T04-ANON-DENY,anon,anonymous_session,public.programs,UPDATE,synthetic_resource_row,SELF_OR_POLICY_SCOPE,AUTHORIZED_OR_OTHER,AUTHORIZED_OR_OTHER,ACTIVE_OR_BOUNDARY,DENY,anon has no table grants,supabase/tests/17_actor_action_resource_matrix.sql#RLS-T04-ANON-DENY,Direct database decision; role labels never come from user metadata
RLS-T04-ANON-DENY,anon,anonymous_session,public.programs,DELETE,synthetic_resource_row,SELF_OR_POLICY_SCOPE,AUTHORIZED_OR_OTHER,AUTHORIZED_OR_OTHER,ACTIVE_OR_BOUNDARY,DENY,anon has no table grants,supabase/tests/17_actor_action_resource_matrix.sql#RLS-T04-ANON-DENY,Direct database decision; role labels never come from user metadata
RLS-T04-POLICY-META,student,synthetic_student_a,public.programs,READ,synthetic_resource_row,SELF_OR_POLICY_SCOPE,AUTHORIZED_OR_OTHER,AUTHORIZED_OR_OTHER,ACTIVE_OR_BOUNDARY,ALLOW,authenticated caller and active catalog row,supabase/tests/17_actor_action_resource_matrix.sql#RLS-T04-POLICY-META,Direct database decision; role labels never come from user metadata
RLS-T04-GRANT-META,student,synthetic_student_a,public.programs,CREATE,synthetic_resource_row,SELF_OR_POLICY_SCOPE,AUTHORIZED_OR_OTHER,AUTHORIZED_OR_OTHER,ACTIVE_OR_BOUNDARY,DENY,authenticated has no INSERT grant,supabase/tests/17_actor_action_resource_matrix.sql#RLS-T04-GRANT-META,Direct database decision; role labels never come from user metadata
RLS-T04-GRANT-META,student,synthetic_student_a,public.programs,UPDATE,synthetic_resource_row,SELF_OR_POLICY_SCOPE,AUTHORIZED_OR_OTHER,AUTHORIZED_OR_OTHER,ACTIVE_OR_BOUNDARY,DENY,authenticated has no reviewed UPDATE grant,supabase/tests/17_actor_action_resource_matrix.sql#RLS-T04-GRANT-META,Direct database decision; role labels never come from user metadata
RLS-T04-GRANT-META,student,synthetic_student_a,public.programs,DELETE,synthetic_resource_row,SELF_OR_POLICY_SCOPE,AUTHORIZED_OR_OTHER,AUTHORIZED_OR_OTHER,ACTIVE_OR_BOUNDARY,DENY,authenticated has no DELETE grant,supabase/tests/17_actor_action_resource_matrix.sql#RLS-T04-GRANT-META,Direct database decision; role labels never come from user metadata
RLS-T04-POLICY-META,batch_leader,synthetic_batch_leader_assignment,public.programs,READ,synthetic_resource_row,SELF_OR_POLICY_SCOPE,AUTHORIZED_OR_OTHER,AUTHORIZED_OR_OTHER,ACTIVE_OR_BOUNDARY,ALLOW,authenticated caller and active catalog row,supabase/tests/17_actor_action_resource_matrix.sql#RLS-T04-POLICY-META,Direct database decision; role labels never come from user metadata
RLS-T04-GRANT-META,batch_leader,synthetic_batch_leader_assignment,public.programs,CREATE,synthetic_resource_row,SELF_OR_POLICY_SCOPE,AUTHORIZED_OR_OTHER,AUTHORIZED_OR_OTHER,ACTIVE_OR_BOUNDARY,DENY,authenticated has no INSERT grant,supabase/tests/17_actor_action_resource_matrix.sql#RLS-T04-GRANT-META,Direct database decision; role labels never come from user metadata
RLS-T04-GRANT-META,batch_leader,synthetic_batch_leader_assignment,public.programs,UPDATE,synthetic_resource_row,SELF_OR_POLICY_SCOPE,AUTHORIZED_OR_OTHER,AUTHORIZED_OR_OTHER,ACTIVE_OR_BOUNDARY,DENY,authenticated has no reviewed UPDATE grant,supabase/tests/17_actor_action_resource_matrix.sql#RLS-T04-GRANT-META,Direct database decision; role labels never come from user metadata
RLS-T04-GRANT-META,batch_leader,synthetic_batch_leader_assignment,public.programs,DELETE,synthetic_resource_row,SELF_OR_POLICY_SCOPE,AUTHORIZED_OR_OTHER,AUTHORIZED_OR_OTHER,ACTIVE_OR_BOUNDARY,DENY,authenticated has no DELETE grant,supabase/tests/17_actor_action_resource_matrix.sql#RLS-T04-GRANT-META,Direct database decision; role labels never come from user metadata
RLS-T04-POLICY-META,admin,synthetic_admin,public.programs,READ,synthetic_resource_row,SELF_OR_POLICY_SCOPE,AUTHORIZED_OR_OTHER,AUTHORIZED_OR_OTHER,ACTIVE_OR_BOUNDARY,ALLOW,authenticated caller and active catalog row,supabase/tests/17_actor_action_resource_matrix.sql#RLS-T04-POLICY-META,Direct database decision; role labels never come from user metadata
RLS-T04-GRANT-META,admin,synthetic_admin,public.programs,CREATE,synthetic_resource_row,SELF_OR_POLICY_SCOPE,AUTHORIZED_OR_OTHER,AUTHORIZED_OR_OTHER,ACTIVE_OR_BOUNDARY,DENY,authenticated has no INSERT grant,supabase/tests/17_actor_action_resource_matrix.sql#RLS-T04-GRANT-META,Direct database decision; role labels never come from user metadata
RLS-T04-GRANT-META,admin,synthetic_admin,public.programs,UPDATE,synthetic_resource_row,SELF_OR_POLICY_SCOPE,AUTHORIZED_OR_OTHER,AUTHORIZED_OR_OTHER,ACTIVE_OR_BOUNDARY,DENY,authenticated has no reviewed UPDATE grant,supabase/tests/17_actor_action_resource_matrix.sql#RLS-T04-GRANT-META,Direct database decision; role labels never come from user metadata
RLS-T04-GRANT-META,admin,synthetic_admin,public.programs,DELETE,synthetic_resource_row,SELF_OR_POLICY_SCOPE,AUTHORIZED_OR_OTHER,AUTHORIZED_OR_OTHER,ACTIVE_OR_BOUNDARY,DENY,authenticated has no DELETE grant,supabase/tests/17_actor_action_resource_matrix.sql#RLS-T04-GRANT-META,Direct database decision; role labels never come from user metadata
RLS-T04-SERVER-ONLY,worker,trusted_worker_runtime,public.programs,READ,synthetic_resource_row,SELF_OR_POLICY_SCOPE,AUTHORIZED_OR_OTHER,AUTHORIZED_OR_OTHER,ACTIVE_OR_BOUNDARY,SERVER_ONLY,trusted runtime with server-held credential and explicit object privilege,supabase/tests/17_actor_action_resource_matrix.sql#RLS-T04-SERVER-ONLY,Direct database decision; role labels never come from user metadata
RLS-T04-SERVER-ONLY,worker,trusted_worker_runtime,public.programs,CREATE,synthetic_resource_row,SELF_OR_POLICY_SCOPE,AUTHORIZED_OR_OTHER,AUTHORIZED_OR_OTHER,ACTIVE_OR_BOUNDARY,SERVER_ONLY,trusted runtime with server-held credential and explicit object privilege,supabase/tests/17_actor_action_resource_matrix.sql#RLS-T04-SERVER-ONLY,Direct database decision; role labels never come from user metadata
RLS-T04-SERVER-ONLY,worker,trusted_worker_runtime,public.programs,UPDATE,synthetic_resource_row,SELF_OR_POLICY_SCOPE,AUTHORIZED_OR_OTHER,AUTHORIZED_OR_OTHER,ACTIVE_OR_BOUNDARY,SERVER_ONLY,trusted runtime with server-held credential and explicit object privilege,supabase/tests/17_actor_action_resource_matrix.sql#RLS-T04-SERVER-ONLY,Direct database decision; role labels never come from user metadata
RLS-T04-SERVER-ONLY,worker,trusted_worker_runtime,public.programs,DELETE,synthetic_resource_row,SELF_OR_POLICY_SCOPE,AUTHORIZED_OR_OTHER,AUTHORIZED_OR_OTHER,ACTIVE_OR_BOUNDARY,SERVER_ONLY,trusted runtime with server-held credential and explicit object privilege,supabase/tests/17_actor_action_resource_matrix.sql#RLS-T04-SERVER-ONLY,Direct database decision; role labels never come from user metadata
RLS-T04-SERVER-ONLY,service_role,trusted_service_runtime,public.programs,READ,synthetic_resource_row,SELF_OR_POLICY_SCOPE,AUTHORIZED_OR_OTHER,AUTHORIZED_OR_OTHER,ACTIVE_OR_BOUNDARY,SERVER_ONLY,trusted runtime with server-held credential and explicit object privilege,supabase/tests/17_actor_action_resource_matrix.sql#RLS-T04-SERVER-ONLY,Direct database decision; role labels never come from user metadata
RLS-T04-SERVER-ONLY,service_role,trusted_service_runtime,public.programs,CREATE,synthetic_resource_row,SELF_OR_POLICY_SCOPE,AUTHORIZED_OR_OTHER,AUTHORIZED_OR_OTHER,ACTIVE_OR_BOUNDARY,SERVER_ONLY,trusted runtime with server-held credential and explicit object privilege,supabase/tests/17_actor_action_resource_matrix.sql#RLS-T04-SERVER-ONLY,Direct database decision; role labels never come from user metadata
RLS-T04-SERVER-ONLY,service_role,trusted_service_runtime,public.programs,UPDATE,synthetic_resource_row,SELF_OR_POLICY_SCOPE,AUTHORIZED_OR_OTHER,AUTHORIZED_OR_OTHER,ACTIVE_OR_BOUNDARY,SERVER_ONLY,trusted runtime with server-held credential and explicit object privilege,supabase/tests/17_actor_action_resource_matrix.sql#RLS-T04-SERVER-ONLY,Direct database decision; role labels never come from user metadata
RLS-T04-SERVER-ONLY,service_role,trusted_service_runtime,public.programs,DELETE,synthetic_resource_row,SELF_OR_POLICY_SCOPE,AUTHORIZED_OR_OTHER,AUTHORIZED_OR_OTHER,ACTIVE_OR_BOUNDARY,SERVER_ONLY,trusted runtime with server-held credential and explicit object privilege,supabase/tests/17_actor_action_resource_matrix.sql#RLS-T04-SERVER-ONLY,Direct database decision; role labels never come from user metadata
RLS-T04-ANON-DENY,anon,anonymous_session,public.quiz_attempts,READ,synthetic_resource_row,SELF_OR_POLICY_SCOPE,AUTHORIZED_OR_OTHER,AUTHORIZED_OR_OTHER,ACTIVE_OR_BOUNDARY,DENY,anon has no table grants,supabase/tests/17_actor_action_resource_matrix.sql#RLS-T04-ANON-DENY,Direct database decision; role labels never come from user metadata
RLS-T04-ANON-DENY,anon,anonymous_session,public.quiz_attempts,CREATE,synthetic_resource_row,SELF_OR_POLICY_SCOPE,AUTHORIZED_OR_OTHER,AUTHORIZED_OR_OTHER,ACTIVE_OR_BOUNDARY,DENY,anon has no table grants,supabase/tests/17_actor_action_resource_matrix.sql#RLS-T04-ANON-DENY,Direct database decision; role labels never come from user metadata
RLS-T04-ANON-DENY,anon,anonymous_session,public.quiz_attempts,UPDATE,synthetic_resource_row,SELF_OR_POLICY_SCOPE,AUTHORIZED_OR_OTHER,AUTHORIZED_OR_OTHER,ACTIVE_OR_BOUNDARY,DENY,anon has no table grants,supabase/tests/17_actor_action_resource_matrix.sql#RLS-T04-ANON-DENY,Direct database decision; role labels never come from user metadata
RLS-T04-ANON-DENY,anon,anonymous_session,public.quiz_attempts,DELETE,synthetic_resource_row,SELF_OR_POLICY_SCOPE,AUTHORIZED_OR_OTHER,AUTHORIZED_OR_OTHER,ACTIVE_OR_BOUNDARY,DENY,anon has no table grants,supabase/tests/17_actor_action_resource_matrix.sql#RLS-T04-ANON-DENY,Direct database decision; role labels never come from user metadata
RLS-T04-CROSS-USER,student,synthetic_student_a,public.quiz_attempts,READ,synthetic_resource_row,SELF_OR_POLICY_SCOPE,AUTHORIZED_OR_OTHER,AUTHORIZED_OR_OTHER,ACTIVE_OR_BOUNDARY,ALLOW,own parent chain resolves to auth.uid(),supabase/tests/17_actor_action_resource_matrix.sql#RLS-T04-CROSS-USER,Direct database decision; role labels never come from user metadata
RLS-T04-CROSS-USER,student,synthetic_student_a,public.quiz_attempts,CREATE,synthetic_resource_row,SELF_OR_POLICY_SCOPE,AUTHORIZED_OR_OTHER,AUTHORIZED_OR_OTHER,ACTIVE_OR_BOUNDARY,ALLOW,new row ownership chain resolves to auth.uid() and required state,supabase/tests/17_actor_action_resource_matrix.sql#RLS-T04-CROSS-USER,Direct database decision; role labels never come from user metadata
RLS-T04-CROSS-USER,student,synthetic_student_a,public.quiz_attempts,UPDATE,synthetic_resource_row,SELF_OR_POLICY_SCOPE,AUTHORIZED_OR_OTHER,AUTHORIZED_OR_OTHER,ACTIVE_OR_BOUNDARY,ALLOW,existing and resulting own-row scope resolves to auth.uid() with column allowlist,supabase/tests/17_actor_action_resource_matrix.sql#RLS-T04-CROSS-USER,Direct database decision; role labels never come from user metadata
RLS-T04-CROSS-USER,student,synthetic_student_a,public.quiz_attempts,DELETE,synthetic_resource_row,SELF_OR_POLICY_SCOPE,AUTHORIZED_OR_OTHER,AUTHORIZED_OR_OTHER,ACTIVE_OR_BOUNDARY,DENY,authenticated has no DELETE grant,supabase/tests/17_actor_action_resource_matrix.sql#RLS-T04-CROSS-USER,Direct database decision; role labels never come from user metadata
RLS-T04-CROSS-USER,batch_leader,synthetic_batch_leader_assignment,public.quiz_attempts,READ,synthetic_resource_row,SELF_OR_POLICY_SCOPE,AUTHORIZED_OR_OTHER,AUTHORIZED_OR_OTHER,ACTIVE_OR_BOUNDARY,ALLOW,own parent chain resolves to auth.uid(),supabase/tests/17_actor_action_resource_matrix.sql#RLS-T04-CROSS-USER,Direct database decision; role labels never come from user metadata
RLS-T04-CROSS-USER,batch_leader,synthetic_batch_leader_assignment,public.quiz_attempts,CREATE,synthetic_resource_row,SELF_OR_POLICY_SCOPE,AUTHORIZED_OR_OTHER,AUTHORIZED_OR_OTHER,ACTIVE_OR_BOUNDARY,ALLOW,new row ownership chain resolves to auth.uid() and required state,supabase/tests/17_actor_action_resource_matrix.sql#RLS-T04-CROSS-USER,Direct database decision; role labels never come from user metadata
RLS-T04-CROSS-USER,batch_leader,synthetic_batch_leader_assignment,public.quiz_attempts,UPDATE,synthetic_resource_row,SELF_OR_POLICY_SCOPE,AUTHORIZED_OR_OTHER,AUTHORIZED_OR_OTHER,ACTIVE_OR_BOUNDARY,ALLOW,existing and resulting own-row scope resolves to auth.uid() with column allowlist,supabase/tests/17_actor_action_resource_matrix.sql#RLS-T04-CROSS-USER,Direct database decision; role labels never come from user metadata
RLS-T04-CROSS-USER,batch_leader,synthetic_batch_leader_assignment,public.quiz_attempts,DELETE,synthetic_resource_row,SELF_OR_POLICY_SCOPE,AUTHORIZED_OR_OTHER,AUTHORIZED_OR_OTHER,ACTIVE_OR_BOUNDARY,DENY,authenticated has no DELETE grant,supabase/tests/17_actor_action_resource_matrix.sql#RLS-T04-CROSS-USER,Direct database decision; role labels never come from user metadata
RLS-T04-CROSS-USER,admin,synthetic_admin,public.quiz_attempts,READ,synthetic_resource_row,SELF_OR_POLICY_SCOPE,AUTHORIZED_OR_OTHER,AUTHORIZED_OR_OTHER,ACTIVE_OR_BOUNDARY,ALLOW,own parent chain resolves to auth.uid(),supabase/tests/17_actor_action_resource_matrix.sql#RLS-T04-CROSS-USER,Direct database decision; role labels never come from user metadata
RLS-T04-CROSS-USER,admin,synthetic_admin,public.quiz_attempts,CREATE,synthetic_resource_row,SELF_OR_POLICY_SCOPE,AUTHORIZED_OR_OTHER,AUTHORIZED_OR_OTHER,ACTIVE_OR_BOUNDARY,ALLOW,new row ownership chain resolves to auth.uid() and required state,supabase/tests/17_actor_action_resource_matrix.sql#RLS-T04-CROSS-USER,Direct database decision; role labels never come from user metadata
RLS-T04-CROSS-USER,admin,synthetic_admin,public.quiz_attempts,UPDATE,synthetic_resource_row,SELF_OR_POLICY_SCOPE,AUTHORIZED_OR_OTHER,AUTHORIZED_OR_OTHER,ACTIVE_OR_BOUNDARY,ALLOW,existing and resulting own-row scope resolves to auth.uid() with column allowlist,supabase/tests/17_actor_action_resource_matrix.sql#RLS-T04-CROSS-USER,Direct database decision; role labels never come from user metadata
RLS-T04-CROSS-USER,admin,synthetic_admin,public.quiz_attempts,DELETE,synthetic_resource_row,SELF_OR_POLICY_SCOPE,AUTHORIZED_OR_OTHER,AUTHORIZED_OR_OTHER,ACTIVE_OR_BOUNDARY,DENY,authenticated has no DELETE grant,supabase/tests/17_actor_action_resource_matrix.sql#RLS-T04-CROSS-USER,Direct database decision; role labels never come from user metadata
RLS-T04-SERVER-ONLY,worker,trusted_worker_runtime,public.quiz_attempts,READ,synthetic_resource_row,SELF_OR_POLICY_SCOPE,AUTHORIZED_OR_OTHER,AUTHORIZED_OR_OTHER,ACTIVE_OR_BOUNDARY,SERVER_ONLY,trusted runtime with server-held credential and explicit object privilege,supabase/tests/17_actor_action_resource_matrix.sql#RLS-T04-SERVER-ONLY,Direct database decision; role labels never come from user metadata
RLS-T04-SERVER-ONLY,worker,trusted_worker_runtime,public.quiz_attempts,CREATE,synthetic_resource_row,SELF_OR_POLICY_SCOPE,AUTHORIZED_OR_OTHER,AUTHORIZED_OR_OTHER,ACTIVE_OR_BOUNDARY,SERVER_ONLY,trusted runtime with server-held credential and explicit object privilege,supabase/tests/17_actor_action_resource_matrix.sql#RLS-T04-SERVER-ONLY,Direct database decision; role labels never come from user metadata
RLS-T04-SERVER-ONLY,worker,trusted_worker_runtime,public.quiz_attempts,UPDATE,synthetic_resource_row,SELF_OR_POLICY_SCOPE,AUTHORIZED_OR_OTHER,AUTHORIZED_OR_OTHER,ACTIVE_OR_BOUNDARY,SERVER_ONLY,trusted runtime with server-held credential and explicit object privilege,supabase/tests/17_actor_action_resource_matrix.sql#RLS-T04-SERVER-ONLY,Direct database decision; role labels never come from user metadata
RLS-T04-SERVER-ONLY,worker,trusted_worker_runtime,public.quiz_attempts,DELETE,synthetic_resource_row,SELF_OR_POLICY_SCOPE,AUTHORIZED_OR_OTHER,AUTHORIZED_OR_OTHER,ACTIVE_OR_BOUNDARY,SERVER_ONLY,trusted runtime with server-held credential and explicit object privilege,supabase/tests/17_actor_action_resource_matrix.sql#RLS-T04-SERVER-ONLY,Direct database decision; role labels never come from user metadata
RLS-T04-SERVER-ONLY,service_role,trusted_service_runtime,public.quiz_attempts,READ,synthetic_resource_row,SELF_OR_POLICY_SCOPE,AUTHORIZED_OR_OTHER,AUTHORIZED_OR_OTHER,ACTIVE_OR_BOUNDARY,SERVER_ONLY,trusted runtime with server-held credential and explicit object privilege,supabase/tests/17_actor_action_resource_matrix.sql#RLS-T04-SERVER-ONLY,Direct database decision; role labels never come from user metadata
RLS-T04-SERVER-ONLY,service_role,trusted_service_runtime,public.quiz_attempts,CREATE,synthetic_resource_row,SELF_OR_POLICY_SCOPE,AUTHORIZED_OR_OTHER,AUTHORIZED_OR_OTHER,ACTIVE_OR_BOUNDARY,SERVER_ONLY,trusted runtime with server-held credential and explicit object privilege,supabase/tests/17_actor_action_resource_matrix.sql#RLS-T04-SERVER-ONLY,Direct database decision; role labels never come from user metadata
RLS-T04-SERVER-ONLY,service_role,trusted_service_runtime,public.quiz_attempts,UPDATE,synthetic_resource_row,SELF_OR_POLICY_SCOPE,AUTHORIZED_OR_OTHER,AUTHORIZED_OR_OTHER,ACTIVE_OR_BOUNDARY,SERVER_ONLY,trusted runtime with server-held credential and explicit object privilege,supabase/tests/17_actor_action_resource_matrix.sql#RLS-T04-SERVER-ONLY,Direct database decision; role labels never come from user metadata
RLS-T04-SERVER-ONLY,service_role,trusted_service_runtime,public.quiz_attempts,DELETE,synthetic_resource_row,SELF_OR_POLICY_SCOPE,AUTHORIZED_OR_OTHER,AUTHORIZED_OR_OTHER,ACTIVE_OR_BOUNDARY,SERVER_ONLY,trusted runtime with server-held credential and explicit object privilege,supabase/tests/17_actor_action_resource_matrix.sql#RLS-T04-SERVER-ONLY,Direct database decision; role labels never come from user metadata
RLS-T04-ANON-DENY,anon,anonymous_session,public.quiz_responses,READ,synthetic_resource_row,SELF_OR_POLICY_SCOPE,AUTHORIZED_OR_OTHER,AUTHORIZED_OR_OTHER,ACTIVE_OR_BOUNDARY,DENY,anon has no table grants,supabase/tests/17_actor_action_resource_matrix.sql#RLS-T04-ANON-DENY,Direct database decision; role labels never come from user metadata
RLS-T04-ANON-DENY,anon,anonymous_session,public.quiz_responses,CREATE,synthetic_resource_row,SELF_OR_POLICY_SCOPE,AUTHORIZED_OR_OTHER,AUTHORIZED_OR_OTHER,ACTIVE_OR_BOUNDARY,DENY,anon has no table grants,supabase/tests/17_actor_action_resource_matrix.sql#RLS-T04-ANON-DENY,Direct database decision; role labels never come from user metadata
RLS-T04-ANON-DENY,anon,anonymous_session,public.quiz_responses,UPDATE,synthetic_resource_row,SELF_OR_POLICY_SCOPE,AUTHORIZED_OR_OTHER,AUTHORIZED_OR_OTHER,ACTIVE_OR_BOUNDARY,DENY,anon has no table grants,supabase/tests/17_actor_action_resource_matrix.sql#RLS-T04-ANON-DENY,Direct database decision; role labels never come from user metadata
RLS-T04-ANON-DENY,anon,anonymous_session,public.quiz_responses,DELETE,synthetic_resource_row,SELF_OR_POLICY_SCOPE,AUTHORIZED_OR_OTHER,AUTHORIZED_OR_OTHER,ACTIVE_OR_BOUNDARY,DENY,anon has no table grants,supabase/tests/17_actor_action_resource_matrix.sql#RLS-T04-ANON-DENY,Direct database decision; role labels never come from user metadata
RLS-T04-CROSS-USER,student,synthetic_student_a,public.quiz_responses,READ,synthetic_resource_row,SELF_OR_POLICY_SCOPE,AUTHORIZED_OR_OTHER,AUTHORIZED_OR_OTHER,ACTIVE_OR_BOUNDARY,ALLOW,own parent chain resolves to auth.uid(),supabase/tests/17_actor_action_resource_matrix.sql#RLS-T04-CROSS-USER,Direct database decision; role labels never come from user metadata
RLS-T04-CROSS-USER,student,synthetic_student_a,public.quiz_responses,CREATE,synthetic_resource_row,SELF_OR_POLICY_SCOPE,AUTHORIZED_OR_OTHER,AUTHORIZED_OR_OTHER,ACTIVE_OR_BOUNDARY,ALLOW,new row ownership chain resolves to auth.uid() and required state,supabase/tests/17_actor_action_resource_matrix.sql#RLS-T04-CROSS-USER,Direct database decision; role labels never come from user metadata
RLS-T04-CROSS-USER,student,synthetic_student_a,public.quiz_responses,UPDATE,synthetic_resource_row,SELF_OR_POLICY_SCOPE,AUTHORIZED_OR_OTHER,AUTHORIZED_OR_OTHER,ACTIVE_OR_BOUNDARY,ALLOW,existing and resulting own-row scope resolves to auth.uid() with column allowlist,supabase/tests/17_actor_action_resource_matrix.sql#RLS-T04-CROSS-USER,Direct database decision; role labels never come from user metadata
RLS-T04-CROSS-USER,student,synthetic_student_a,public.quiz_responses,DELETE,synthetic_resource_row,SELF_OR_POLICY_SCOPE,AUTHORIZED_OR_OTHER,AUTHORIZED_OR_OTHER,ACTIVE_OR_BOUNDARY,DENY,authenticated has no DELETE grant,supabase/tests/17_actor_action_resource_matrix.sql#RLS-T04-CROSS-USER,Direct database decision; role labels never come from user metadata
RLS-T04-CROSS-USER,batch_leader,synthetic_batch_leader_assignment,public.quiz_responses,READ,synthetic_resource_row,SELF_OR_POLICY_SCOPE,AUTHORIZED_OR_OTHER,AUTHORIZED_OR_OTHER,ACTIVE_OR_BOUNDARY,ALLOW,own parent chain resolves to auth.uid(),supabase/tests/17_actor_action_resource_matrix.sql#RLS-T04-CROSS-USER,Direct database decision; role labels never come from user metadata
RLS-T04-CROSS-USER,batch_leader,synthetic_batch_leader_assignment,public.quiz_responses,CREATE,synthetic_resource_row,SELF_OR_POLICY_SCOPE,AUTHORIZED_OR_OTHER,AUTHORIZED_OR_OTHER,ACTIVE_OR_BOUNDARY,ALLOW,new row ownership chain resolves to auth.uid() and required state,supabase/tests/17_actor_action_resource_matrix.sql#RLS-T04-CROSS-USER,Direct database decision; role labels never come from user metadata
RLS-T04-CROSS-USER,batch_leader,synthetic_batch_leader_assignment,public.quiz_responses,UPDATE,synthetic_resource_row,SELF_OR_POLICY_SCOPE,AUTHORIZED_OR_OTHER,AUTHORIZED_OR_OTHER,ACTIVE_OR_BOUNDARY,ALLOW,existing and resulting own-row scope resolves to auth.uid() with column allowlist,supabase/tests/17_actor_action_resource_matrix.sql#RLS-T04-CROSS-USER,Direct database decision; role labels never come from user metadata
RLS-T04-CROSS-USER,batch_leader,synthetic_batch_leader_assignment,public.quiz_responses,DELETE,synthetic_resource_row,SELF_OR_POLICY_SCOPE,AUTHORIZED_OR_OTHER,AUTHORIZED_OR_OTHER,ACTIVE_OR_BOUNDARY,DENY,authenticated has no DELETE grant,supabase/tests/17_actor_action_resource_matrix.sql#RLS-T04-CROSS-USER,Direct database decision; role labels never come from user metadata
RLS-T04-CROSS-USER,admin,synthetic_admin,public.quiz_responses,READ,synthetic_resource_row,SELF_OR_POLICY_SCOPE,AUTHORIZED_OR_OTHER,AUTHORIZED_OR_OTHER,ACTIVE_OR_BOUNDARY,ALLOW,own parent chain resolves to auth.uid(),supabase/tests/17_actor_action_resource_matrix.sql#RLS-T04-CROSS-USER,Direct database decision; role labels never come from user metadata
RLS-T04-CROSS-USER,admin,synthetic_admin,public.quiz_responses,CREATE,synthetic_resource_row,SELF_OR_POLICY_SCOPE,AUTHORIZED_OR_OTHER,AUTHORIZED_OR_OTHER,ACTIVE_OR_BOUNDARY,ALLOW,new row ownership chain resolves to auth.uid() and required state,supabase/tests/17_actor_action_resource_matrix.sql#RLS-T04-CROSS-USER,Direct database decision; role labels never come from user metadata
RLS-T04-CROSS-USER,admin,synthetic_admin,public.quiz_responses,UPDATE,synthetic_resource_row,SELF_OR_POLICY_SCOPE,AUTHORIZED_OR_OTHER,AUTHORIZED_OR_OTHER,ACTIVE_OR_BOUNDARY,ALLOW,existing and resulting own-row scope resolves to auth.uid() with column allowlist,supabase/tests/17_actor_action_resource_matrix.sql#RLS-T04-CROSS-USER,Direct database decision; role labels never come from user metadata
RLS-T04-CROSS-USER,admin,synthetic_admin,public.quiz_responses,DELETE,synthetic_resource_row,SELF_OR_POLICY_SCOPE,AUTHORIZED_OR_OTHER,AUTHORIZED_OR_OTHER,ACTIVE_OR_BOUNDARY,DENY,authenticated has no DELETE grant,supabase/tests/17_actor_action_resource_matrix.sql#RLS-T04-CROSS-USER,Direct database decision; role labels never come from user metadata
RLS-T04-SERVER-ONLY,worker,trusted_worker_runtime,public.quiz_responses,READ,synthetic_resource_row,SELF_OR_POLICY_SCOPE,AUTHORIZED_OR_OTHER,AUTHORIZED_OR_OTHER,ACTIVE_OR_BOUNDARY,SERVER_ONLY,trusted runtime with server-held credential and explicit object privilege,supabase/tests/17_actor_action_resource_matrix.sql#RLS-T04-SERVER-ONLY,Direct database decision; role labels never come from user metadata
RLS-T04-SERVER-ONLY,worker,trusted_worker_runtime,public.quiz_responses,CREATE,synthetic_resource_row,SELF_OR_POLICY_SCOPE,AUTHORIZED_OR_OTHER,AUTHORIZED_OR_OTHER,ACTIVE_OR_BOUNDARY,SERVER_ONLY,trusted runtime with server-held credential and explicit object privilege,supabase/tests/17_actor_action_resource_matrix.sql#RLS-T04-SERVER-ONLY,Direct database decision; role labels never come from user metadata
RLS-T04-SERVER-ONLY,worker,trusted_worker_runtime,public.quiz_responses,UPDATE,synthetic_resource_row,SELF_OR_POLICY_SCOPE,AUTHORIZED_OR_OTHER,AUTHORIZED_OR_OTHER,ACTIVE_OR_BOUNDARY,SERVER_ONLY,trusted runtime with server-held credential and explicit object privilege,supabase/tests/17_actor_action_resource_matrix.sql#RLS-T04-SERVER-ONLY,Direct database decision; role labels never come from user metadata
RLS-T04-SERVER-ONLY,worker,trusted_worker_runtime,public.quiz_responses,DELETE,synthetic_resource_row,SELF_OR_POLICY_SCOPE,AUTHORIZED_OR_OTHER,AUTHORIZED_OR_OTHER,ACTIVE_OR_BOUNDARY,SERVER_ONLY,trusted runtime with server-held credential and explicit object privilege,supabase/tests/17_actor_action_resource_matrix.sql#RLS-T04-SERVER-ONLY,Direct database decision; role labels never come from user metadata
RLS-T04-SERVER-ONLY,service_role,trusted_service_runtime,public.quiz_responses,READ,synthetic_resource_row,SELF_OR_POLICY_SCOPE,AUTHORIZED_OR_OTHER,AUTHORIZED_OR_OTHER,ACTIVE_OR_BOUNDARY,SERVER_ONLY,trusted runtime with server-held credential and explicit object privilege,supabase/tests/17_actor_action_resource_matrix.sql#RLS-T04-SERVER-ONLY,Direct database decision; role labels never come from user metadata
RLS-T04-SERVER-ONLY,service_role,trusted_service_runtime,public.quiz_responses,CREATE,synthetic_resource_row,SELF_OR_POLICY_SCOPE,AUTHORIZED_OR_OTHER,AUTHORIZED_OR_OTHER,ACTIVE_OR_BOUNDARY,SERVER_ONLY,trusted runtime with server-held credential and explicit object privilege,supabase/tests/17_actor_action_resource_matrix.sql#RLS-T04-SERVER-ONLY,Direct database decision; role labels never come from user metadata
RLS-T04-SERVER-ONLY,service_role,trusted_service_runtime,public.quiz_responses,UPDATE,synthetic_resource_row,SELF_OR_POLICY_SCOPE,AUTHORIZED_OR_OTHER,AUTHORIZED_OR_OTHER,ACTIVE_OR_BOUNDARY,SERVER_ONLY,trusted runtime with server-held credential and explicit object privilege,supabase/tests/17_actor_action_resource_matrix.sql#RLS-T04-SERVER-ONLY,Direct database decision; role labels never come from user metadata
RLS-T04-SERVER-ONLY,service_role,trusted_service_runtime,public.quiz_responses,DELETE,synthetic_resource_row,SELF_OR_POLICY_SCOPE,AUTHORIZED_OR_OTHER,AUTHORIZED_OR_OTHER,ACTIVE_OR_BOUNDARY,SERVER_ONLY,trusted runtime with server-held credential and explicit object privilege,supabase/tests/17_actor_action_resource_matrix.sql#RLS-T04-SERVER-ONLY,Direct database decision; role labels never come from user metadata
RLS-T04-ANON-DENY,anon,anonymous_session,public.requested_material_items,READ,synthetic_resource_row,SELF_OR_POLICY_SCOPE,AUTHORIZED_OR_OTHER,AUTHORIZED_OR_OTHER,ACTIVE_OR_BOUNDARY,DENY,anon has no table grants,supabase/tests/17_actor_action_resource_matrix.sql#RLS-T04-ANON-DENY,Direct database decision; role labels never come from user metadata
RLS-T04-ANON-DENY,anon,anonymous_session,public.requested_material_items,CREATE,synthetic_resource_row,SELF_OR_POLICY_SCOPE,AUTHORIZED_OR_OTHER,AUTHORIZED_OR_OTHER,ACTIVE_OR_BOUNDARY,DENY,anon has no table grants,supabase/tests/17_actor_action_resource_matrix.sql#RLS-T04-ANON-DENY,Direct database decision; role labels never come from user metadata
RLS-T04-ANON-DENY,anon,anonymous_session,public.requested_material_items,UPDATE,synthetic_resource_row,SELF_OR_POLICY_SCOPE,AUTHORIZED_OR_OTHER,AUTHORIZED_OR_OTHER,ACTIVE_OR_BOUNDARY,DENY,anon has no table grants,supabase/tests/17_actor_action_resource_matrix.sql#RLS-T04-ANON-DENY,Direct database decision; role labels never come from user metadata
RLS-T04-ANON-DENY,anon,anonymous_session,public.requested_material_items,DELETE,synthetic_resource_row,SELF_OR_POLICY_SCOPE,AUTHORIZED_OR_OTHER,AUTHORIZED_OR_OTHER,ACTIVE_OR_BOUNDARY,DENY,anon has no table grants,supabase/tests/17_actor_action_resource_matrix.sql#RLS-T04-ANON-DENY,Direct database decision; role labels never come from user metadata
RLS-T04-BATCH-LEADER,student,synthetic_student_a,public.requested_material_items,READ,synthetic_resource_row,SELF_OR_POLICY_SCOPE,AUTHORIZED_OR_OTHER,AUTHORIZED_OR_OTHER,ACTIVE_OR_BOUNDARY,DENY,student has no active campaign assignment,supabase/tests/17_actor_action_resource_matrix.sql#RLS-T04-BATCH-LEADER,Direct database decision; role labels never come from user metadata
RLS-T04-BATCH-LEADER,student,synthetic_student_a,public.requested_material_items,CREATE,synthetic_resource_row,SELF_OR_POLICY_SCOPE,AUTHORIZED_OR_OTHER,AUTHORIZED_OR_OTHER,ACTIVE_OR_BOUNDARY,DENY,authenticated has no INSERT grant,supabase/tests/17_actor_action_resource_matrix.sql#RLS-T04-BATCH-LEADER,Direct database decision; role labels never come from user metadata
RLS-T04-BATCH-LEADER,student,synthetic_student_a,public.requested_material_items,UPDATE,synthetic_resource_row,SELF_OR_POLICY_SCOPE,AUTHORIZED_OR_OTHER,AUTHORIZED_OR_OTHER,ACTIVE_OR_BOUNDARY,DENY,authenticated has no reviewed UPDATE grant,supabase/tests/17_actor_action_resource_matrix.sql#RLS-T04-BATCH-LEADER,Direct database decision; role labels never come from user metadata
RLS-T04-BATCH-LEADER,student,synthetic_student_a,public.requested_material_items,DELETE,synthetic_resource_row,SELF_OR_POLICY_SCOPE,AUTHORIZED_OR_OTHER,AUTHORIZED_OR_OTHER,ACTIVE_OR_BOUNDARY,DENY,authenticated has no DELETE grant,supabase/tests/17_actor_action_resource_matrix.sql#RLS-T04-BATCH-LEADER,Direct database decision; role labels never come from user metadata
RLS-T04-BATCH-LEADER,batch_leader,synthetic_batch_leader_assignment,public.requested_material_items,READ,synthetic_resource_row,SELF_OR_POLICY_SCOPE,AUTHORIZED_OR_OTHER,AUTHORIZED_OR_OTHER,ACTIVE_OR_BOUNDARY,ALLOW,active unexpired DB campaign assignment,supabase/tests/17_actor_action_resource_matrix.sql#RLS-T04-BATCH-LEADER,Direct database decision; role labels never come from user metadata
RLS-T04-BATCH-LEADER,batch_leader,synthetic_batch_leader_assignment,public.requested_material_items,CREATE,synthetic_resource_row,SELF_OR_POLICY_SCOPE,AUTHORIZED_OR_OTHER,AUTHORIZED_OR_OTHER,ACTIVE_OR_BOUNDARY,DENY,authenticated has no INSERT grant,supabase/tests/17_actor_action_resource_matrix.sql#RLS-T04-BATCH-LEADER,Direct database decision; role labels never come from user metadata
RLS-T04-BATCH-LEADER,batch_leader,synthetic_batch_leader_assignment,public.requested_material_items,UPDATE,synthetic_resource_row,SELF_OR_POLICY_SCOPE,AUTHORIZED_OR_OTHER,AUTHORIZED_OR_OTHER,ACTIVE_OR_BOUNDARY,DENY,authenticated has no reviewed UPDATE grant,supabase/tests/17_actor_action_resource_matrix.sql#RLS-T04-BATCH-LEADER,Direct database decision; role labels never come from user metadata
RLS-T04-BATCH-LEADER,batch_leader,synthetic_batch_leader_assignment,public.requested_material_items,DELETE,synthetic_resource_row,SELF_OR_POLICY_SCOPE,AUTHORIZED_OR_OTHER,AUTHORIZED_OR_OTHER,ACTIVE_OR_BOUNDARY,DENY,authenticated has no DELETE grant,supabase/tests/17_actor_action_resource_matrix.sql#RLS-T04-BATCH-LEADER,Direct database decision; role labels never come from user metadata
RLS-T04-BATCH-LEADER,admin,synthetic_admin,public.requested_material_items,READ,synthetic_resource_row,SELF_OR_POLICY_SCOPE,AUTHORIZED_OR_OTHER,AUTHORIZED_OR_OTHER,ACTIVE_OR_BOUNDARY,ALLOW,authoritative active ADMIN role,supabase/tests/17_actor_action_resource_matrix.sql#RLS-T04-BATCH-LEADER,Direct database decision; role labels never come from user metadata
RLS-T04-BATCH-LEADER,admin,synthetic_admin,public.requested_material_items,CREATE,synthetic_resource_row,SELF_OR_POLICY_SCOPE,AUTHORIZED_OR_OTHER,AUTHORIZED_OR_OTHER,ACTIVE_OR_BOUNDARY,DENY,authenticated has no INSERT grant,supabase/tests/17_actor_action_resource_matrix.sql#RLS-T04-BATCH-LEADER,Direct database decision; role labels never come from user metadata
RLS-T04-BATCH-LEADER,admin,synthetic_admin,public.requested_material_items,UPDATE,synthetic_resource_row,SELF_OR_POLICY_SCOPE,AUTHORIZED_OR_OTHER,AUTHORIZED_OR_OTHER,ACTIVE_OR_BOUNDARY,DENY,authenticated has no reviewed UPDATE grant,supabase/tests/17_actor_action_resource_matrix.sql#RLS-T04-BATCH-LEADER,Direct database decision; role labels never come from user metadata
RLS-T04-BATCH-LEADER,admin,synthetic_admin,public.requested_material_items,DELETE,synthetic_resource_row,SELF_OR_POLICY_SCOPE,AUTHORIZED_OR_OTHER,AUTHORIZED_OR_OTHER,ACTIVE_OR_BOUNDARY,DENY,authenticated has no DELETE grant,supabase/tests/17_actor_action_resource_matrix.sql#RLS-T04-BATCH-LEADER,Direct database decision; role labels never come from user metadata
RLS-T04-SERVER-ONLY,worker,trusted_worker_runtime,public.requested_material_items,READ,synthetic_resource_row,SELF_OR_POLICY_SCOPE,AUTHORIZED_OR_OTHER,AUTHORIZED_OR_OTHER,ACTIVE_OR_BOUNDARY,SERVER_ONLY,trusted runtime with server-held credential and explicit object privilege,supabase/tests/17_actor_action_resource_matrix.sql#RLS-T04-SERVER-ONLY,Direct database decision; role labels never come from user metadata
RLS-T04-SERVER-ONLY,worker,trusted_worker_runtime,public.requested_material_items,CREATE,synthetic_resource_row,SELF_OR_POLICY_SCOPE,AUTHORIZED_OR_OTHER,AUTHORIZED_OR_OTHER,ACTIVE_OR_BOUNDARY,SERVER_ONLY,trusted runtime with server-held credential and explicit object privilege,supabase/tests/17_actor_action_resource_matrix.sql#RLS-T04-SERVER-ONLY,Direct database decision; role labels never come from user metadata
RLS-T04-SERVER-ONLY,worker,trusted_worker_runtime,public.requested_material_items,UPDATE,synthetic_resource_row,SELF_OR_POLICY_SCOPE,AUTHORIZED_OR_OTHER,AUTHORIZED_OR_OTHER,ACTIVE_OR_BOUNDARY,SERVER_ONLY,trusted runtime with server-held credential and explicit object privilege,supabase/tests/17_actor_action_resource_matrix.sql#RLS-T04-SERVER-ONLY,Direct database decision; role labels never come from user metadata
RLS-T04-SERVER-ONLY,worker,trusted_worker_runtime,public.requested_material_items,DELETE,synthetic_resource_row,SELF_OR_POLICY_SCOPE,AUTHORIZED_OR_OTHER,AUTHORIZED_OR_OTHER,ACTIVE_OR_BOUNDARY,SERVER_ONLY,trusted runtime with server-held credential and explicit object privilege,supabase/tests/17_actor_action_resource_matrix.sql#RLS-T04-SERVER-ONLY,Direct database decision; role labels never come from user metadata
RLS-T04-SERVER-ONLY,service_role,trusted_service_runtime,public.requested_material_items,READ,synthetic_resource_row,SELF_OR_POLICY_SCOPE,AUTHORIZED_OR_OTHER,AUTHORIZED_OR_OTHER,ACTIVE_OR_BOUNDARY,SERVER_ONLY,trusted runtime with server-held credential and explicit object privilege,supabase/tests/17_actor_action_resource_matrix.sql#RLS-T04-SERVER-ONLY,Direct database decision; role labels never come from user metadata
RLS-T04-SERVER-ONLY,service_role,trusted_service_runtime,public.requested_material_items,CREATE,synthetic_resource_row,SELF_OR_POLICY_SCOPE,AUTHORIZED_OR_OTHER,AUTHORIZED_OR_OTHER,ACTIVE_OR_BOUNDARY,SERVER_ONLY,trusted runtime with server-held credential and explicit object privilege,supabase/tests/17_actor_action_resource_matrix.sql#RLS-T04-SERVER-ONLY,Direct database decision; role labels never come from user metadata
RLS-T04-SERVER-ONLY,service_role,trusted_service_runtime,public.requested_material_items,UPDATE,synthetic_resource_row,SELF_OR_POLICY_SCOPE,AUTHORIZED_OR_OTHER,AUTHORIZED_OR_OTHER,ACTIVE_OR_BOUNDARY,SERVER_ONLY,trusted runtime with server-held credential and explicit object privilege,supabase/tests/17_actor_action_resource_matrix.sql#RLS-T04-SERVER-ONLY,Direct database decision; role labels never come from user metadata
RLS-T04-SERVER-ONLY,service_role,trusted_service_runtime,public.requested_material_items,DELETE,synthetic_resource_row,SELF_OR_POLICY_SCOPE,AUTHORIZED_OR_OTHER,AUTHORIZED_OR_OTHER,ACTIVE_OR_BOUNDARY,SERVER_ONLY,trusted runtime with server-held credential and explicit object privilege,supabase/tests/17_actor_action_resource_matrix.sql#RLS-T04-SERVER-ONLY,Direct database decision; role labels never come from user metadata
RLS-T04-ANON-DENY,anon,anonymous_session,public.source_assets,READ,synthetic_resource_row,SELF_OR_POLICY_SCOPE,AUTHORIZED_OR_OTHER,AUTHORIZED_OR_OTHER,ACTIVE_OR_BOUNDARY,DENY,anon has no table grants,supabase/tests/17_actor_action_resource_matrix.sql#RLS-T04-ANON-DENY,Direct database decision; role labels never come from user metadata
RLS-T04-ANON-DENY,anon,anonymous_session,public.source_assets,CREATE,synthetic_resource_row,SELF_OR_POLICY_SCOPE,AUTHORIZED_OR_OTHER,AUTHORIZED_OR_OTHER,ACTIVE_OR_BOUNDARY,DENY,anon has no table grants,supabase/tests/17_actor_action_resource_matrix.sql#RLS-T04-ANON-DENY,Direct database decision; role labels never come from user metadata
RLS-T04-ANON-DENY,anon,anonymous_session,public.source_assets,UPDATE,synthetic_resource_row,SELF_OR_POLICY_SCOPE,AUTHORIZED_OR_OTHER,AUTHORIZED_OR_OTHER,ACTIVE_OR_BOUNDARY,DENY,anon has no table grants,supabase/tests/17_actor_action_resource_matrix.sql#RLS-T04-ANON-DENY,Direct database decision; role labels never come from user metadata
RLS-T04-ANON-DENY,anon,anonymous_session,public.source_assets,DELETE,synthetic_resource_row,SELF_OR_POLICY_SCOPE,AUTHORIZED_OR_OTHER,AUTHORIZED_OR_OTHER,ACTIVE_OR_BOUNDARY,DENY,anon has no table grants,supabase/tests/17_actor_action_resource_matrix.sql#RLS-T04-ANON-DENY,Direct database decision; role labels never come from user metadata
RLS-T04-CROSS-SCOPE,student,synthetic_student_a,public.source_assets,READ,synthetic_resource_row,SELF_OR_POLICY_SCOPE,AUTHORIZED_OR_OTHER,AUTHORIZED_OR_OTHER,ACTIVE_OR_BOUNDARY,ALLOW,auth.uid() membership plus unlocked published unit and READY ACTIVE rights-valid matching-edition version,supabase/tests/17_actor_action_resource_matrix.sql#RLS-T04-CROSS-SCOPE,Direct database decision; role labels never come from user metadata
RLS-T04-REVOCATION,student,synthetic_student_a,public.source_assets,CREATE,synthetic_resource_row,SELF_OR_POLICY_SCOPE,AUTHORIZED_OR_OTHER,AUTHORIZED_OR_OTHER,ACTIVE_OR_BOUNDARY,DENY,authenticated has no INSERT grant,supabase/tests/17_actor_action_resource_matrix.sql#RLS-T04-REVOCATION,Direct database decision; role labels never come from user metadata
RLS-T04-REVOCATION,student,synthetic_student_a,public.source_assets,UPDATE,synthetic_resource_row,SELF_OR_POLICY_SCOPE,AUTHORIZED_OR_OTHER,AUTHORIZED_OR_OTHER,ACTIVE_OR_BOUNDARY,DENY,authenticated has no reviewed UPDATE grant,supabase/tests/17_actor_action_resource_matrix.sql#RLS-T04-REVOCATION,Direct database decision; role labels never come from user metadata
RLS-T04-REVOCATION,student,synthetic_student_a,public.source_assets,DELETE,synthetic_resource_row,SELF_OR_POLICY_SCOPE,AUTHORIZED_OR_OTHER,AUTHORIZED_OR_OTHER,ACTIVE_OR_BOUNDARY,DENY,authenticated has no DELETE grant,supabase/tests/17_actor_action_resource_matrix.sql#RLS-T04-REVOCATION,Direct database decision; role labels never come from user metadata
RLS-T04-CROSS-SCOPE,batch_leader,synthetic_batch_leader_assignment,public.source_assets,READ,synthetic_resource_row,SELF_OR_POLICY_SCOPE,AUTHORIZED_OR_OTHER,AUTHORIZED_OR_OTHER,ACTIVE_OR_BOUNDARY,ALLOW,auth.uid() membership plus unlocked published unit and READY ACTIVE rights-valid matching-edition version,supabase/tests/17_actor_action_resource_matrix.sql#RLS-T04-CROSS-SCOPE,Direct database decision; role labels never come from user metadata
RLS-T04-REVOCATION,batch_leader,synthetic_batch_leader_assignment,public.source_assets,CREATE,synthetic_resource_row,SELF_OR_POLICY_SCOPE,AUTHORIZED_OR_OTHER,AUTHORIZED_OR_OTHER,ACTIVE_OR_BOUNDARY,DENY,authenticated has no INSERT grant,supabase/tests/17_actor_action_resource_matrix.sql#RLS-T04-REVOCATION,Direct database decision; role labels never come from user metadata
RLS-T04-REVOCATION,batch_leader,synthetic_batch_leader_assignment,public.source_assets,UPDATE,synthetic_resource_row,SELF_OR_POLICY_SCOPE,AUTHORIZED_OR_OTHER,AUTHORIZED_OR_OTHER,ACTIVE_OR_BOUNDARY,DENY,authenticated has no reviewed UPDATE grant,supabase/tests/17_actor_action_resource_matrix.sql#RLS-T04-REVOCATION,Direct database decision; role labels never come from user metadata
RLS-T04-REVOCATION,batch_leader,synthetic_batch_leader_assignment,public.source_assets,DELETE,synthetic_resource_row,SELF_OR_POLICY_SCOPE,AUTHORIZED_OR_OTHER,AUTHORIZED_OR_OTHER,ACTIVE_OR_BOUNDARY,DENY,authenticated has no DELETE grant,supabase/tests/17_actor_action_resource_matrix.sql#RLS-T04-REVOCATION,Direct database decision; role labels never come from user metadata
RLS-T04-CROSS-SCOPE,admin,synthetic_admin,public.source_assets,READ,synthetic_resource_row,SELF_OR_POLICY_SCOPE,AUTHORIZED_OR_OTHER,AUTHORIZED_OR_OTHER,ACTIVE_OR_BOUNDARY,ALLOW,authoritative active ADMIN role,supabase/tests/17_actor_action_resource_matrix.sql#RLS-T04-CROSS-SCOPE,Direct database decision; role labels never come from user metadata
RLS-T04-REVOCATION,admin,synthetic_admin,public.source_assets,CREATE,synthetic_resource_row,SELF_OR_POLICY_SCOPE,AUTHORIZED_OR_OTHER,AUTHORIZED_OR_OTHER,ACTIVE_OR_BOUNDARY,DENY,authenticated has no INSERT grant,supabase/tests/17_actor_action_resource_matrix.sql#RLS-T04-REVOCATION,Direct database decision; role labels never come from user metadata
RLS-T04-REVOCATION,admin,synthetic_admin,public.source_assets,UPDATE,synthetic_resource_row,SELF_OR_POLICY_SCOPE,AUTHORIZED_OR_OTHER,AUTHORIZED_OR_OTHER,ACTIVE_OR_BOUNDARY,DENY,authenticated has no reviewed UPDATE grant,supabase/tests/17_actor_action_resource_matrix.sql#RLS-T04-REVOCATION,Direct database decision; role labels never come from user metadata
RLS-T04-REVOCATION,admin,synthetic_admin,public.source_assets,DELETE,synthetic_resource_row,SELF_OR_POLICY_SCOPE,AUTHORIZED_OR_OTHER,AUTHORIZED_OR_OTHER,ACTIVE_OR_BOUNDARY,DENY,authenticated has no DELETE grant,supabase/tests/17_actor_action_resource_matrix.sql#RLS-T04-REVOCATION,Direct database decision; role labels never come from user metadata
RLS-T04-SERVER-ONLY,worker,trusted_worker_runtime,public.source_assets,READ,synthetic_resource_row,SELF_OR_POLICY_SCOPE,AUTHORIZED_OR_OTHER,AUTHORIZED_OR_OTHER,ACTIVE_OR_BOUNDARY,SERVER_ONLY,trusted runtime with server-held credential and explicit object privilege,supabase/tests/17_actor_action_resource_matrix.sql#RLS-T04-SERVER-ONLY,Direct database decision; role labels never come from user metadata
RLS-T04-SERVER-ONLY,worker,trusted_worker_runtime,public.source_assets,CREATE,synthetic_resource_row,SELF_OR_POLICY_SCOPE,AUTHORIZED_OR_OTHER,AUTHORIZED_OR_OTHER,ACTIVE_OR_BOUNDARY,SERVER_ONLY,trusted runtime with server-held credential and explicit object privilege,supabase/tests/17_actor_action_resource_matrix.sql#RLS-T04-SERVER-ONLY,Direct database decision; role labels never come from user metadata
RLS-T04-SERVER-ONLY,worker,trusted_worker_runtime,public.source_assets,UPDATE,synthetic_resource_row,SELF_OR_POLICY_SCOPE,AUTHORIZED_OR_OTHER,AUTHORIZED_OR_OTHER,ACTIVE_OR_BOUNDARY,SERVER_ONLY,trusted runtime with server-held credential and explicit object privilege,supabase/tests/17_actor_action_resource_matrix.sql#RLS-T04-SERVER-ONLY,Direct database decision; role labels never come from user metadata
RLS-T04-SERVER-ONLY,worker,trusted_worker_runtime,public.source_assets,DELETE,synthetic_resource_row,SELF_OR_POLICY_SCOPE,AUTHORIZED_OR_OTHER,AUTHORIZED_OR_OTHER,ACTIVE_OR_BOUNDARY,SERVER_ONLY,trusted runtime with server-held credential and explicit object privilege,supabase/tests/17_actor_action_resource_matrix.sql#RLS-T04-SERVER-ONLY,Direct database decision; role labels never come from user metadata
RLS-T04-SERVER-ONLY,service_role,trusted_service_runtime,public.source_assets,READ,synthetic_resource_row,SELF_OR_POLICY_SCOPE,AUTHORIZED_OR_OTHER,AUTHORIZED_OR_OTHER,ACTIVE_OR_BOUNDARY,SERVER_ONLY,trusted runtime with server-held credential and explicit object privilege,supabase/tests/17_actor_action_resource_matrix.sql#RLS-T04-SERVER-ONLY,Direct database decision; role labels never come from user metadata
RLS-T04-SERVER-ONLY,service_role,trusted_service_runtime,public.source_assets,CREATE,synthetic_resource_row,SELF_OR_POLICY_SCOPE,AUTHORIZED_OR_OTHER,AUTHORIZED_OR_OTHER,ACTIVE_OR_BOUNDARY,SERVER_ONLY,trusted runtime with server-held credential and explicit object privilege,supabase/tests/17_actor_action_resource_matrix.sql#RLS-T04-SERVER-ONLY,Direct database decision; role labels never come from user metadata
RLS-T04-SERVER-ONLY,service_role,trusted_service_runtime,public.source_assets,UPDATE,synthetic_resource_row,SELF_OR_POLICY_SCOPE,AUTHORIZED_OR_OTHER,AUTHORIZED_OR_OTHER,ACTIVE_OR_BOUNDARY,SERVER_ONLY,trusted runtime with server-held credential and explicit object privilege,supabase/tests/17_actor_action_resource_matrix.sql#RLS-T04-SERVER-ONLY,Direct database decision; role labels never come from user metadata
RLS-T04-SERVER-ONLY,service_role,trusted_service_runtime,public.source_assets,DELETE,synthetic_resource_row,SELF_OR_POLICY_SCOPE,AUTHORIZED_OR_OTHER,AUTHORIZED_OR_OTHER,ACTIVE_OR_BOUNDARY,SERVER_ONLY,trusted runtime with server-held credential and explicit object privilege,supabase/tests/17_actor_action_resource_matrix.sql#RLS-T04-SERVER-ONLY,Direct database decision; role labels never come from user metadata
RLS-T04-ANON-DENY,anon,anonymous_session,public.source_submissions,READ,synthetic_resource_row,SELF_OR_POLICY_SCOPE,AUTHORIZED_OR_OTHER,AUTHORIZED_OR_OTHER,ACTIVE_OR_BOUNDARY,DENY,anon has no table grants,supabase/tests/17_actor_action_resource_matrix.sql#RLS-T04-ANON-DENY,Direct database decision; role labels never come from user metadata
RLS-T04-ANON-DENY,anon,anonymous_session,public.source_submissions,CREATE,synthetic_resource_row,SELF_OR_POLICY_SCOPE,AUTHORIZED_OR_OTHER,AUTHORIZED_OR_OTHER,ACTIVE_OR_BOUNDARY,DENY,anon has no table grants,supabase/tests/17_actor_action_resource_matrix.sql#RLS-T04-ANON-DENY,Direct database decision; role labels never come from user metadata
RLS-T04-ANON-DENY,anon,anonymous_session,public.source_submissions,UPDATE,synthetic_resource_row,SELF_OR_POLICY_SCOPE,AUTHORIZED_OR_OTHER,AUTHORIZED_OR_OTHER,ACTIVE_OR_BOUNDARY,DENY,anon has no table grants,supabase/tests/17_actor_action_resource_matrix.sql#RLS-T04-ANON-DENY,Direct database decision; role labels never come from user metadata
RLS-T04-ANON-DENY,anon,anonymous_session,public.source_submissions,DELETE,synthetic_resource_row,SELF_OR_POLICY_SCOPE,AUTHORIZED_OR_OTHER,AUTHORIZED_OR_OTHER,ACTIVE_OR_BOUNDARY,DENY,anon has no table grants,supabase/tests/17_actor_action_resource_matrix.sql#RLS-T04-ANON-DENY,Direct database decision; role labels never come from user metadata
RLS-T04-BATCH-LEADER,student,synthetic_student_a,public.source_submissions,READ,synthetic_resource_row,SELF_OR_POLICY_SCOPE,AUTHORIZED_OR_OTHER,AUTHORIZED_OR_OTHER,ACTIVE_OR_BOUNDARY,ALLOW,submitted_by equals auth.uid(),supabase/tests/17_actor_action_resource_matrix.sql#RLS-T04-BATCH-LEADER,Direct database decision; role labels never come from user metadata
RLS-T04-BATCH-LEADER,student,synthetic_student_a,public.source_submissions,CREATE,synthetic_resource_row,SELF_OR_POLICY_SCOPE,AUTHORIZED_OR_OTHER,AUTHORIZED_OR_OTHER,ACTIVE_OR_BOUNDARY,DENY,active campaign assignment and own submitted_by are required,supabase/tests/17_actor_action_resource_matrix.sql#RLS-T04-BATCH-LEADER,Direct database decision; role labels never come from user metadata
RLS-T04-BATCH-LEADER,student,synthetic_student_a,public.source_submissions,UPDATE,synthetic_resource_row,SELF_OR_POLICY_SCOPE,AUTHORIZED_OR_OTHER,AUTHORIZED_OR_OTHER,ACTIVE_OR_BOUNDARY,DENY,authenticated has no reviewed UPDATE grant,supabase/tests/17_actor_action_resource_matrix.sql#RLS-T04-BATCH-LEADER,Direct database decision; role labels never come from user metadata
RLS-T04-BATCH-LEADER,student,synthetic_student_a,public.source_submissions,DELETE,synthetic_resource_row,SELF_OR_POLICY_SCOPE,AUTHORIZED_OR_OTHER,AUTHORIZED_OR_OTHER,ACTIVE_OR_BOUNDARY,DENY,authenticated has no DELETE grant,supabase/tests/17_actor_action_resource_matrix.sql#RLS-T04-BATCH-LEADER,Direct database decision; role labels never come from user metadata
RLS-T04-BATCH-LEADER,batch_leader,synthetic_batch_leader_assignment,public.source_submissions,READ,synthetic_resource_row,SELF_OR_POLICY_SCOPE,AUTHORIZED_OR_OTHER,AUTHORIZED_OR_OTHER,ACTIVE_OR_BOUNDARY,ALLOW,submitted_by equals auth.uid(),supabase/tests/17_actor_action_resource_matrix.sql#RLS-T04-BATCH-LEADER,Direct database decision; role labels never come from user metadata
RLS-T04-BATCH-LEADER,batch_leader,synthetic_batch_leader_assignment,public.source_submissions,CREATE,synthetic_resource_row,SELF_OR_POLICY_SCOPE,AUTHORIZED_OR_OTHER,AUTHORIZED_OR_OTHER,ACTIVE_OR_BOUNDARY,ALLOW,auth.uid() owns submission and has active assignment to open campaign cohort and unit,supabase/tests/17_actor_action_resource_matrix.sql#RLS-T04-BATCH-LEADER,Direct database decision; role labels never come from user metadata
RLS-T04-BATCH-LEADER,batch_leader,synthetic_batch_leader_assignment,public.source_submissions,UPDATE,synthetic_resource_row,SELF_OR_POLICY_SCOPE,AUTHORIZED_OR_OTHER,AUTHORIZED_OR_OTHER,ACTIVE_OR_BOUNDARY,DENY,authenticated has no reviewed UPDATE grant,supabase/tests/17_actor_action_resource_matrix.sql#RLS-T04-BATCH-LEADER,Direct database decision; role labels never come from user metadata
RLS-T04-BATCH-LEADER,batch_leader,synthetic_batch_leader_assignment,public.source_submissions,DELETE,synthetic_resource_row,SELF_OR_POLICY_SCOPE,AUTHORIZED_OR_OTHER,AUTHORIZED_OR_OTHER,ACTIVE_OR_BOUNDARY,DENY,authenticated has no DELETE grant,supabase/tests/17_actor_action_resource_matrix.sql#RLS-T04-BATCH-LEADER,Direct database decision; role labels never come from user metadata
RLS-T04-BATCH-LEADER,admin,synthetic_admin,public.source_submissions,READ,synthetic_resource_row,SELF_OR_POLICY_SCOPE,AUTHORIZED_OR_OTHER,AUTHORIZED_OR_OTHER,ACTIVE_OR_BOUNDARY,ALLOW,authoritative active ADMIN role,supabase/tests/17_actor_action_resource_matrix.sql#RLS-T04-BATCH-LEADER,Direct database decision; role labels never come from user metadata
RLS-T04-BATCH-LEADER,admin,synthetic_admin,public.source_submissions,CREATE,synthetic_resource_row,SELF_OR_POLICY_SCOPE,AUTHORIZED_OR_OTHER,AUTHORIZED_OR_OTHER,ACTIVE_OR_BOUNDARY,DENY,active campaign assignment and own submitted_by are required,supabase/tests/17_actor_action_resource_matrix.sql#RLS-T04-BATCH-LEADER,Direct database decision; role labels never come from user metadata
RLS-T04-BATCH-LEADER,admin,synthetic_admin,public.source_submissions,UPDATE,synthetic_resource_row,SELF_OR_POLICY_SCOPE,AUTHORIZED_OR_OTHER,AUTHORIZED_OR_OTHER,ACTIVE_OR_BOUNDARY,DENY,authenticated has no reviewed UPDATE grant,supabase/tests/17_actor_action_resource_matrix.sql#RLS-T04-BATCH-LEADER,Direct database decision; role labels never come from user metadata
RLS-T04-BATCH-LEADER,admin,synthetic_admin,public.source_submissions,DELETE,synthetic_resource_row,SELF_OR_POLICY_SCOPE,AUTHORIZED_OR_OTHER,AUTHORIZED_OR_OTHER,ACTIVE_OR_BOUNDARY,DENY,authenticated has no DELETE grant,supabase/tests/17_actor_action_resource_matrix.sql#RLS-T04-BATCH-LEADER,Direct database decision; role labels never come from user metadata
RLS-T04-SERVER-ONLY,worker,trusted_worker_runtime,public.source_submissions,READ,synthetic_resource_row,SELF_OR_POLICY_SCOPE,AUTHORIZED_OR_OTHER,AUTHORIZED_OR_OTHER,ACTIVE_OR_BOUNDARY,SERVER_ONLY,trusted runtime with server-held credential and explicit object privilege,supabase/tests/17_actor_action_resource_matrix.sql#RLS-T04-SERVER-ONLY,Direct database decision; role labels never come from user metadata
RLS-T04-SERVER-ONLY,worker,trusted_worker_runtime,public.source_submissions,CREATE,synthetic_resource_row,SELF_OR_POLICY_SCOPE,AUTHORIZED_OR_OTHER,AUTHORIZED_OR_OTHER,ACTIVE_OR_BOUNDARY,SERVER_ONLY,trusted runtime with server-held credential and explicit object privilege,supabase/tests/17_actor_action_resource_matrix.sql#RLS-T04-SERVER-ONLY,Direct database decision; role labels never come from user metadata
RLS-T04-SERVER-ONLY,worker,trusted_worker_runtime,public.source_submissions,UPDATE,synthetic_resource_row,SELF_OR_POLICY_SCOPE,AUTHORIZED_OR_OTHER,AUTHORIZED_OR_OTHER,ACTIVE_OR_BOUNDARY,SERVER_ONLY,trusted runtime with server-held credential and explicit object privilege,supabase/tests/17_actor_action_resource_matrix.sql#RLS-T04-SERVER-ONLY,Direct database decision; role labels never come from user metadata
RLS-T04-SERVER-ONLY,worker,trusted_worker_runtime,public.source_submissions,DELETE,synthetic_resource_row,SELF_OR_POLICY_SCOPE,AUTHORIZED_OR_OTHER,AUTHORIZED_OR_OTHER,ACTIVE_OR_BOUNDARY,SERVER_ONLY,trusted runtime with server-held credential and explicit object privilege,supabase/tests/17_actor_action_resource_matrix.sql#RLS-T04-SERVER-ONLY,Direct database decision; role labels never come from user metadata
RLS-T04-SERVER-ONLY,service_role,trusted_service_runtime,public.source_submissions,READ,synthetic_resource_row,SELF_OR_POLICY_SCOPE,AUTHORIZED_OR_OTHER,AUTHORIZED_OR_OTHER,ACTIVE_OR_BOUNDARY,SERVER_ONLY,trusted runtime with server-held credential and explicit object privilege,supabase/tests/17_actor_action_resource_matrix.sql#RLS-T04-SERVER-ONLY,Direct database decision; role labels never come from user metadata
RLS-T04-SERVER-ONLY,service_role,trusted_service_runtime,public.source_submissions,CREATE,synthetic_resource_row,SELF_OR_POLICY_SCOPE,AUTHORIZED_OR_OTHER,AUTHORIZED_OR_OTHER,ACTIVE_OR_BOUNDARY,SERVER_ONLY,trusted runtime with server-held credential and explicit object privilege,supabase/tests/17_actor_action_resource_matrix.sql#RLS-T04-SERVER-ONLY,Direct database decision; role labels never come from user metadata
RLS-T04-SERVER-ONLY,service_role,trusted_service_runtime,public.source_submissions,UPDATE,synthetic_resource_row,SELF_OR_POLICY_SCOPE,AUTHORIZED_OR_OTHER,AUTHORIZED_OR_OTHER,ACTIVE_OR_BOUNDARY,SERVER_ONLY,trusted runtime with server-held credential and explicit object privilege,supabase/tests/17_actor_action_resource_matrix.sql#RLS-T04-SERVER-ONLY,Direct database decision; role labels never come from user metadata
RLS-T04-SERVER-ONLY,service_role,trusted_service_runtime,public.source_submissions,DELETE,synthetic_resource_row,SELF_OR_POLICY_SCOPE,AUTHORIZED_OR_OTHER,AUTHORIZED_OR_OTHER,ACTIVE_OR_BOUNDARY,SERVER_ONLY,trusted runtime with server-held credential and explicit object privilege,supabase/tests/17_actor_action_resource_matrix.sql#RLS-T04-SERVER-ONLY,Direct database decision; role labels never come from user metadata
RLS-T04-ANON-DENY,anon,anonymous_session,public.source_versions,READ,synthetic_resource_row,SELF_OR_POLICY_SCOPE,AUTHORIZED_OR_OTHER,AUTHORIZED_OR_OTHER,ACTIVE_OR_BOUNDARY,DENY,anon has no table grants,supabase/tests/17_actor_action_resource_matrix.sql#RLS-T04-ANON-DENY,Direct database decision; role labels never come from user metadata
RLS-T04-ANON-DENY,anon,anonymous_session,public.source_versions,CREATE,synthetic_resource_row,SELF_OR_POLICY_SCOPE,AUTHORIZED_OR_OTHER,AUTHORIZED_OR_OTHER,ACTIVE_OR_BOUNDARY,DENY,anon has no table grants,supabase/tests/17_actor_action_resource_matrix.sql#RLS-T04-ANON-DENY,Direct database decision; role labels never come from user metadata
RLS-T04-ANON-DENY,anon,anonymous_session,public.source_versions,UPDATE,synthetic_resource_row,SELF_OR_POLICY_SCOPE,AUTHORIZED_OR_OTHER,AUTHORIZED_OR_OTHER,ACTIVE_OR_BOUNDARY,DENY,anon has no table grants,supabase/tests/17_actor_action_resource_matrix.sql#RLS-T04-ANON-DENY,Direct database decision; role labels never come from user metadata
RLS-T04-ANON-DENY,anon,anonymous_session,public.source_versions,DELETE,synthetic_resource_row,SELF_OR_POLICY_SCOPE,AUTHORIZED_OR_OTHER,AUTHORIZED_OR_OTHER,ACTIVE_OR_BOUNDARY,DENY,anon has no table grants,supabase/tests/17_actor_action_resource_matrix.sql#RLS-T04-ANON-DENY,Direct database decision; role labels never come from user metadata
RLS-T04-CROSS-SCOPE,student,synthetic_student_a,public.source_versions,READ,synthetic_resource_row,SELF_OR_POLICY_SCOPE,AUTHORIZED_OR_OTHER,AUTHORIZED_OR_OTHER,ACTIVE_OR_BOUNDARY,ALLOW,auth.uid() authorized source plus READY ACTIVE rights-valid matching-edition version,supabase/tests/17_actor_action_resource_matrix.sql#RLS-T04-CROSS-SCOPE,Direct database decision; role labels never come from user metadata
RLS-T04-REVOCATION,student,synthetic_student_a,public.source_versions,CREATE,synthetic_resource_row,SELF_OR_POLICY_SCOPE,AUTHORIZED_OR_OTHER,AUTHORIZED_OR_OTHER,ACTIVE_OR_BOUNDARY,DENY,authenticated has no INSERT grant,supabase/tests/17_actor_action_resource_matrix.sql#RLS-T04-REVOCATION,Direct database decision; role labels never come from user metadata
RLS-T04-REVOCATION,student,synthetic_student_a,public.source_versions,UPDATE,synthetic_resource_row,SELF_OR_POLICY_SCOPE,AUTHORIZED_OR_OTHER,AUTHORIZED_OR_OTHER,ACTIVE_OR_BOUNDARY,DENY,authenticated has no reviewed UPDATE grant,supabase/tests/17_actor_action_resource_matrix.sql#RLS-T04-REVOCATION,Direct database decision; role labels never come from user metadata
RLS-T04-REVOCATION,student,synthetic_student_a,public.source_versions,DELETE,synthetic_resource_row,SELF_OR_POLICY_SCOPE,AUTHORIZED_OR_OTHER,AUTHORIZED_OR_OTHER,ACTIVE_OR_BOUNDARY,DENY,authenticated has no DELETE grant,supabase/tests/17_actor_action_resource_matrix.sql#RLS-T04-REVOCATION,Direct database decision; role labels never come from user metadata
RLS-T04-CROSS-SCOPE,batch_leader,synthetic_batch_leader_assignment,public.source_versions,READ,synthetic_resource_row,SELF_OR_POLICY_SCOPE,AUTHORIZED_OR_OTHER,AUTHORIZED_OR_OTHER,ACTIVE_OR_BOUNDARY,ALLOW,auth.uid() authorized source plus READY ACTIVE rights-valid matching-edition version,supabase/tests/17_actor_action_resource_matrix.sql#RLS-T04-CROSS-SCOPE,Direct database decision; role labels never come from user metadata
RLS-T04-REVOCATION,batch_leader,synthetic_batch_leader_assignment,public.source_versions,CREATE,synthetic_resource_row,SELF_OR_POLICY_SCOPE,AUTHORIZED_OR_OTHER,AUTHORIZED_OR_OTHER,ACTIVE_OR_BOUNDARY,DENY,authenticated has no INSERT grant,supabase/tests/17_actor_action_resource_matrix.sql#RLS-T04-REVOCATION,Direct database decision; role labels never come from user metadata
RLS-T04-REVOCATION,batch_leader,synthetic_batch_leader_assignment,public.source_versions,UPDATE,synthetic_resource_row,SELF_OR_POLICY_SCOPE,AUTHORIZED_OR_OTHER,AUTHORIZED_OR_OTHER,ACTIVE_OR_BOUNDARY,DENY,authenticated has no reviewed UPDATE grant,supabase/tests/17_actor_action_resource_matrix.sql#RLS-T04-REVOCATION,Direct database decision; role labels never come from user metadata
RLS-T04-REVOCATION,batch_leader,synthetic_batch_leader_assignment,public.source_versions,DELETE,synthetic_resource_row,SELF_OR_POLICY_SCOPE,AUTHORIZED_OR_OTHER,AUTHORIZED_OR_OTHER,ACTIVE_OR_BOUNDARY,DENY,authenticated has no DELETE grant,supabase/tests/17_actor_action_resource_matrix.sql#RLS-T04-REVOCATION,Direct database decision; role labels never come from user metadata
RLS-T04-CROSS-SCOPE,admin,synthetic_admin,public.source_versions,READ,synthetic_resource_row,SELF_OR_POLICY_SCOPE,AUTHORIZED_OR_OTHER,AUTHORIZED_OR_OTHER,ACTIVE_OR_BOUNDARY,ALLOW,authoritative active ADMIN role,supabase/tests/17_actor_action_resource_matrix.sql#RLS-T04-CROSS-SCOPE,Direct database decision; role labels never come from user metadata
RLS-T04-REVOCATION,admin,synthetic_admin,public.source_versions,CREATE,synthetic_resource_row,SELF_OR_POLICY_SCOPE,AUTHORIZED_OR_OTHER,AUTHORIZED_OR_OTHER,ACTIVE_OR_BOUNDARY,DENY,authenticated has no INSERT grant,supabase/tests/17_actor_action_resource_matrix.sql#RLS-T04-REVOCATION,Direct database decision; role labels never come from user metadata
RLS-T04-REVOCATION,admin,synthetic_admin,public.source_versions,UPDATE,synthetic_resource_row,SELF_OR_POLICY_SCOPE,AUTHORIZED_OR_OTHER,AUTHORIZED_OR_OTHER,ACTIVE_OR_BOUNDARY,DENY,authenticated has no reviewed UPDATE grant,supabase/tests/17_actor_action_resource_matrix.sql#RLS-T04-REVOCATION,Direct database decision; role labels never come from user metadata
RLS-T04-REVOCATION,admin,synthetic_admin,public.source_versions,DELETE,synthetic_resource_row,SELF_OR_POLICY_SCOPE,AUTHORIZED_OR_OTHER,AUTHORIZED_OR_OTHER,ACTIVE_OR_BOUNDARY,DENY,authenticated has no DELETE grant,supabase/tests/17_actor_action_resource_matrix.sql#RLS-T04-REVOCATION,Direct database decision; role labels never come from user metadata
RLS-T04-SERVER-ONLY,worker,trusted_worker_runtime,public.source_versions,READ,synthetic_resource_row,SELF_OR_POLICY_SCOPE,AUTHORIZED_OR_OTHER,AUTHORIZED_OR_OTHER,ACTIVE_OR_BOUNDARY,SERVER_ONLY,trusted runtime with server-held credential and explicit object privilege,supabase/tests/17_actor_action_resource_matrix.sql#RLS-T04-SERVER-ONLY,Direct database decision; role labels never come from user metadata
RLS-T04-SERVER-ONLY,worker,trusted_worker_runtime,public.source_versions,CREATE,synthetic_resource_row,SELF_OR_POLICY_SCOPE,AUTHORIZED_OR_OTHER,AUTHORIZED_OR_OTHER,ACTIVE_OR_BOUNDARY,SERVER_ONLY,trusted runtime with server-held credential and explicit object privilege,supabase/tests/17_actor_action_resource_matrix.sql#RLS-T04-SERVER-ONLY,Direct database decision; role labels never come from user metadata
RLS-T04-SERVER-ONLY,worker,trusted_worker_runtime,public.source_versions,UPDATE,synthetic_resource_row,SELF_OR_POLICY_SCOPE,AUTHORIZED_OR_OTHER,AUTHORIZED_OR_OTHER,ACTIVE_OR_BOUNDARY,SERVER_ONLY,trusted runtime with server-held credential and explicit object privilege,supabase/tests/17_actor_action_resource_matrix.sql#RLS-T04-SERVER-ONLY,Direct database decision; role labels never come from user metadata
RLS-T04-SERVER-ONLY,worker,trusted_worker_runtime,public.source_versions,DELETE,synthetic_resource_row,SELF_OR_POLICY_SCOPE,AUTHORIZED_OR_OTHER,AUTHORIZED_OR_OTHER,ACTIVE_OR_BOUNDARY,SERVER_ONLY,trusted runtime with server-held credential and explicit object privilege,supabase/tests/17_actor_action_resource_matrix.sql#RLS-T04-SERVER-ONLY,Direct database decision; role labels never come from user metadata
RLS-T04-SERVER-ONLY,service_role,trusted_service_runtime,public.source_versions,READ,synthetic_resource_row,SELF_OR_POLICY_SCOPE,AUTHORIZED_OR_OTHER,AUTHORIZED_OR_OTHER,ACTIVE_OR_BOUNDARY,SERVER_ONLY,trusted runtime with server-held credential and explicit object privilege,supabase/tests/17_actor_action_resource_matrix.sql#RLS-T04-SERVER-ONLY,Direct database decision; role labels never come from user metadata
RLS-T04-SERVER-ONLY,service_role,trusted_service_runtime,public.source_versions,CREATE,synthetic_resource_row,SELF_OR_POLICY_SCOPE,AUTHORIZED_OR_OTHER,AUTHORIZED_OR_OTHER,ACTIVE_OR_BOUNDARY,SERVER_ONLY,trusted runtime with server-held credential and explicit object privilege,supabase/tests/17_actor_action_resource_matrix.sql#RLS-T04-SERVER-ONLY,Direct database decision; role labels never come from user metadata
RLS-T04-SERVER-ONLY,service_role,trusted_service_runtime,public.source_versions,UPDATE,synthetic_resource_row,SELF_OR_POLICY_SCOPE,AUTHORIZED_OR_OTHER,AUTHORIZED_OR_OTHER,ACTIVE_OR_BOUNDARY,SERVER_ONLY,trusted runtime with server-held credential and explicit object privilege,supabase/tests/17_actor_action_resource_matrix.sql#RLS-T04-SERVER-ONLY,Direct database decision; role labels never come from user metadata
RLS-T04-SERVER-ONLY,service_role,trusted_service_runtime,public.source_versions,DELETE,synthetic_resource_row,SELF_OR_POLICY_SCOPE,AUTHORIZED_OR_OTHER,AUTHORIZED_OR_OTHER,ACTIVE_OR_BOUNDARY,SERVER_ONLY,trusted runtime with server-held credential and explicit object privilege,supabase/tests/17_actor_action_resource_matrix.sql#RLS-T04-SERVER-ONLY,Direct database decision; role labels never come from user metadata
RLS-T04-ANON-DENY,anon,anonymous_session,public.studio_artifacts,READ,synthetic_resource_row,SELF_OR_POLICY_SCOPE,AUTHORIZED_OR_OTHER,AUTHORIZED_OR_OTHER,ACTIVE_OR_BOUNDARY,DENY,anon has no table grants,supabase/tests/17_actor_action_resource_matrix.sql#RLS-T04-ANON-DENY,Direct database decision; role labels never come from user metadata
RLS-T04-ANON-DENY,anon,anonymous_session,public.studio_artifacts,CREATE,synthetic_resource_row,SELF_OR_POLICY_SCOPE,AUTHORIZED_OR_OTHER,AUTHORIZED_OR_OTHER,ACTIVE_OR_BOUNDARY,DENY,anon has no table grants,supabase/tests/17_actor_action_resource_matrix.sql#RLS-T04-ANON-DENY,Direct database decision; role labels never come from user metadata
RLS-T04-ANON-DENY,anon,anonymous_session,public.studio_artifacts,UPDATE,synthetic_resource_row,SELF_OR_POLICY_SCOPE,AUTHORIZED_OR_OTHER,AUTHORIZED_OR_OTHER,ACTIVE_OR_BOUNDARY,DENY,anon has no table grants,supabase/tests/17_actor_action_resource_matrix.sql#RLS-T04-ANON-DENY,Direct database decision; role labels never come from user metadata
RLS-T04-ANON-DENY,anon,anonymous_session,public.studio_artifacts,DELETE,synthetic_resource_row,SELF_OR_POLICY_SCOPE,AUTHORIZED_OR_OTHER,AUTHORIZED_OR_OTHER,ACTIVE_OR_BOUNDARY,DENY,anon has no table grants,supabase/tests/17_actor_action_resource_matrix.sql#RLS-T04-ANON-DENY,Direct database decision; role labels never come from user metadata
RLS-T04-CROSS-USER,student,synthetic_student_a,public.studio_artifacts,READ,synthetic_resource_row,SELF_OR_POLICY_SCOPE,AUTHORIZED_OR_OTHER,AUTHORIZED_OR_OTHER,ACTIVE_OR_BOUNDARY,ALLOW,own parent chain resolves to auth.uid(),supabase/tests/17_actor_action_resource_matrix.sql#RLS-T04-CROSS-USER,Direct database decision; role labels never come from user metadata
RLS-T04-CROSS-USER,student,synthetic_student_a,public.studio_artifacts,CREATE,synthetic_resource_row,SELF_OR_POLICY_SCOPE,AUTHORIZED_OR_OTHER,AUTHORIZED_OR_OTHER,ACTIVE_OR_BOUNDARY,DENY,authenticated has no INSERT grant,supabase/tests/17_actor_action_resource_matrix.sql#RLS-T04-CROSS-USER,Direct database decision; role labels never come from user metadata
RLS-T04-CROSS-USER,student,synthetic_student_a,public.studio_artifacts,UPDATE,synthetic_resource_row,SELF_OR_POLICY_SCOPE,AUTHORIZED_OR_OTHER,AUTHORIZED_OR_OTHER,ACTIVE_OR_BOUNDARY,DENY,authenticated has no reviewed UPDATE grant,supabase/tests/17_actor_action_resource_matrix.sql#RLS-T04-CROSS-USER,Direct database decision; role labels never come from user metadata
RLS-T04-CROSS-USER,student,synthetic_student_a,public.studio_artifacts,DELETE,synthetic_resource_row,SELF_OR_POLICY_SCOPE,AUTHORIZED_OR_OTHER,AUTHORIZED_OR_OTHER,ACTIVE_OR_BOUNDARY,DENY,authenticated has no DELETE grant,supabase/tests/17_actor_action_resource_matrix.sql#RLS-T04-CROSS-USER,Direct database decision; role labels never come from user metadata
RLS-T04-CROSS-USER,batch_leader,synthetic_batch_leader_assignment,public.studio_artifacts,READ,synthetic_resource_row,SELF_OR_POLICY_SCOPE,AUTHORIZED_OR_OTHER,AUTHORIZED_OR_OTHER,ACTIVE_OR_BOUNDARY,ALLOW,own parent chain resolves to auth.uid(),supabase/tests/17_actor_action_resource_matrix.sql#RLS-T04-CROSS-USER,Direct database decision; role labels never come from user metadata
RLS-T04-CROSS-USER,batch_leader,synthetic_batch_leader_assignment,public.studio_artifacts,CREATE,synthetic_resource_row,SELF_OR_POLICY_SCOPE,AUTHORIZED_OR_OTHER,AUTHORIZED_OR_OTHER,ACTIVE_OR_BOUNDARY,DENY,authenticated has no INSERT grant,supabase/tests/17_actor_action_resource_matrix.sql#RLS-T04-CROSS-USER,Direct database decision; role labels never come from user metadata
RLS-T04-CROSS-USER,batch_leader,synthetic_batch_leader_assignment,public.studio_artifacts,UPDATE,synthetic_resource_row,SELF_OR_POLICY_SCOPE,AUTHORIZED_OR_OTHER,AUTHORIZED_OR_OTHER,ACTIVE_OR_BOUNDARY,DENY,authenticated has no reviewed UPDATE grant,supabase/tests/17_actor_action_resource_matrix.sql#RLS-T04-CROSS-USER,Direct database decision; role labels never come from user metadata
RLS-T04-CROSS-USER,batch_leader,synthetic_batch_leader_assignment,public.studio_artifacts,DELETE,synthetic_resource_row,SELF_OR_POLICY_SCOPE,AUTHORIZED_OR_OTHER,AUTHORIZED_OR_OTHER,ACTIVE_OR_BOUNDARY,DENY,authenticated has no DELETE grant,supabase/tests/17_actor_action_resource_matrix.sql#RLS-T04-CROSS-USER,Direct database decision; role labels never come from user metadata
RLS-T04-CROSS-USER,admin,synthetic_admin,public.studio_artifacts,READ,synthetic_resource_row,SELF_OR_POLICY_SCOPE,AUTHORIZED_OR_OTHER,AUTHORIZED_OR_OTHER,ACTIVE_OR_BOUNDARY,ALLOW,own parent chain resolves to auth.uid(),supabase/tests/17_actor_action_resource_matrix.sql#RLS-T04-CROSS-USER,Direct database decision; role labels never come from user metadata
RLS-T04-CROSS-USER,admin,synthetic_admin,public.studio_artifacts,CREATE,synthetic_resource_row,SELF_OR_POLICY_SCOPE,AUTHORIZED_OR_OTHER,AUTHORIZED_OR_OTHER,ACTIVE_OR_BOUNDARY,DENY,authenticated has no INSERT grant,supabase/tests/17_actor_action_resource_matrix.sql#RLS-T04-CROSS-USER,Direct database decision; role labels never come from user metadata
RLS-T04-CROSS-USER,admin,synthetic_admin,public.studio_artifacts,UPDATE,synthetic_resource_row,SELF_OR_POLICY_SCOPE,AUTHORIZED_OR_OTHER,AUTHORIZED_OR_OTHER,ACTIVE_OR_BOUNDARY,DENY,authenticated has no reviewed UPDATE grant,supabase/tests/17_actor_action_resource_matrix.sql#RLS-T04-CROSS-USER,Direct database decision; role labels never come from user metadata
RLS-T04-CROSS-USER,admin,synthetic_admin,public.studio_artifacts,DELETE,synthetic_resource_row,SELF_OR_POLICY_SCOPE,AUTHORIZED_OR_OTHER,AUTHORIZED_OR_OTHER,ACTIVE_OR_BOUNDARY,DENY,authenticated has no DELETE grant,supabase/tests/17_actor_action_resource_matrix.sql#RLS-T04-CROSS-USER,Direct database decision; role labels never come from user metadata
RLS-T04-SERVER-ONLY,worker,trusted_worker_runtime,public.studio_artifacts,READ,synthetic_resource_row,SELF_OR_POLICY_SCOPE,AUTHORIZED_OR_OTHER,AUTHORIZED_OR_OTHER,ACTIVE_OR_BOUNDARY,SERVER_ONLY,trusted runtime with server-held credential and explicit object privilege,supabase/tests/17_actor_action_resource_matrix.sql#RLS-T04-SERVER-ONLY,Direct database decision; role labels never come from user metadata
RLS-T04-SERVER-ONLY,worker,trusted_worker_runtime,public.studio_artifacts,CREATE,synthetic_resource_row,SELF_OR_POLICY_SCOPE,AUTHORIZED_OR_OTHER,AUTHORIZED_OR_OTHER,ACTIVE_OR_BOUNDARY,SERVER_ONLY,trusted runtime with server-held credential and explicit object privilege,supabase/tests/17_actor_action_resource_matrix.sql#RLS-T04-SERVER-ONLY,Direct database decision; role labels never come from user metadata
RLS-T04-SERVER-ONLY,worker,trusted_worker_runtime,public.studio_artifacts,UPDATE,synthetic_resource_row,SELF_OR_POLICY_SCOPE,AUTHORIZED_OR_OTHER,AUTHORIZED_OR_OTHER,ACTIVE_OR_BOUNDARY,SERVER_ONLY,trusted runtime with server-held credential and explicit object privilege,supabase/tests/17_actor_action_resource_matrix.sql#RLS-T04-SERVER-ONLY,Direct database decision; role labels never come from user metadata
RLS-T04-SERVER-ONLY,worker,trusted_worker_runtime,public.studio_artifacts,DELETE,synthetic_resource_row,SELF_OR_POLICY_SCOPE,AUTHORIZED_OR_OTHER,AUTHORIZED_OR_OTHER,ACTIVE_OR_BOUNDARY,SERVER_ONLY,trusted runtime with server-held credential and explicit object privilege,supabase/tests/17_actor_action_resource_matrix.sql#RLS-T04-SERVER-ONLY,Direct database decision; role labels never come from user metadata
RLS-T04-SERVER-ONLY,service_role,trusted_service_runtime,public.studio_artifacts,READ,synthetic_resource_row,SELF_OR_POLICY_SCOPE,AUTHORIZED_OR_OTHER,AUTHORIZED_OR_OTHER,ACTIVE_OR_BOUNDARY,SERVER_ONLY,trusted runtime with server-held credential and explicit object privilege,supabase/tests/17_actor_action_resource_matrix.sql#RLS-T04-SERVER-ONLY,Direct database decision; role labels never come from user metadata
RLS-T04-SERVER-ONLY,service_role,trusted_service_runtime,public.studio_artifacts,CREATE,synthetic_resource_row,SELF_OR_POLICY_SCOPE,AUTHORIZED_OR_OTHER,AUTHORIZED_OR_OTHER,ACTIVE_OR_BOUNDARY,SERVER_ONLY,trusted runtime with server-held credential and explicit object privilege,supabase/tests/17_actor_action_resource_matrix.sql#RLS-T04-SERVER-ONLY,Direct database decision; role labels never come from user metadata
RLS-T04-SERVER-ONLY,service_role,trusted_service_runtime,public.studio_artifacts,UPDATE,synthetic_resource_row,SELF_OR_POLICY_SCOPE,AUTHORIZED_OR_OTHER,AUTHORIZED_OR_OTHER,ACTIVE_OR_BOUNDARY,SERVER_ONLY,trusted runtime with server-held credential and explicit object privilege,supabase/tests/17_actor_action_resource_matrix.sql#RLS-T04-SERVER-ONLY,Direct database decision; role labels never come from user metadata
RLS-T04-SERVER-ONLY,service_role,trusted_service_runtime,public.studio_artifacts,DELETE,synthetic_resource_row,SELF_OR_POLICY_SCOPE,AUTHORIZED_OR_OTHER,AUTHORIZED_OR_OTHER,ACTIVE_OR_BOUNDARY,SERVER_ONLY,trusted runtime with server-held credential and explicit object privilege,supabase/tests/17_actor_action_resource_matrix.sql#RLS-T04-SERVER-ONLY,Direct database decision; role labels never come from user metadata
RLS-T04-ANON-DENY,anon,anonymous_session,public.studio_requests,READ,synthetic_resource_row,SELF_OR_POLICY_SCOPE,AUTHORIZED_OR_OTHER,AUTHORIZED_OR_OTHER,ACTIVE_OR_BOUNDARY,DENY,anon has no table grants,supabase/tests/17_actor_action_resource_matrix.sql#RLS-T04-ANON-DENY,Direct database decision; role labels never come from user metadata
RLS-T04-ANON-DENY,anon,anonymous_session,public.studio_requests,CREATE,synthetic_resource_row,SELF_OR_POLICY_SCOPE,AUTHORIZED_OR_OTHER,AUTHORIZED_OR_OTHER,ACTIVE_OR_BOUNDARY,DENY,anon has no table grants,supabase/tests/17_actor_action_resource_matrix.sql#RLS-T04-ANON-DENY,Direct database decision; role labels never come from user metadata
RLS-T04-ANON-DENY,anon,anonymous_session,public.studio_requests,UPDATE,synthetic_resource_row,SELF_OR_POLICY_SCOPE,AUTHORIZED_OR_OTHER,AUTHORIZED_OR_OTHER,ACTIVE_OR_BOUNDARY,DENY,anon has no table grants,supabase/tests/17_actor_action_resource_matrix.sql#RLS-T04-ANON-DENY,Direct database decision; role labels never come from user metadata
RLS-T04-ANON-DENY,anon,anonymous_session,public.studio_requests,DELETE,synthetic_resource_row,SELF_OR_POLICY_SCOPE,AUTHORIZED_OR_OTHER,AUTHORIZED_OR_OTHER,ACTIVE_OR_BOUNDARY,DENY,anon has no table grants,supabase/tests/17_actor_action_resource_matrix.sql#RLS-T04-ANON-DENY,Direct database decision; role labels never come from user metadata
RLS-T04-CROSS-USER,student,synthetic_student_a,public.studio_requests,READ,synthetic_resource_row,SELF_OR_POLICY_SCOPE,AUTHORIZED_OR_OTHER,AUTHORIZED_OR_OTHER,ACTIVE_OR_BOUNDARY,ALLOW,own parent chain resolves to auth.uid(),supabase/tests/17_actor_action_resource_matrix.sql#RLS-T04-CROSS-USER,Direct database decision; role labels never come from user metadata
RLS-T04-CROSS-USER,student,synthetic_student_a,public.studio_requests,CREATE,synthetic_resource_row,SELF_OR_POLICY_SCOPE,AUTHORIZED_OR_OTHER,AUTHORIZED_OR_OTHER,ACTIVE_OR_BOUNDARY,ALLOW,new row ownership chain resolves to auth.uid() and required state,supabase/tests/17_actor_action_resource_matrix.sql#RLS-T04-CROSS-USER,Direct database decision; role labels never come from user metadata
RLS-T04-CROSS-USER,student,synthetic_student_a,public.studio_requests,UPDATE,synthetic_resource_row,SELF_OR_POLICY_SCOPE,AUTHORIZED_OR_OTHER,AUTHORIZED_OR_OTHER,ACTIVE_OR_BOUNDARY,DENY,authenticated has no reviewed UPDATE grant,supabase/tests/17_actor_action_resource_matrix.sql#RLS-T04-CROSS-USER,Direct database decision; role labels never come from user metadata
RLS-T04-CROSS-USER,student,synthetic_student_a,public.studio_requests,DELETE,synthetic_resource_row,SELF_OR_POLICY_SCOPE,AUTHORIZED_OR_OTHER,AUTHORIZED_OR_OTHER,ACTIVE_OR_BOUNDARY,DENY,authenticated has no DELETE grant,supabase/tests/17_actor_action_resource_matrix.sql#RLS-T04-CROSS-USER,Direct database decision; role labels never come from user metadata
RLS-T04-CROSS-USER,batch_leader,synthetic_batch_leader_assignment,public.studio_requests,READ,synthetic_resource_row,SELF_OR_POLICY_SCOPE,AUTHORIZED_OR_OTHER,AUTHORIZED_OR_OTHER,ACTIVE_OR_BOUNDARY,ALLOW,own parent chain resolves to auth.uid(),supabase/tests/17_actor_action_resource_matrix.sql#RLS-T04-CROSS-USER,Direct database decision; role labels never come from user metadata
RLS-T04-CROSS-USER,batch_leader,synthetic_batch_leader_assignment,public.studio_requests,CREATE,synthetic_resource_row,SELF_OR_POLICY_SCOPE,AUTHORIZED_OR_OTHER,AUTHORIZED_OR_OTHER,ACTIVE_OR_BOUNDARY,ALLOW,new row ownership chain resolves to auth.uid() and required state,supabase/tests/17_actor_action_resource_matrix.sql#RLS-T04-CROSS-USER,Direct database decision; role labels never come from user metadata
RLS-T04-CROSS-USER,batch_leader,synthetic_batch_leader_assignment,public.studio_requests,UPDATE,synthetic_resource_row,SELF_OR_POLICY_SCOPE,AUTHORIZED_OR_OTHER,AUTHORIZED_OR_OTHER,ACTIVE_OR_BOUNDARY,DENY,authenticated has no reviewed UPDATE grant,supabase/tests/17_actor_action_resource_matrix.sql#RLS-T04-CROSS-USER,Direct database decision; role labels never come from user metadata
RLS-T04-CROSS-USER,batch_leader,synthetic_batch_leader_assignment,public.studio_requests,DELETE,synthetic_resource_row,SELF_OR_POLICY_SCOPE,AUTHORIZED_OR_OTHER,AUTHORIZED_OR_OTHER,ACTIVE_OR_BOUNDARY,DENY,authenticated has no DELETE grant,supabase/tests/17_actor_action_resource_matrix.sql#RLS-T04-CROSS-USER,Direct database decision; role labels never come from user metadata
RLS-T04-CROSS-USER,admin,synthetic_admin,public.studio_requests,READ,synthetic_resource_row,SELF_OR_POLICY_SCOPE,AUTHORIZED_OR_OTHER,AUTHORIZED_OR_OTHER,ACTIVE_OR_BOUNDARY,ALLOW,own parent chain resolves to auth.uid(),supabase/tests/17_actor_action_resource_matrix.sql#RLS-T04-CROSS-USER,Direct database decision; role labels never come from user metadata
RLS-T04-CROSS-USER,admin,synthetic_admin,public.studio_requests,CREATE,synthetic_resource_row,SELF_OR_POLICY_SCOPE,AUTHORIZED_OR_OTHER,AUTHORIZED_OR_OTHER,ACTIVE_OR_BOUNDARY,ALLOW,new row ownership chain resolves to auth.uid() and required state,supabase/tests/17_actor_action_resource_matrix.sql#RLS-T04-CROSS-USER,Direct database decision; role labels never come from user metadata
RLS-T04-CROSS-USER,admin,synthetic_admin,public.studio_requests,UPDATE,synthetic_resource_row,SELF_OR_POLICY_SCOPE,AUTHORIZED_OR_OTHER,AUTHORIZED_OR_OTHER,ACTIVE_OR_BOUNDARY,DENY,authenticated has no reviewed UPDATE grant,supabase/tests/17_actor_action_resource_matrix.sql#RLS-T04-CROSS-USER,Direct database decision; role labels never come from user metadata
RLS-T04-CROSS-USER,admin,synthetic_admin,public.studio_requests,DELETE,synthetic_resource_row,SELF_OR_POLICY_SCOPE,AUTHORIZED_OR_OTHER,AUTHORIZED_OR_OTHER,ACTIVE_OR_BOUNDARY,DENY,authenticated has no DELETE grant,supabase/tests/17_actor_action_resource_matrix.sql#RLS-T04-CROSS-USER,Direct database decision; role labels never come from user metadata
RLS-T04-SERVER-ONLY,worker,trusted_worker_runtime,public.studio_requests,READ,synthetic_resource_row,SELF_OR_POLICY_SCOPE,AUTHORIZED_OR_OTHER,AUTHORIZED_OR_OTHER,ACTIVE_OR_BOUNDARY,SERVER_ONLY,trusted runtime with server-held credential and explicit object privilege,supabase/tests/17_actor_action_resource_matrix.sql#RLS-T04-SERVER-ONLY,Direct database decision; role labels never come from user metadata
RLS-T04-SERVER-ONLY,worker,trusted_worker_runtime,public.studio_requests,CREATE,synthetic_resource_row,SELF_OR_POLICY_SCOPE,AUTHORIZED_OR_OTHER,AUTHORIZED_OR_OTHER,ACTIVE_OR_BOUNDARY,SERVER_ONLY,trusted runtime with server-held credential and explicit object privilege,supabase/tests/17_actor_action_resource_matrix.sql#RLS-T04-SERVER-ONLY,Direct database decision; role labels never come from user metadata
RLS-T04-SERVER-ONLY,worker,trusted_worker_runtime,public.studio_requests,UPDATE,synthetic_resource_row,SELF_OR_POLICY_SCOPE,AUTHORIZED_OR_OTHER,AUTHORIZED_OR_OTHER,ACTIVE_OR_BOUNDARY,SERVER_ONLY,trusted runtime with server-held credential and explicit object privilege,supabase/tests/17_actor_action_resource_matrix.sql#RLS-T04-SERVER-ONLY,Direct database decision; role labels never come from user metadata
RLS-T04-SERVER-ONLY,worker,trusted_worker_runtime,public.studio_requests,DELETE,synthetic_resource_row,SELF_OR_POLICY_SCOPE,AUTHORIZED_OR_OTHER,AUTHORIZED_OR_OTHER,ACTIVE_OR_BOUNDARY,SERVER_ONLY,trusted runtime with server-held credential and explicit object privilege,supabase/tests/17_actor_action_resource_matrix.sql#RLS-T04-SERVER-ONLY,Direct database decision; role labels never come from user metadata
RLS-T04-SERVER-ONLY,service_role,trusted_service_runtime,public.studio_requests,READ,synthetic_resource_row,SELF_OR_POLICY_SCOPE,AUTHORIZED_OR_OTHER,AUTHORIZED_OR_OTHER,ACTIVE_OR_BOUNDARY,SERVER_ONLY,trusted runtime with server-held credential and explicit object privilege,supabase/tests/17_actor_action_resource_matrix.sql#RLS-T04-SERVER-ONLY,Direct database decision; role labels never come from user metadata
RLS-T04-SERVER-ONLY,service_role,trusted_service_runtime,public.studio_requests,CREATE,synthetic_resource_row,SELF_OR_POLICY_SCOPE,AUTHORIZED_OR_OTHER,AUTHORIZED_OR_OTHER,ACTIVE_OR_BOUNDARY,SERVER_ONLY,trusted runtime with server-held credential and explicit object privilege,supabase/tests/17_actor_action_resource_matrix.sql#RLS-T04-SERVER-ONLY,Direct database decision; role labels never come from user metadata
RLS-T04-SERVER-ONLY,service_role,trusted_service_runtime,public.studio_requests,UPDATE,synthetic_resource_row,SELF_OR_POLICY_SCOPE,AUTHORIZED_OR_OTHER,AUTHORIZED_OR_OTHER,ACTIVE_OR_BOUNDARY,SERVER_ONLY,trusted runtime with server-held credential and explicit object privilege,supabase/tests/17_actor_action_resource_matrix.sql#RLS-T04-SERVER-ONLY,Direct database decision; role labels never come from user metadata
RLS-T04-SERVER-ONLY,service_role,trusted_service_runtime,public.studio_requests,DELETE,synthetic_resource_row,SELF_OR_POLICY_SCOPE,AUTHORIZED_OR_OTHER,AUTHORIZED_OR_OTHER,ACTIVE_OR_BOUNDARY,SERVER_ONLY,trusted runtime with server-held credential and explicit object privilege,supabase/tests/17_actor_action_resource_matrix.sql#RLS-T04-SERVER-ONLY,Direct database decision; role labels never come from user metadata
RLS-T04-ANON-DENY,anon,anonymous_session,public.terms,READ,synthetic_resource_row,SELF_OR_POLICY_SCOPE,AUTHORIZED_OR_OTHER,AUTHORIZED_OR_OTHER,ACTIVE_OR_BOUNDARY,DENY,anon has no table grants,supabase/tests/17_actor_action_resource_matrix.sql#RLS-T04-ANON-DENY,Direct database decision; role labels never come from user metadata
RLS-T04-ANON-DENY,anon,anonymous_session,public.terms,CREATE,synthetic_resource_row,SELF_OR_POLICY_SCOPE,AUTHORIZED_OR_OTHER,AUTHORIZED_OR_OTHER,ACTIVE_OR_BOUNDARY,DENY,anon has no table grants,supabase/tests/17_actor_action_resource_matrix.sql#RLS-T04-ANON-DENY,Direct database decision; role labels never come from user metadata
RLS-T04-ANON-DENY,anon,anonymous_session,public.terms,UPDATE,synthetic_resource_row,SELF_OR_POLICY_SCOPE,AUTHORIZED_OR_OTHER,AUTHORIZED_OR_OTHER,ACTIVE_OR_BOUNDARY,DENY,anon has no table grants,supabase/tests/17_actor_action_resource_matrix.sql#RLS-T04-ANON-DENY,Direct database decision; role labels never come from user metadata
RLS-T04-ANON-DENY,anon,anonymous_session,public.terms,DELETE,synthetic_resource_row,SELF_OR_POLICY_SCOPE,AUTHORIZED_OR_OTHER,AUTHORIZED_OR_OTHER,ACTIVE_OR_BOUNDARY,DENY,anon has no table grants,supabase/tests/17_actor_action_resource_matrix.sql#RLS-T04-ANON-DENY,Direct database decision; role labels never come from user metadata
RLS-T04-POLICY-META,student,synthetic_student_a,public.terms,READ,synthetic_resource_row,SELF_OR_POLICY_SCOPE,AUTHORIZED_OR_OTHER,AUTHORIZED_OR_OTHER,ACTIVE_OR_BOUNDARY,ALLOW,authenticated caller and active catalog row,supabase/tests/17_actor_action_resource_matrix.sql#RLS-T04-POLICY-META,Direct database decision; role labels never come from user metadata
RLS-T04-GRANT-META,student,synthetic_student_a,public.terms,CREATE,synthetic_resource_row,SELF_OR_POLICY_SCOPE,AUTHORIZED_OR_OTHER,AUTHORIZED_OR_OTHER,ACTIVE_OR_BOUNDARY,DENY,authenticated has no INSERT grant,supabase/tests/17_actor_action_resource_matrix.sql#RLS-T04-GRANT-META,Direct database decision; role labels never come from user metadata
RLS-T04-GRANT-META,student,synthetic_student_a,public.terms,UPDATE,synthetic_resource_row,SELF_OR_POLICY_SCOPE,AUTHORIZED_OR_OTHER,AUTHORIZED_OR_OTHER,ACTIVE_OR_BOUNDARY,DENY,authenticated has no reviewed UPDATE grant,supabase/tests/17_actor_action_resource_matrix.sql#RLS-T04-GRANT-META,Direct database decision; role labels never come from user metadata
RLS-T04-GRANT-META,student,synthetic_student_a,public.terms,DELETE,synthetic_resource_row,SELF_OR_POLICY_SCOPE,AUTHORIZED_OR_OTHER,AUTHORIZED_OR_OTHER,ACTIVE_OR_BOUNDARY,DENY,authenticated has no DELETE grant,supabase/tests/17_actor_action_resource_matrix.sql#RLS-T04-GRANT-META,Direct database decision; role labels never come from user metadata
RLS-T04-POLICY-META,batch_leader,synthetic_batch_leader_assignment,public.terms,READ,synthetic_resource_row,SELF_OR_POLICY_SCOPE,AUTHORIZED_OR_OTHER,AUTHORIZED_OR_OTHER,ACTIVE_OR_BOUNDARY,ALLOW,authenticated caller and active catalog row,supabase/tests/17_actor_action_resource_matrix.sql#RLS-T04-POLICY-META,Direct database decision; role labels never come from user metadata
RLS-T04-GRANT-META,batch_leader,synthetic_batch_leader_assignment,public.terms,CREATE,synthetic_resource_row,SELF_OR_POLICY_SCOPE,AUTHORIZED_OR_OTHER,AUTHORIZED_OR_OTHER,ACTIVE_OR_BOUNDARY,DENY,authenticated has no INSERT grant,supabase/tests/17_actor_action_resource_matrix.sql#RLS-T04-GRANT-META,Direct database decision; role labels never come from user metadata
RLS-T04-GRANT-META,batch_leader,synthetic_batch_leader_assignment,public.terms,UPDATE,synthetic_resource_row,SELF_OR_POLICY_SCOPE,AUTHORIZED_OR_OTHER,AUTHORIZED_OR_OTHER,ACTIVE_OR_BOUNDARY,DENY,authenticated has no reviewed UPDATE grant,supabase/tests/17_actor_action_resource_matrix.sql#RLS-T04-GRANT-META,Direct database decision; role labels never come from user metadata
RLS-T04-GRANT-META,batch_leader,synthetic_batch_leader_assignment,public.terms,DELETE,synthetic_resource_row,SELF_OR_POLICY_SCOPE,AUTHORIZED_OR_OTHER,AUTHORIZED_OR_OTHER,ACTIVE_OR_BOUNDARY,DENY,authenticated has no DELETE grant,supabase/tests/17_actor_action_resource_matrix.sql#RLS-T04-GRANT-META,Direct database decision; role labels never come from user metadata
RLS-T04-POLICY-META,admin,synthetic_admin,public.terms,READ,synthetic_resource_row,SELF_OR_POLICY_SCOPE,AUTHORIZED_OR_OTHER,AUTHORIZED_OR_OTHER,ACTIVE_OR_BOUNDARY,ALLOW,authenticated caller and active catalog row,supabase/tests/17_actor_action_resource_matrix.sql#RLS-T04-POLICY-META,Direct database decision; role labels never come from user metadata
RLS-T04-GRANT-META,admin,synthetic_admin,public.terms,CREATE,synthetic_resource_row,SELF_OR_POLICY_SCOPE,AUTHORIZED_OR_OTHER,AUTHORIZED_OR_OTHER,ACTIVE_OR_BOUNDARY,DENY,authenticated has no INSERT grant,supabase/tests/17_actor_action_resource_matrix.sql#RLS-T04-GRANT-META,Direct database decision; role labels never come from user metadata
RLS-T04-GRANT-META,admin,synthetic_admin,public.terms,UPDATE,synthetic_resource_row,SELF_OR_POLICY_SCOPE,AUTHORIZED_OR_OTHER,AUTHORIZED_OR_OTHER,ACTIVE_OR_BOUNDARY,DENY,authenticated has no reviewed UPDATE grant,supabase/tests/17_actor_action_resource_matrix.sql#RLS-T04-GRANT-META,Direct database decision; role labels never come from user metadata
RLS-T04-GRANT-META,admin,synthetic_admin,public.terms,DELETE,synthetic_resource_row,SELF_OR_POLICY_SCOPE,AUTHORIZED_OR_OTHER,AUTHORIZED_OR_OTHER,ACTIVE_OR_BOUNDARY,DENY,authenticated has no DELETE grant,supabase/tests/17_actor_action_resource_matrix.sql#RLS-T04-GRANT-META,Direct database decision; role labels never come from user metadata
RLS-T04-SERVER-ONLY,worker,trusted_worker_runtime,public.terms,READ,synthetic_resource_row,SELF_OR_POLICY_SCOPE,AUTHORIZED_OR_OTHER,AUTHORIZED_OR_OTHER,ACTIVE_OR_BOUNDARY,SERVER_ONLY,trusted runtime with server-held credential and explicit object privilege,supabase/tests/17_actor_action_resource_matrix.sql#RLS-T04-SERVER-ONLY,Direct database decision; role labels never come from user metadata
RLS-T04-SERVER-ONLY,worker,trusted_worker_runtime,public.terms,CREATE,synthetic_resource_row,SELF_OR_POLICY_SCOPE,AUTHORIZED_OR_OTHER,AUTHORIZED_OR_OTHER,ACTIVE_OR_BOUNDARY,SERVER_ONLY,trusted runtime with server-held credential and explicit object privilege,supabase/tests/17_actor_action_resource_matrix.sql#RLS-T04-SERVER-ONLY,Direct database decision; role labels never come from user metadata
RLS-T04-SERVER-ONLY,worker,trusted_worker_runtime,public.terms,UPDATE,synthetic_resource_row,SELF_OR_POLICY_SCOPE,AUTHORIZED_OR_OTHER,AUTHORIZED_OR_OTHER,ACTIVE_OR_BOUNDARY,SERVER_ONLY,trusted runtime with server-held credential and explicit object privilege,supabase/tests/17_actor_action_resource_matrix.sql#RLS-T04-SERVER-ONLY,Direct database decision; role labels never come from user metadata
RLS-T04-SERVER-ONLY,worker,trusted_worker_runtime,public.terms,DELETE,synthetic_resource_row,SELF_OR_POLICY_SCOPE,AUTHORIZED_OR_OTHER,AUTHORIZED_OR_OTHER,ACTIVE_OR_BOUNDARY,SERVER_ONLY,trusted runtime with server-held credential and explicit object privilege,supabase/tests/17_actor_action_resource_matrix.sql#RLS-T04-SERVER-ONLY,Direct database decision; role labels never come from user metadata
RLS-T04-SERVER-ONLY,service_role,trusted_service_runtime,public.terms,READ,synthetic_resource_row,SELF_OR_POLICY_SCOPE,AUTHORIZED_OR_OTHER,AUTHORIZED_OR_OTHER,ACTIVE_OR_BOUNDARY,SERVER_ONLY,trusted runtime with server-held credential and explicit object privilege,supabase/tests/17_actor_action_resource_matrix.sql#RLS-T04-SERVER-ONLY,Direct database decision; role labels never come from user metadata
RLS-T04-SERVER-ONLY,service_role,trusted_service_runtime,public.terms,CREATE,synthetic_resource_row,SELF_OR_POLICY_SCOPE,AUTHORIZED_OR_OTHER,AUTHORIZED_OR_OTHER,ACTIVE_OR_BOUNDARY,SERVER_ONLY,trusted runtime with server-held credential and explicit object privilege,supabase/tests/17_actor_action_resource_matrix.sql#RLS-T04-SERVER-ONLY,Direct database decision; role labels never come from user metadata
RLS-T04-SERVER-ONLY,service_role,trusted_service_runtime,public.terms,UPDATE,synthetic_resource_row,SELF_OR_POLICY_SCOPE,AUTHORIZED_OR_OTHER,AUTHORIZED_OR_OTHER,ACTIVE_OR_BOUNDARY,SERVER_ONLY,trusted runtime with server-held credential and explicit object privilege,supabase/tests/17_actor_action_resource_matrix.sql#RLS-T04-SERVER-ONLY,Direct database decision; role labels never come from user metadata
RLS-T04-SERVER-ONLY,service_role,trusted_service_runtime,public.terms,DELETE,synthetic_resource_row,SELF_OR_POLICY_SCOPE,AUTHORIZED_OR_OTHER,AUTHORIZED_OR_OTHER,ACTIVE_OR_BOUNDARY,SERVER_ONLY,trusted runtime with server-held credential and explicit object privilege,supabase/tests/17_actor_action_resource_matrix.sql#RLS-T04-SERVER-ONLY,Direct database decision; role labels never come from user metadata
RLS-T04-ANON-DENY,anon,anonymous_session,public.terms_acceptances,READ,synthetic_resource_row,SELF_OR_POLICY_SCOPE,AUTHORIZED_OR_OTHER,AUTHORIZED_OR_OTHER,ACTIVE_OR_BOUNDARY,DENY,anon has no table grants,supabase/tests/17_actor_action_resource_matrix.sql#RLS-T04-ANON-DENY,Direct database decision; role labels never come from user metadata
RLS-T04-ANON-DENY,anon,anonymous_session,public.terms_acceptances,CREATE,synthetic_resource_row,SELF_OR_POLICY_SCOPE,AUTHORIZED_OR_OTHER,AUTHORIZED_OR_OTHER,ACTIVE_OR_BOUNDARY,DENY,anon has no table grants,supabase/tests/17_actor_action_resource_matrix.sql#RLS-T04-ANON-DENY,Direct database decision; role labels never come from user metadata
RLS-T04-ANON-DENY,anon,anonymous_session,public.terms_acceptances,UPDATE,synthetic_resource_row,SELF_OR_POLICY_SCOPE,AUTHORIZED_OR_OTHER,AUTHORIZED_OR_OTHER,ACTIVE_OR_BOUNDARY,DENY,anon has no table grants,supabase/tests/17_actor_action_resource_matrix.sql#RLS-T04-ANON-DENY,Direct database decision; role labels never come from user metadata
RLS-T04-ANON-DENY,anon,anonymous_session,public.terms_acceptances,DELETE,synthetic_resource_row,SELF_OR_POLICY_SCOPE,AUTHORIZED_OR_OTHER,AUTHORIZED_OR_OTHER,ACTIVE_OR_BOUNDARY,DENY,anon has no table grants,supabase/tests/17_actor_action_resource_matrix.sql#RLS-T04-ANON-DENY,Direct database decision; role labels never come from user metadata
RLS-T04-CROSS-USER,student,synthetic_student_a,public.terms_acceptances,READ,synthetic_resource_row,SELF_OR_POLICY_SCOPE,AUTHORIZED_OR_OTHER,AUTHORIZED_OR_OTHER,ACTIVE_OR_BOUNDARY,ALLOW,row user_id equals auth.uid(),supabase/tests/17_actor_action_resource_matrix.sql#RLS-T04-CROSS-USER,Direct database decision; role labels never come from user metadata
RLS-T04-CROSS-USER,student,synthetic_student_a,public.terms_acceptances,CREATE,synthetic_resource_row,SELF_OR_POLICY_SCOPE,AUTHORIZED_OR_OTHER,AUTHORIZED_OR_OTHER,ACTIVE_OR_BOUNDARY,ALLOW,user_id equals auth.uid() and terms version is active and exact,supabase/tests/17_actor_action_resource_matrix.sql#RLS-T04-CROSS-USER,Direct database decision; role labels never come from user metadata
RLS-T04-CROSS-USER,student,synthetic_student_a,public.terms_acceptances,UPDATE,synthetic_resource_row,SELF_OR_POLICY_SCOPE,AUTHORIZED_OR_OTHER,AUTHORIZED_OR_OTHER,ACTIVE_OR_BOUNDARY,DENY,authenticated has no reviewed UPDATE grant,supabase/tests/17_actor_action_resource_matrix.sql#RLS-T04-CROSS-USER,Direct database decision; role labels never come from user metadata
RLS-T04-CROSS-USER,student,synthetic_student_a,public.terms_acceptances,DELETE,synthetic_resource_row,SELF_OR_POLICY_SCOPE,AUTHORIZED_OR_OTHER,AUTHORIZED_OR_OTHER,ACTIVE_OR_BOUNDARY,DENY,authenticated has no DELETE grant,supabase/tests/17_actor_action_resource_matrix.sql#RLS-T04-CROSS-USER,Direct database decision; role labels never come from user metadata
RLS-T04-CROSS-USER,batch_leader,synthetic_batch_leader_assignment,public.terms_acceptances,READ,synthetic_resource_row,SELF_OR_POLICY_SCOPE,AUTHORIZED_OR_OTHER,AUTHORIZED_OR_OTHER,ACTIVE_OR_BOUNDARY,ALLOW,row user_id equals auth.uid(),supabase/tests/17_actor_action_resource_matrix.sql#RLS-T04-CROSS-USER,Direct database decision; role labels never come from user metadata
RLS-T04-CROSS-USER,batch_leader,synthetic_batch_leader_assignment,public.terms_acceptances,CREATE,synthetic_resource_row,SELF_OR_POLICY_SCOPE,AUTHORIZED_OR_OTHER,AUTHORIZED_OR_OTHER,ACTIVE_OR_BOUNDARY,ALLOW,user_id equals auth.uid() and terms version is active and exact,supabase/tests/17_actor_action_resource_matrix.sql#RLS-T04-CROSS-USER,Direct database decision; role labels never come from user metadata
RLS-T04-CROSS-USER,batch_leader,synthetic_batch_leader_assignment,public.terms_acceptances,UPDATE,synthetic_resource_row,SELF_OR_POLICY_SCOPE,AUTHORIZED_OR_OTHER,AUTHORIZED_OR_OTHER,ACTIVE_OR_BOUNDARY,DENY,authenticated has no reviewed UPDATE grant,supabase/tests/17_actor_action_resource_matrix.sql#RLS-T04-CROSS-USER,Direct database decision; role labels never come from user metadata
RLS-T04-CROSS-USER,batch_leader,synthetic_batch_leader_assignment,public.terms_acceptances,DELETE,synthetic_resource_row,SELF_OR_POLICY_SCOPE,AUTHORIZED_OR_OTHER,AUTHORIZED_OR_OTHER,ACTIVE_OR_BOUNDARY,DENY,authenticated has no DELETE grant,supabase/tests/17_actor_action_resource_matrix.sql#RLS-T04-CROSS-USER,Direct database decision; role labels never come from user metadata
RLS-T04-CROSS-USER,admin,synthetic_admin,public.terms_acceptances,READ,synthetic_resource_row,SELF_OR_POLICY_SCOPE,AUTHORIZED_OR_OTHER,AUTHORIZED_OR_OTHER,ACTIVE_OR_BOUNDARY,ALLOW,row user_id equals auth.uid(),supabase/tests/17_actor_action_resource_matrix.sql#RLS-T04-CROSS-USER,Direct database decision; role labels never come from user metadata
RLS-T04-CROSS-USER,admin,synthetic_admin,public.terms_acceptances,CREATE,synthetic_resource_row,SELF_OR_POLICY_SCOPE,AUTHORIZED_OR_OTHER,AUTHORIZED_OR_OTHER,ACTIVE_OR_BOUNDARY,ALLOW,user_id equals auth.uid() and terms version is active and exact,supabase/tests/17_actor_action_resource_matrix.sql#RLS-T04-CROSS-USER,Direct database decision; role labels never come from user metadata
RLS-T04-CROSS-USER,admin,synthetic_admin,public.terms_acceptances,UPDATE,synthetic_resource_row,SELF_OR_POLICY_SCOPE,AUTHORIZED_OR_OTHER,AUTHORIZED_OR_OTHER,ACTIVE_OR_BOUNDARY,DENY,authenticated has no reviewed UPDATE grant,supabase/tests/17_actor_action_resource_matrix.sql#RLS-T04-CROSS-USER,Direct database decision; role labels never come from user metadata
RLS-T04-CROSS-USER,admin,synthetic_admin,public.terms_acceptances,DELETE,synthetic_resource_row,SELF_OR_POLICY_SCOPE,AUTHORIZED_OR_OTHER,AUTHORIZED_OR_OTHER,ACTIVE_OR_BOUNDARY,DENY,authenticated has no DELETE grant,supabase/tests/17_actor_action_resource_matrix.sql#RLS-T04-CROSS-USER,Direct database decision; role labels never come from user metadata
RLS-T04-SERVER-ONLY,worker,trusted_worker_runtime,public.terms_acceptances,READ,synthetic_resource_row,SELF_OR_POLICY_SCOPE,AUTHORIZED_OR_OTHER,AUTHORIZED_OR_OTHER,ACTIVE_OR_BOUNDARY,SERVER_ONLY,trusted runtime with server-held credential and explicit object privilege,supabase/tests/17_actor_action_resource_matrix.sql#RLS-T04-SERVER-ONLY,Direct database decision; role labels never come from user metadata
RLS-T04-SERVER-ONLY,worker,trusted_worker_runtime,public.terms_acceptances,CREATE,synthetic_resource_row,SELF_OR_POLICY_SCOPE,AUTHORIZED_OR_OTHER,AUTHORIZED_OR_OTHER,ACTIVE_OR_BOUNDARY,SERVER_ONLY,trusted runtime with server-held credential and explicit object privilege,supabase/tests/17_actor_action_resource_matrix.sql#RLS-T04-SERVER-ONLY,Direct database decision; role labels never come from user metadata
RLS-T04-SERVER-ONLY,worker,trusted_worker_runtime,public.terms_acceptances,UPDATE,synthetic_resource_row,SELF_OR_POLICY_SCOPE,AUTHORIZED_OR_OTHER,AUTHORIZED_OR_OTHER,ACTIVE_OR_BOUNDARY,SERVER_ONLY,trusted runtime with server-held credential and explicit object privilege,supabase/tests/17_actor_action_resource_matrix.sql#RLS-T04-SERVER-ONLY,Direct database decision; role labels never come from user metadata
RLS-T04-SERVER-ONLY,worker,trusted_worker_runtime,public.terms_acceptances,DELETE,synthetic_resource_row,SELF_OR_POLICY_SCOPE,AUTHORIZED_OR_OTHER,AUTHORIZED_OR_OTHER,ACTIVE_OR_BOUNDARY,SERVER_ONLY,trusted runtime with server-held credential and explicit object privilege,supabase/tests/17_actor_action_resource_matrix.sql#RLS-T04-SERVER-ONLY,Direct database decision; role labels never come from user metadata
RLS-T04-SERVER-ONLY,service_role,trusted_service_runtime,public.terms_acceptances,READ,synthetic_resource_row,SELF_OR_POLICY_SCOPE,AUTHORIZED_OR_OTHER,AUTHORIZED_OR_OTHER,ACTIVE_OR_BOUNDARY,SERVER_ONLY,trusted runtime with server-held credential and explicit object privilege,supabase/tests/17_actor_action_resource_matrix.sql#RLS-T04-SERVER-ONLY,Direct database decision; role labels never come from user metadata
RLS-T04-SERVER-ONLY,service_role,trusted_service_runtime,public.terms_acceptances,CREATE,synthetic_resource_row,SELF_OR_POLICY_SCOPE,AUTHORIZED_OR_OTHER,AUTHORIZED_OR_OTHER,ACTIVE_OR_BOUNDARY,SERVER_ONLY,trusted runtime with server-held credential and explicit object privilege,supabase/tests/17_actor_action_resource_matrix.sql#RLS-T04-SERVER-ONLY,Direct database decision; role labels never come from user metadata
RLS-T04-SERVER-ONLY,service_role,trusted_service_runtime,public.terms_acceptances,UPDATE,synthetic_resource_row,SELF_OR_POLICY_SCOPE,AUTHORIZED_OR_OTHER,AUTHORIZED_OR_OTHER,ACTIVE_OR_BOUNDARY,SERVER_ONLY,trusted runtime with server-held credential and explicit object privilege,supabase/tests/17_actor_action_resource_matrix.sql#RLS-T04-SERVER-ONLY,Direct database decision; role labels never come from user metadata
RLS-T04-SERVER-ONLY,service_role,trusted_service_runtime,public.terms_acceptances,DELETE,synthetic_resource_row,SELF_OR_POLICY_SCOPE,AUTHORIZED_OR_OTHER,AUTHORIZED_OR_OTHER,ACTIVE_OR_BOUNDARY,SERVER_ONLY,trusted runtime with server-held credential and explicit object privilege,supabase/tests/17_actor_action_resource_matrix.sql#RLS-T04-SERVER-ONLY,Direct database decision; role labels never come from user metadata
RLS-T04-ANON-DENY,anon,anonymous_session,public.terms_versions,READ,synthetic_resource_row,SELF_OR_POLICY_SCOPE,AUTHORIZED_OR_OTHER,AUTHORIZED_OR_OTHER,ACTIVE_OR_BOUNDARY,DENY,anon has no table grants,supabase/tests/17_actor_action_resource_matrix.sql#RLS-T04-ANON-DENY,Direct database decision; role labels never come from user metadata
RLS-T04-ANON-DENY,anon,anonymous_session,public.terms_versions,CREATE,synthetic_resource_row,SELF_OR_POLICY_SCOPE,AUTHORIZED_OR_OTHER,AUTHORIZED_OR_OTHER,ACTIVE_OR_BOUNDARY,DENY,anon has no table grants,supabase/tests/17_actor_action_resource_matrix.sql#RLS-T04-ANON-DENY,Direct database decision; role labels never come from user metadata
RLS-T04-ANON-DENY,anon,anonymous_session,public.terms_versions,UPDATE,synthetic_resource_row,SELF_OR_POLICY_SCOPE,AUTHORIZED_OR_OTHER,AUTHORIZED_OR_OTHER,ACTIVE_OR_BOUNDARY,DENY,anon has no table grants,supabase/tests/17_actor_action_resource_matrix.sql#RLS-T04-ANON-DENY,Direct database decision; role labels never come from user metadata
RLS-T04-ANON-DENY,anon,anonymous_session,public.terms_versions,DELETE,synthetic_resource_row,SELF_OR_POLICY_SCOPE,AUTHORIZED_OR_OTHER,AUTHORIZED_OR_OTHER,ACTIVE_OR_BOUNDARY,DENY,anon has no table grants,supabase/tests/17_actor_action_resource_matrix.sql#RLS-T04-ANON-DENY,Direct database decision; role labels never come from user metadata
RLS-T04-POLICY-META,student,synthetic_student_a,public.terms_versions,READ,synthetic_resource_row,SELF_OR_POLICY_SCOPE,AUTHORIZED_OR_OTHER,AUTHORIZED_OR_OTHER,ACTIVE_OR_BOUNDARY,ALLOW,authenticated caller and active effective terms version,supabase/tests/17_actor_action_resource_matrix.sql#RLS-T04-POLICY-META,Direct database decision; role labels never come from user metadata
RLS-T04-GRANT-META,student,synthetic_student_a,public.terms_versions,CREATE,synthetic_resource_row,SELF_OR_POLICY_SCOPE,AUTHORIZED_OR_OTHER,AUTHORIZED_OR_OTHER,ACTIVE_OR_BOUNDARY,DENY,authenticated has no INSERT grant,supabase/tests/17_actor_action_resource_matrix.sql#RLS-T04-GRANT-META,Direct database decision; role labels never come from user metadata
RLS-T04-GRANT-META,student,synthetic_student_a,public.terms_versions,UPDATE,synthetic_resource_row,SELF_OR_POLICY_SCOPE,AUTHORIZED_OR_OTHER,AUTHORIZED_OR_OTHER,ACTIVE_OR_BOUNDARY,DENY,authenticated has no reviewed UPDATE grant,supabase/tests/17_actor_action_resource_matrix.sql#RLS-T04-GRANT-META,Direct database decision; role labels never come from user metadata
RLS-T04-GRANT-META,student,synthetic_student_a,public.terms_versions,DELETE,synthetic_resource_row,SELF_OR_POLICY_SCOPE,AUTHORIZED_OR_OTHER,AUTHORIZED_OR_OTHER,ACTIVE_OR_BOUNDARY,DENY,authenticated has no DELETE grant,supabase/tests/17_actor_action_resource_matrix.sql#RLS-T04-GRANT-META,Direct database decision; role labels never come from user metadata
RLS-T04-POLICY-META,batch_leader,synthetic_batch_leader_assignment,public.terms_versions,READ,synthetic_resource_row,SELF_OR_POLICY_SCOPE,AUTHORIZED_OR_OTHER,AUTHORIZED_OR_OTHER,ACTIVE_OR_BOUNDARY,ALLOW,authenticated caller and active effective terms version,supabase/tests/17_actor_action_resource_matrix.sql#RLS-T04-POLICY-META,Direct database decision; role labels never come from user metadata
RLS-T04-GRANT-META,batch_leader,synthetic_batch_leader_assignment,public.terms_versions,CREATE,synthetic_resource_row,SELF_OR_POLICY_SCOPE,AUTHORIZED_OR_OTHER,AUTHORIZED_OR_OTHER,ACTIVE_OR_BOUNDARY,DENY,authenticated has no INSERT grant,supabase/tests/17_actor_action_resource_matrix.sql#RLS-T04-GRANT-META,Direct database decision; role labels never come from user metadata
RLS-T04-GRANT-META,batch_leader,synthetic_batch_leader_assignment,public.terms_versions,UPDATE,synthetic_resource_row,SELF_OR_POLICY_SCOPE,AUTHORIZED_OR_OTHER,AUTHORIZED_OR_OTHER,ACTIVE_OR_BOUNDARY,DENY,authenticated has no reviewed UPDATE grant,supabase/tests/17_actor_action_resource_matrix.sql#RLS-T04-GRANT-META,Direct database decision; role labels never come from user metadata
RLS-T04-GRANT-META,batch_leader,synthetic_batch_leader_assignment,public.terms_versions,DELETE,synthetic_resource_row,SELF_OR_POLICY_SCOPE,AUTHORIZED_OR_OTHER,AUTHORIZED_OR_OTHER,ACTIVE_OR_BOUNDARY,DENY,authenticated has no DELETE grant,supabase/tests/17_actor_action_resource_matrix.sql#RLS-T04-GRANT-META,Direct database decision; role labels never come from user metadata
RLS-T04-POLICY-META,admin,synthetic_admin,public.terms_versions,READ,synthetic_resource_row,SELF_OR_POLICY_SCOPE,AUTHORIZED_OR_OTHER,AUTHORIZED_OR_OTHER,ACTIVE_OR_BOUNDARY,ALLOW,authenticated caller and active effective terms version,supabase/tests/17_actor_action_resource_matrix.sql#RLS-T04-POLICY-META,Direct database decision; role labels never come from user metadata
RLS-T04-GRANT-META,admin,synthetic_admin,public.terms_versions,CREATE,synthetic_resource_row,SELF_OR_POLICY_SCOPE,AUTHORIZED_OR_OTHER,AUTHORIZED_OR_OTHER,ACTIVE_OR_BOUNDARY,DENY,authenticated has no INSERT grant,supabase/tests/17_actor_action_resource_matrix.sql#RLS-T04-GRANT-META,Direct database decision; role labels never come from user metadata
RLS-T04-GRANT-META,admin,synthetic_admin,public.terms_versions,UPDATE,synthetic_resource_row,SELF_OR_POLICY_SCOPE,AUTHORIZED_OR_OTHER,AUTHORIZED_OR_OTHER,ACTIVE_OR_BOUNDARY,DENY,authenticated has no reviewed UPDATE grant,supabase/tests/17_actor_action_resource_matrix.sql#RLS-T04-GRANT-META,Direct database decision; role labels never come from user metadata
RLS-T04-GRANT-META,admin,synthetic_admin,public.terms_versions,DELETE,synthetic_resource_row,SELF_OR_POLICY_SCOPE,AUTHORIZED_OR_OTHER,AUTHORIZED_OR_OTHER,ACTIVE_OR_BOUNDARY,DENY,authenticated has no DELETE grant,supabase/tests/17_actor_action_resource_matrix.sql#RLS-T04-GRANT-META,Direct database decision; role labels never come from user metadata
RLS-T04-SERVER-ONLY,worker,trusted_worker_runtime,public.terms_versions,READ,synthetic_resource_row,SELF_OR_POLICY_SCOPE,AUTHORIZED_OR_OTHER,AUTHORIZED_OR_OTHER,ACTIVE_OR_BOUNDARY,SERVER_ONLY,trusted runtime with server-held credential and explicit object privilege,supabase/tests/17_actor_action_resource_matrix.sql#RLS-T04-SERVER-ONLY,Direct database decision; role labels never come from user metadata
RLS-T04-SERVER-ONLY,worker,trusted_worker_runtime,public.terms_versions,CREATE,synthetic_resource_row,SELF_OR_POLICY_SCOPE,AUTHORIZED_OR_OTHER,AUTHORIZED_OR_OTHER,ACTIVE_OR_BOUNDARY,SERVER_ONLY,trusted runtime with server-held credential and explicit object privilege,supabase/tests/17_actor_action_resource_matrix.sql#RLS-T04-SERVER-ONLY,Direct database decision; role labels never come from user metadata
RLS-T04-SERVER-ONLY,worker,trusted_worker_runtime,public.terms_versions,UPDATE,synthetic_resource_row,SELF_OR_POLICY_SCOPE,AUTHORIZED_OR_OTHER,AUTHORIZED_OR_OTHER,ACTIVE_OR_BOUNDARY,SERVER_ONLY,trusted runtime with server-held credential and explicit object privilege,supabase/tests/17_actor_action_resource_matrix.sql#RLS-T04-SERVER-ONLY,Direct database decision; role labels never come from user metadata
RLS-T04-SERVER-ONLY,worker,trusted_worker_runtime,public.terms_versions,DELETE,synthetic_resource_row,SELF_OR_POLICY_SCOPE,AUTHORIZED_OR_OTHER,AUTHORIZED_OR_OTHER,ACTIVE_OR_BOUNDARY,SERVER_ONLY,trusted runtime with server-held credential and explicit object privilege,supabase/tests/17_actor_action_resource_matrix.sql#RLS-T04-SERVER-ONLY,Direct database decision; role labels never come from user metadata
RLS-T04-SERVER-ONLY,service_role,trusted_service_runtime,public.terms_versions,READ,synthetic_resource_row,SELF_OR_POLICY_SCOPE,AUTHORIZED_OR_OTHER,AUTHORIZED_OR_OTHER,ACTIVE_OR_BOUNDARY,SERVER_ONLY,trusted runtime with server-held credential and explicit object privilege,supabase/tests/17_actor_action_resource_matrix.sql#RLS-T04-SERVER-ONLY,Direct database decision; role labels never come from user metadata
RLS-T04-SERVER-ONLY,service_role,trusted_service_runtime,public.terms_versions,CREATE,synthetic_resource_row,SELF_OR_POLICY_SCOPE,AUTHORIZED_OR_OTHER,AUTHORIZED_OR_OTHER,ACTIVE_OR_BOUNDARY,SERVER_ONLY,trusted runtime with server-held credential and explicit object privilege,supabase/tests/17_actor_action_resource_matrix.sql#RLS-T04-SERVER-ONLY,Direct database decision; role labels never come from user metadata
RLS-T04-SERVER-ONLY,service_role,trusted_service_runtime,public.terms_versions,UPDATE,synthetic_resource_row,SELF_OR_POLICY_SCOPE,AUTHORIZED_OR_OTHER,AUTHORIZED_OR_OTHER,ACTIVE_OR_BOUNDARY,SERVER_ONLY,trusted runtime with server-held credential and explicit object privilege,supabase/tests/17_actor_action_resource_matrix.sql#RLS-T04-SERVER-ONLY,Direct database decision; role labels never come from user metadata
RLS-T04-SERVER-ONLY,service_role,trusted_service_runtime,public.terms_versions,DELETE,synthetic_resource_row,SELF_OR_POLICY_SCOPE,AUTHORIZED_OR_OTHER,AUTHORIZED_OR_OTHER,ACTIVE_OR_BOUNDARY,SERVER_ONLY,trusted runtime with server-held credential and explicit object privilege,supabase/tests/17_actor_action_resource_matrix.sql#RLS-T04-SERVER-ONLY,Direct database decision; role labels never come from user metadata
RLS-T04-ANON-DENY,anon,anonymous_session,public.user_roles,READ,synthetic_resource_row,SELF_OR_POLICY_SCOPE,AUTHORIZED_OR_OTHER,AUTHORIZED_OR_OTHER,ACTIVE_OR_BOUNDARY,DENY,anon has no table grants,supabase/tests/17_actor_action_resource_matrix.sql#RLS-T04-ANON-DENY,Direct database decision; role labels never come from user metadata
RLS-T04-ANON-DENY,anon,anonymous_session,public.user_roles,CREATE,synthetic_resource_row,SELF_OR_POLICY_SCOPE,AUTHORIZED_OR_OTHER,AUTHORIZED_OR_OTHER,ACTIVE_OR_BOUNDARY,DENY,anon has no table grants,supabase/tests/17_actor_action_resource_matrix.sql#RLS-T04-ANON-DENY,Direct database decision; role labels never come from user metadata
RLS-T04-ANON-DENY,anon,anonymous_session,public.user_roles,UPDATE,synthetic_resource_row,SELF_OR_POLICY_SCOPE,AUTHORIZED_OR_OTHER,AUTHORIZED_OR_OTHER,ACTIVE_OR_BOUNDARY,DENY,anon has no table grants,supabase/tests/17_actor_action_resource_matrix.sql#RLS-T04-ANON-DENY,Direct database decision; role labels never come from user metadata
RLS-T04-ANON-DENY,anon,anonymous_session,public.user_roles,DELETE,synthetic_resource_row,SELF_OR_POLICY_SCOPE,AUTHORIZED_OR_OTHER,AUTHORIZED_OR_OTHER,ACTIVE_OR_BOUNDARY,DENY,anon has no table grants,supabase/tests/17_actor_action_resource_matrix.sql#RLS-T04-ANON-DENY,Direct database decision; role labels never come from user metadata
RLS-T04-CROSS-USER,student,synthetic_student_a,public.user_roles,READ,synthetic_resource_row,SELF_OR_POLICY_SCOPE,AUTHORIZED_OR_OTHER,AUTHORIZED_OR_OTHER,ACTIVE_OR_BOUNDARY,ALLOW,row user_id equals auth.uid(),supabase/tests/17_actor_action_resource_matrix.sql#RLS-T04-CROSS-USER,Direct database decision; role labels never come from user metadata
RLS-T04-CROSS-USER,student,synthetic_student_a,public.user_roles,CREATE,synthetic_resource_row,SELF_OR_POLICY_SCOPE,AUTHORIZED_OR_OTHER,AUTHORIZED_OR_OTHER,ACTIVE_OR_BOUNDARY,DENY,authenticated has no INSERT grant,supabase/tests/17_actor_action_resource_matrix.sql#RLS-T04-CROSS-USER,Direct database decision; role labels never come from user metadata
RLS-T04-CROSS-USER,student,synthetic_student_a,public.user_roles,UPDATE,synthetic_resource_row,SELF_OR_POLICY_SCOPE,AUTHORIZED_OR_OTHER,AUTHORIZED_OR_OTHER,ACTIVE_OR_BOUNDARY,DENY,authenticated has no reviewed UPDATE grant,supabase/tests/17_actor_action_resource_matrix.sql#RLS-T04-CROSS-USER,Direct database decision; role labels never come from user metadata
RLS-T04-CROSS-USER,student,synthetic_student_a,public.user_roles,DELETE,synthetic_resource_row,SELF_OR_POLICY_SCOPE,AUTHORIZED_OR_OTHER,AUTHORIZED_OR_OTHER,ACTIVE_OR_BOUNDARY,DENY,authenticated has no DELETE grant,supabase/tests/17_actor_action_resource_matrix.sql#RLS-T04-CROSS-USER,Direct database decision; role labels never come from user metadata
RLS-T04-CROSS-USER,batch_leader,synthetic_batch_leader_assignment,public.user_roles,READ,synthetic_resource_row,SELF_OR_POLICY_SCOPE,AUTHORIZED_OR_OTHER,AUTHORIZED_OR_OTHER,ACTIVE_OR_BOUNDARY,ALLOW,row user_id equals auth.uid(),supabase/tests/17_actor_action_resource_matrix.sql#RLS-T04-CROSS-USER,Direct database decision; role labels never come from user metadata
RLS-T04-CROSS-USER,batch_leader,synthetic_batch_leader_assignment,public.user_roles,CREATE,synthetic_resource_row,SELF_OR_POLICY_SCOPE,AUTHORIZED_OR_OTHER,AUTHORIZED_OR_OTHER,ACTIVE_OR_BOUNDARY,DENY,authenticated has no INSERT grant,supabase/tests/17_actor_action_resource_matrix.sql#RLS-T04-CROSS-USER,Direct database decision; role labels never come from user metadata
RLS-T04-CROSS-USER,batch_leader,synthetic_batch_leader_assignment,public.user_roles,UPDATE,synthetic_resource_row,SELF_OR_POLICY_SCOPE,AUTHORIZED_OR_OTHER,AUTHORIZED_OR_OTHER,ACTIVE_OR_BOUNDARY,DENY,authenticated has no reviewed UPDATE grant,supabase/tests/17_actor_action_resource_matrix.sql#RLS-T04-CROSS-USER,Direct database decision; role labels never come from user metadata
RLS-T04-CROSS-USER,batch_leader,synthetic_batch_leader_assignment,public.user_roles,DELETE,synthetic_resource_row,SELF_OR_POLICY_SCOPE,AUTHORIZED_OR_OTHER,AUTHORIZED_OR_OTHER,ACTIVE_OR_BOUNDARY,DENY,authenticated has no DELETE grant,supabase/tests/17_actor_action_resource_matrix.sql#RLS-T04-CROSS-USER,Direct database decision; role labels never come from user metadata
RLS-T04-CROSS-USER,admin,synthetic_admin,public.user_roles,READ,synthetic_resource_row,SELF_OR_POLICY_SCOPE,AUTHORIZED_OR_OTHER,AUTHORIZED_OR_OTHER,ACTIVE_OR_BOUNDARY,ALLOW,row user_id equals auth.uid(),supabase/tests/17_actor_action_resource_matrix.sql#RLS-T04-CROSS-USER,Direct database decision; role labels never come from user metadata
RLS-T04-CROSS-USER,admin,synthetic_admin,public.user_roles,CREATE,synthetic_resource_row,SELF_OR_POLICY_SCOPE,AUTHORIZED_OR_OTHER,AUTHORIZED_OR_OTHER,ACTIVE_OR_BOUNDARY,DENY,authenticated has no INSERT grant,supabase/tests/17_actor_action_resource_matrix.sql#RLS-T04-CROSS-USER,Direct database decision; role labels never come from user metadata
RLS-T04-CROSS-USER,admin,synthetic_admin,public.user_roles,UPDATE,synthetic_resource_row,SELF_OR_POLICY_SCOPE,AUTHORIZED_OR_OTHER,AUTHORIZED_OR_OTHER,ACTIVE_OR_BOUNDARY,DENY,authenticated has no reviewed UPDATE grant,supabase/tests/17_actor_action_resource_matrix.sql#RLS-T04-CROSS-USER,Direct database decision; role labels never come from user metadata
RLS-T04-CROSS-USER,admin,synthetic_admin,public.user_roles,DELETE,synthetic_resource_row,SELF_OR_POLICY_SCOPE,AUTHORIZED_OR_OTHER,AUTHORIZED_OR_OTHER,ACTIVE_OR_BOUNDARY,DENY,authenticated has no DELETE grant,supabase/tests/17_actor_action_resource_matrix.sql#RLS-T04-CROSS-USER,Direct database decision; role labels never come from user metadata
RLS-T04-SERVER-ONLY,worker,trusted_worker_runtime,public.user_roles,READ,synthetic_resource_row,SELF_OR_POLICY_SCOPE,AUTHORIZED_OR_OTHER,AUTHORIZED_OR_OTHER,ACTIVE_OR_BOUNDARY,SERVER_ONLY,trusted runtime with server-held credential and explicit object privilege,supabase/tests/17_actor_action_resource_matrix.sql#RLS-T04-SERVER-ONLY,Direct database decision; role labels never come from user metadata
RLS-T04-SERVER-ONLY,worker,trusted_worker_runtime,public.user_roles,CREATE,synthetic_resource_row,SELF_OR_POLICY_SCOPE,AUTHORIZED_OR_OTHER,AUTHORIZED_OR_OTHER,ACTIVE_OR_BOUNDARY,SERVER_ONLY,trusted runtime with server-held credential and explicit object privilege,supabase/tests/17_actor_action_resource_matrix.sql#RLS-T04-SERVER-ONLY,Direct database decision; role labels never come from user metadata
RLS-T04-SERVER-ONLY,worker,trusted_worker_runtime,public.user_roles,UPDATE,synthetic_resource_row,SELF_OR_POLICY_SCOPE,AUTHORIZED_OR_OTHER,AUTHORIZED_OR_OTHER,ACTIVE_OR_BOUNDARY,SERVER_ONLY,trusted runtime with server-held credential and explicit object privilege,supabase/tests/17_actor_action_resource_matrix.sql#RLS-T04-SERVER-ONLY,Direct database decision; role labels never come from user metadata
RLS-T04-SERVER-ONLY,worker,trusted_worker_runtime,public.user_roles,DELETE,synthetic_resource_row,SELF_OR_POLICY_SCOPE,AUTHORIZED_OR_OTHER,AUTHORIZED_OR_OTHER,ACTIVE_OR_BOUNDARY,SERVER_ONLY,trusted runtime with server-held credential and explicit object privilege,supabase/tests/17_actor_action_resource_matrix.sql#RLS-T04-SERVER-ONLY,Direct database decision; role labels never come from user metadata
RLS-T04-SERVER-ONLY,service_role,trusted_service_runtime,public.user_roles,READ,synthetic_resource_row,SELF_OR_POLICY_SCOPE,AUTHORIZED_OR_OTHER,AUTHORIZED_OR_OTHER,ACTIVE_OR_BOUNDARY,SERVER_ONLY,trusted runtime with server-held credential and explicit object privilege,supabase/tests/17_actor_action_resource_matrix.sql#RLS-T04-SERVER-ONLY,Direct database decision; role labels never come from user metadata
RLS-T04-SERVER-ONLY,service_role,trusted_service_runtime,public.user_roles,CREATE,synthetic_resource_row,SELF_OR_POLICY_SCOPE,AUTHORIZED_OR_OTHER,AUTHORIZED_OR_OTHER,ACTIVE_OR_BOUNDARY,SERVER_ONLY,trusted runtime with server-held credential and explicit object privilege,supabase/tests/17_actor_action_resource_matrix.sql#RLS-T04-SERVER-ONLY,Direct database decision; role labels never come from user metadata
RLS-T04-SERVER-ONLY,service_role,trusted_service_runtime,public.user_roles,UPDATE,synthetic_resource_row,SELF_OR_POLICY_SCOPE,AUTHORIZED_OR_OTHER,AUTHORIZED_OR_OTHER,ACTIVE_OR_BOUNDARY,SERVER_ONLY,trusted runtime with server-held credential and explicit object privilege,supabase/tests/17_actor_action_resource_matrix.sql#RLS-T04-SERVER-ONLY,Direct database decision; role labels never come from user metadata
RLS-T04-SERVER-ONLY,service_role,trusted_service_runtime,public.user_roles,DELETE,synthetic_resource_row,SELF_OR_POLICY_SCOPE,AUTHORIZED_OR_OTHER,AUTHORIZED_OR_OTHER,ACTIVE_OR_BOUNDARY,SERVER_ONLY,trusted runtime with server-held credential and explicit object privilege,supabase/tests/17_actor_action_resource_matrix.sql#RLS-T04-SERVER-ONLY,Direct database decision; role labels never come from user metadata
RLS-T04-ANON-DENY,anon,anonymous_session,unimind_private.audit_events,READ,synthetic_resource_row,SELF_OR_POLICY_SCOPE,AUTHORIZED_OR_OTHER,AUTHORIZED_OR_OTHER,ACTIVE_OR_BOUNDARY,DENY,anon has no table grants,supabase/tests/17_actor_action_resource_matrix.sql#RLS-T04-ANON-DENY,Direct database decision; role labels never come from user metadata
RLS-T04-ANON-DENY,anon,anonymous_session,unimind_private.audit_events,CREATE,synthetic_resource_row,SELF_OR_POLICY_SCOPE,AUTHORIZED_OR_OTHER,AUTHORIZED_OR_OTHER,ACTIVE_OR_BOUNDARY,DENY,anon has no table grants,supabase/tests/17_actor_action_resource_matrix.sql#RLS-T04-ANON-DENY,Direct database decision; role labels never come from user metadata
RLS-T04-ANON-DENY,anon,anonymous_session,unimind_private.audit_events,UPDATE,synthetic_resource_row,SELF_OR_POLICY_SCOPE,AUTHORIZED_OR_OTHER,AUTHORIZED_OR_OTHER,ACTIVE_OR_BOUNDARY,DENY,anon has no table grants,supabase/tests/17_actor_action_resource_matrix.sql#RLS-T04-ANON-DENY,Direct database decision; role labels never come from user metadata
RLS-T04-ANON-DENY,anon,anonymous_session,unimind_private.audit_events,DELETE,synthetic_resource_row,SELF_OR_POLICY_SCOPE,AUTHORIZED_OR_OTHER,AUTHORIZED_OR_OTHER,ACTIVE_OR_BOUNDARY,DENY,anon has no table grants,supabase/tests/17_actor_action_resource_matrix.sql#RLS-T04-ANON-DENY,Direct database decision; role labels never come from user metadata
RLS-T04-SERVER-ONLY,student,synthetic_student_a,unimind_private.audit_events,READ,synthetic_resource_row,SELF_OR_POLICY_SCOPE,AUTHORIZED_OR_OTHER,AUTHORIZED_OR_OTHER,ACTIVE_OR_BOUNDARY,DENY,client role has no private-schema usage or table privilege,supabase/tests/17_actor_action_resource_matrix.sql#RLS-T04-SERVER-ONLY,Direct database decision; role labels never come from user metadata
RLS-T04-SERVER-ONLY,student,synthetic_student_a,unimind_private.audit_events,CREATE,synthetic_resource_row,SELF_OR_POLICY_SCOPE,AUTHORIZED_OR_OTHER,AUTHORIZED_OR_OTHER,ACTIVE_OR_BOUNDARY,DENY,client role has no private-schema usage or table privilege,supabase/tests/17_actor_action_resource_matrix.sql#RLS-T04-SERVER-ONLY,Direct database decision; role labels never come from user metadata
RLS-T04-SERVER-ONLY,student,synthetic_student_a,unimind_private.audit_events,UPDATE,synthetic_resource_row,SELF_OR_POLICY_SCOPE,AUTHORIZED_OR_OTHER,AUTHORIZED_OR_OTHER,ACTIVE_OR_BOUNDARY,DENY,client role has no private-schema usage or table privilege,supabase/tests/17_actor_action_resource_matrix.sql#RLS-T04-SERVER-ONLY,Direct database decision; role labels never come from user metadata
RLS-T04-SERVER-ONLY,student,synthetic_student_a,unimind_private.audit_events,DELETE,synthetic_resource_row,SELF_OR_POLICY_SCOPE,AUTHORIZED_OR_OTHER,AUTHORIZED_OR_OTHER,ACTIVE_OR_BOUNDARY,DENY,client role has no private-schema usage or table privilege,supabase/tests/17_actor_action_resource_matrix.sql#RLS-T04-SERVER-ONLY,Direct database decision; role labels never come from user metadata
RLS-T04-SERVER-ONLY,batch_leader,synthetic_batch_leader_assignment,unimind_private.audit_events,READ,synthetic_resource_row,SELF_OR_POLICY_SCOPE,AUTHORIZED_OR_OTHER,AUTHORIZED_OR_OTHER,ACTIVE_OR_BOUNDARY,DENY,client role has no private-schema usage or table privilege,supabase/tests/17_actor_action_resource_matrix.sql#RLS-T04-SERVER-ONLY,Direct database decision; role labels never come from user metadata
RLS-T04-SERVER-ONLY,batch_leader,synthetic_batch_leader_assignment,unimind_private.audit_events,CREATE,synthetic_resource_row,SELF_OR_POLICY_SCOPE,AUTHORIZED_OR_OTHER,AUTHORIZED_OR_OTHER,ACTIVE_OR_BOUNDARY,DENY,client role has no private-schema usage or table privilege,supabase/tests/17_actor_action_resource_matrix.sql#RLS-T04-SERVER-ONLY,Direct database decision; role labels never come from user metadata
RLS-T04-SERVER-ONLY,batch_leader,synthetic_batch_leader_assignment,unimind_private.audit_events,UPDATE,synthetic_resource_row,SELF_OR_POLICY_SCOPE,AUTHORIZED_OR_OTHER,AUTHORIZED_OR_OTHER,ACTIVE_OR_BOUNDARY,DENY,client role has no private-schema usage or table privilege,supabase/tests/17_actor_action_resource_matrix.sql#RLS-T04-SERVER-ONLY,Direct database decision; role labels never come from user metadata
RLS-T04-SERVER-ONLY,batch_leader,synthetic_batch_leader_assignment,unimind_private.audit_events,DELETE,synthetic_resource_row,SELF_OR_POLICY_SCOPE,AUTHORIZED_OR_OTHER,AUTHORIZED_OR_OTHER,ACTIVE_OR_BOUNDARY,DENY,client role has no private-schema usage or table privilege,supabase/tests/17_actor_action_resource_matrix.sql#RLS-T04-SERVER-ONLY,Direct database decision; role labels never come from user metadata
RLS-T04-SERVER-ONLY,admin,synthetic_admin,unimind_private.audit_events,READ,synthetic_resource_row,SELF_OR_POLICY_SCOPE,AUTHORIZED_OR_OTHER,AUTHORIZED_OR_OTHER,ACTIVE_OR_BOUNDARY,DENY,client role has no private-schema usage or table privilege,supabase/tests/17_actor_action_resource_matrix.sql#RLS-T04-SERVER-ONLY,Direct database decision; role labels never come from user metadata
RLS-T04-SERVER-ONLY,admin,synthetic_admin,unimind_private.audit_events,CREATE,synthetic_resource_row,SELF_OR_POLICY_SCOPE,AUTHORIZED_OR_OTHER,AUTHORIZED_OR_OTHER,ACTIVE_OR_BOUNDARY,DENY,client role has no private-schema usage or table privilege,supabase/tests/17_actor_action_resource_matrix.sql#RLS-T04-SERVER-ONLY,Direct database decision; role labels never come from user metadata
RLS-T04-SERVER-ONLY,admin,synthetic_admin,unimind_private.audit_events,UPDATE,synthetic_resource_row,SELF_OR_POLICY_SCOPE,AUTHORIZED_OR_OTHER,AUTHORIZED_OR_OTHER,ACTIVE_OR_BOUNDARY,DENY,client role has no private-schema usage or table privilege,supabase/tests/17_actor_action_resource_matrix.sql#RLS-T04-SERVER-ONLY,Direct database decision; role labels never come from user metadata
RLS-T04-SERVER-ONLY,admin,synthetic_admin,unimind_private.audit_events,DELETE,synthetic_resource_row,SELF_OR_POLICY_SCOPE,AUTHORIZED_OR_OTHER,AUTHORIZED_OR_OTHER,ACTIVE_OR_BOUNDARY,DENY,client role has no private-schema usage or table privilege,supabase/tests/17_actor_action_resource_matrix.sql#RLS-T04-SERVER-ONLY,Direct database decision; role labels never come from user metadata
RLS-T04-SERVER-ONLY,worker,trusted_worker_runtime,unimind_private.audit_events,READ,synthetic_resource_row,SELF_OR_POLICY_SCOPE,AUTHORIZED_OR_OTHER,AUTHORIZED_OR_OTHER,ACTIVE_OR_BOUNDARY,SERVER_ONLY,trusted runtime with server-held credential and explicit object privilege,supabase/tests/17_actor_action_resource_matrix.sql#RLS-T04-SERVER-ONLY,Direct database decision; role labels never come from user metadata
RLS-T04-SERVER-ONLY,worker,trusted_worker_runtime,unimind_private.audit_events,CREATE,synthetic_resource_row,SELF_OR_POLICY_SCOPE,AUTHORIZED_OR_OTHER,AUTHORIZED_OR_OTHER,ACTIVE_OR_BOUNDARY,SERVER_ONLY,trusted runtime with server-held credential and explicit object privilege,supabase/tests/17_actor_action_resource_matrix.sql#RLS-T04-SERVER-ONLY,Direct database decision; role labels never come from user metadata
RLS-T04-SERVER-ONLY,worker,trusted_worker_runtime,unimind_private.audit_events,UPDATE,synthetic_resource_row,SELF_OR_POLICY_SCOPE,AUTHORIZED_OR_OTHER,AUTHORIZED_OR_OTHER,ACTIVE_OR_BOUNDARY,SERVER_ONLY,trusted runtime with server-held credential and explicit object privilege,supabase/tests/17_actor_action_resource_matrix.sql#RLS-T04-SERVER-ONLY,Direct database decision; role labels never come from user metadata
RLS-T04-SERVER-ONLY,worker,trusted_worker_runtime,unimind_private.audit_events,DELETE,synthetic_resource_row,SELF_OR_POLICY_SCOPE,AUTHORIZED_OR_OTHER,AUTHORIZED_OR_OTHER,ACTIVE_OR_BOUNDARY,SERVER_ONLY,trusted runtime with server-held credential and explicit object privilege,supabase/tests/17_actor_action_resource_matrix.sql#RLS-T04-SERVER-ONLY,Direct database decision; role labels never come from user metadata
RLS-T04-SERVER-ONLY,service_role,trusted_service_runtime,unimind_private.audit_events,READ,synthetic_resource_row,SELF_OR_POLICY_SCOPE,AUTHORIZED_OR_OTHER,AUTHORIZED_OR_OTHER,ACTIVE_OR_BOUNDARY,SERVER_ONLY,trusted runtime with server-held credential and explicit object privilege,supabase/tests/17_actor_action_resource_matrix.sql#RLS-T04-SERVER-ONLY,Direct database decision; role labels never come from user metadata
RLS-T04-SERVER-ONLY,service_role,trusted_service_runtime,unimind_private.audit_events,CREATE,synthetic_resource_row,SELF_OR_POLICY_SCOPE,AUTHORIZED_OR_OTHER,AUTHORIZED_OR_OTHER,ACTIVE_OR_BOUNDARY,SERVER_ONLY,trusted runtime with server-held credential and explicit object privilege,supabase/tests/17_actor_action_resource_matrix.sql#RLS-T04-SERVER-ONLY,Direct database decision; role labels never come from user metadata
RLS-T04-SERVER-ONLY,service_role,trusted_service_runtime,unimind_private.audit_events,UPDATE,synthetic_resource_row,SELF_OR_POLICY_SCOPE,AUTHORIZED_OR_OTHER,AUTHORIZED_OR_OTHER,ACTIVE_OR_BOUNDARY,SERVER_ONLY,trusted runtime with server-held credential and explicit object privilege,supabase/tests/17_actor_action_resource_matrix.sql#RLS-T04-SERVER-ONLY,Direct database decision; role labels never come from user metadata
RLS-T04-SERVER-ONLY,service_role,trusted_service_runtime,unimind_private.audit_events,DELETE,synthetic_resource_row,SELF_OR_POLICY_SCOPE,AUTHORIZED_OR_OTHER,AUTHORIZED_OR_OTHER,ACTIVE_OR_BOUNDARY,SERVER_ONLY,trusted runtime with server-held credential and explicit object privilege,supabase/tests/17_actor_action_resource_matrix.sql#RLS-T04-SERVER-ONLY,Direct database decision; role labels never come from user metadata
RLS-T04-ANON-DENY,anon,anonymous_session,unimind_private.budget_counters,READ,synthetic_resource_row,SELF_OR_POLICY_SCOPE,AUTHORIZED_OR_OTHER,AUTHORIZED_OR_OTHER,ACTIVE_OR_BOUNDARY,DENY,anon has no table grants,supabase/tests/17_actor_action_resource_matrix.sql#RLS-T04-ANON-DENY,Direct database decision; role labels never come from user metadata
RLS-T04-ANON-DENY,anon,anonymous_session,unimind_private.budget_counters,CREATE,synthetic_resource_row,SELF_OR_POLICY_SCOPE,AUTHORIZED_OR_OTHER,AUTHORIZED_OR_OTHER,ACTIVE_OR_BOUNDARY,DENY,anon has no table grants,supabase/tests/17_actor_action_resource_matrix.sql#RLS-T04-ANON-DENY,Direct database decision; role labels never come from user metadata
RLS-T04-ANON-DENY,anon,anonymous_session,unimind_private.budget_counters,UPDATE,synthetic_resource_row,SELF_OR_POLICY_SCOPE,AUTHORIZED_OR_OTHER,AUTHORIZED_OR_OTHER,ACTIVE_OR_BOUNDARY,DENY,anon has no table grants,supabase/tests/17_actor_action_resource_matrix.sql#RLS-T04-ANON-DENY,Direct database decision; role labels never come from user metadata
RLS-T04-ANON-DENY,anon,anonymous_session,unimind_private.budget_counters,DELETE,synthetic_resource_row,SELF_OR_POLICY_SCOPE,AUTHORIZED_OR_OTHER,AUTHORIZED_OR_OTHER,ACTIVE_OR_BOUNDARY,DENY,anon has no table grants,supabase/tests/17_actor_action_resource_matrix.sql#RLS-T04-ANON-DENY,Direct database decision; role labels never come from user metadata
RLS-T04-SERVER-ONLY,student,synthetic_student_a,unimind_private.budget_counters,READ,synthetic_resource_row,SELF_OR_POLICY_SCOPE,AUTHORIZED_OR_OTHER,AUTHORIZED_OR_OTHER,ACTIVE_OR_BOUNDARY,DENY,client role has no private-schema usage or table privilege,supabase/tests/17_actor_action_resource_matrix.sql#RLS-T04-SERVER-ONLY,Direct database decision; role labels never come from user metadata
RLS-T04-SERVER-ONLY,student,synthetic_student_a,unimind_private.budget_counters,CREATE,synthetic_resource_row,SELF_OR_POLICY_SCOPE,AUTHORIZED_OR_OTHER,AUTHORIZED_OR_OTHER,ACTIVE_OR_BOUNDARY,DENY,client role has no private-schema usage or table privilege,supabase/tests/17_actor_action_resource_matrix.sql#RLS-T04-SERVER-ONLY,Direct database decision; role labels never come from user metadata
RLS-T04-SERVER-ONLY,student,synthetic_student_a,unimind_private.budget_counters,UPDATE,synthetic_resource_row,SELF_OR_POLICY_SCOPE,AUTHORIZED_OR_OTHER,AUTHORIZED_OR_OTHER,ACTIVE_OR_BOUNDARY,DENY,client role has no private-schema usage or table privilege,supabase/tests/17_actor_action_resource_matrix.sql#RLS-T04-SERVER-ONLY,Direct database decision; role labels never come from user metadata
RLS-T04-SERVER-ONLY,student,synthetic_student_a,unimind_private.budget_counters,DELETE,synthetic_resource_row,SELF_OR_POLICY_SCOPE,AUTHORIZED_OR_OTHER,AUTHORIZED_OR_OTHER,ACTIVE_OR_BOUNDARY,DENY,client role has no private-schema usage or table privilege,supabase/tests/17_actor_action_resource_matrix.sql#RLS-T04-SERVER-ONLY,Direct database decision; role labels never come from user metadata
RLS-T04-SERVER-ONLY,batch_leader,synthetic_batch_leader_assignment,unimind_private.budget_counters,READ,synthetic_resource_row,SELF_OR_POLICY_SCOPE,AUTHORIZED_OR_OTHER,AUTHORIZED_OR_OTHER,ACTIVE_OR_BOUNDARY,DENY,client role has no private-schema usage or table privilege,supabase/tests/17_actor_action_resource_matrix.sql#RLS-T04-SERVER-ONLY,Direct database decision; role labels never come from user metadata
RLS-T04-SERVER-ONLY,batch_leader,synthetic_batch_leader_assignment,unimind_private.budget_counters,CREATE,synthetic_resource_row,SELF_OR_POLICY_SCOPE,AUTHORIZED_OR_OTHER,AUTHORIZED_OR_OTHER,ACTIVE_OR_BOUNDARY,DENY,client role has no private-schema usage or table privilege,supabase/tests/17_actor_action_resource_matrix.sql#RLS-T04-SERVER-ONLY,Direct database decision; role labels never come from user metadata
RLS-T04-SERVER-ONLY,batch_leader,synthetic_batch_leader_assignment,unimind_private.budget_counters,UPDATE,synthetic_resource_row,SELF_OR_POLICY_SCOPE,AUTHORIZED_OR_OTHER,AUTHORIZED_OR_OTHER,ACTIVE_OR_BOUNDARY,DENY,client role has no private-schema usage or table privilege,supabase/tests/17_actor_action_resource_matrix.sql#RLS-T04-SERVER-ONLY,Direct database decision; role labels never come from user metadata
RLS-T04-SERVER-ONLY,batch_leader,synthetic_batch_leader_assignment,unimind_private.budget_counters,DELETE,synthetic_resource_row,SELF_OR_POLICY_SCOPE,AUTHORIZED_OR_OTHER,AUTHORIZED_OR_OTHER,ACTIVE_OR_BOUNDARY,DENY,client role has no private-schema usage or table privilege,supabase/tests/17_actor_action_resource_matrix.sql#RLS-T04-SERVER-ONLY,Direct database decision; role labels never come from user metadata
RLS-T04-SERVER-ONLY,admin,synthetic_admin,unimind_private.budget_counters,READ,synthetic_resource_row,SELF_OR_POLICY_SCOPE,AUTHORIZED_OR_OTHER,AUTHORIZED_OR_OTHER,ACTIVE_OR_BOUNDARY,DENY,client role has no private-schema usage or table privilege,supabase/tests/17_actor_action_resource_matrix.sql#RLS-T04-SERVER-ONLY,Direct database decision; role labels never come from user metadata
RLS-T04-SERVER-ONLY,admin,synthetic_admin,unimind_private.budget_counters,CREATE,synthetic_resource_row,SELF_OR_POLICY_SCOPE,AUTHORIZED_OR_OTHER,AUTHORIZED_OR_OTHER,ACTIVE_OR_BOUNDARY,DENY,client role has no private-schema usage or table privilege,supabase/tests/17_actor_action_resource_matrix.sql#RLS-T04-SERVER-ONLY,Direct database decision; role labels never come from user metadata
RLS-T04-SERVER-ONLY,admin,synthetic_admin,unimind_private.budget_counters,UPDATE,synthetic_resource_row,SELF_OR_POLICY_SCOPE,AUTHORIZED_OR_OTHER,AUTHORIZED_OR_OTHER,ACTIVE_OR_BOUNDARY,DENY,client role has no private-schema usage or table privilege,supabase/tests/17_actor_action_resource_matrix.sql#RLS-T04-SERVER-ONLY,Direct database decision; role labels never come from user metadata
RLS-T04-SERVER-ONLY,admin,synthetic_admin,unimind_private.budget_counters,DELETE,synthetic_resource_row,SELF_OR_POLICY_SCOPE,AUTHORIZED_OR_OTHER,AUTHORIZED_OR_OTHER,ACTIVE_OR_BOUNDARY,DENY,client role has no private-schema usage or table privilege,supabase/tests/17_actor_action_resource_matrix.sql#RLS-T04-SERVER-ONLY,Direct database decision; role labels never come from user metadata
RLS-T04-SERVER-ONLY,worker,trusted_worker_runtime,unimind_private.budget_counters,READ,synthetic_resource_row,SELF_OR_POLICY_SCOPE,AUTHORIZED_OR_OTHER,AUTHORIZED_OR_OTHER,ACTIVE_OR_BOUNDARY,SERVER_ONLY,trusted runtime with server-held credential and explicit object privilege,supabase/tests/17_actor_action_resource_matrix.sql#RLS-T04-SERVER-ONLY,Direct database decision; role labels never come from user metadata
RLS-T04-SERVER-ONLY,worker,trusted_worker_runtime,unimind_private.budget_counters,CREATE,synthetic_resource_row,SELF_OR_POLICY_SCOPE,AUTHORIZED_OR_OTHER,AUTHORIZED_OR_OTHER,ACTIVE_OR_BOUNDARY,SERVER_ONLY,trusted runtime with server-held credential and explicit object privilege,supabase/tests/17_actor_action_resource_matrix.sql#RLS-T04-SERVER-ONLY,Direct database decision; role labels never come from user metadata
RLS-T04-SERVER-ONLY,worker,trusted_worker_runtime,unimind_private.budget_counters,UPDATE,synthetic_resource_row,SELF_OR_POLICY_SCOPE,AUTHORIZED_OR_OTHER,AUTHORIZED_OR_OTHER,ACTIVE_OR_BOUNDARY,SERVER_ONLY,trusted runtime with server-held credential and explicit object privilege,supabase/tests/17_actor_action_resource_matrix.sql#RLS-T04-SERVER-ONLY,Direct database decision; role labels never come from user metadata
RLS-T04-SERVER-ONLY,worker,trusted_worker_runtime,unimind_private.budget_counters,DELETE,synthetic_resource_row,SELF_OR_POLICY_SCOPE,AUTHORIZED_OR_OTHER,AUTHORIZED_OR_OTHER,ACTIVE_OR_BOUNDARY,SERVER_ONLY,trusted runtime with server-held credential and explicit object privilege,supabase/tests/17_actor_action_resource_matrix.sql#RLS-T04-SERVER-ONLY,Direct database decision; role labels never come from user metadata
RLS-T04-SERVER-ONLY,service_role,trusted_service_runtime,unimind_private.budget_counters,READ,synthetic_resource_row,SELF_OR_POLICY_SCOPE,AUTHORIZED_OR_OTHER,AUTHORIZED_OR_OTHER,ACTIVE_OR_BOUNDARY,SERVER_ONLY,trusted runtime with server-held credential and explicit object privilege,supabase/tests/17_actor_action_resource_matrix.sql#RLS-T04-SERVER-ONLY,Direct database decision; role labels never come from user metadata
RLS-T04-SERVER-ONLY,service_role,trusted_service_runtime,unimind_private.budget_counters,CREATE,synthetic_resource_row,SELF_OR_POLICY_SCOPE,AUTHORIZED_OR_OTHER,AUTHORIZED_OR_OTHER,ACTIVE_OR_BOUNDARY,SERVER_ONLY,trusted runtime with server-held credential and explicit object privilege,supabase/tests/17_actor_action_resource_matrix.sql#RLS-T04-SERVER-ONLY,Direct database decision; role labels never come from user metadata
RLS-T04-SERVER-ONLY,service_role,trusted_service_runtime,unimind_private.budget_counters,UPDATE,synthetic_resource_row,SELF_OR_POLICY_SCOPE,AUTHORIZED_OR_OTHER,AUTHORIZED_OR_OTHER,ACTIVE_OR_BOUNDARY,SERVER_ONLY,trusted runtime with server-held credential and explicit object privilege,supabase/tests/17_actor_action_resource_matrix.sql#RLS-T04-SERVER-ONLY,Direct database decision; role labels never come from user metadata
RLS-T04-SERVER-ONLY,service_role,trusted_service_runtime,unimind_private.budget_counters,DELETE,synthetic_resource_row,SELF_OR_POLICY_SCOPE,AUTHORIZED_OR_OTHER,AUTHORIZED_OR_OTHER,ACTIVE_OR_BOUNDARY,SERVER_ONLY,trusted runtime with server-held credential and explicit object privilege,supabase/tests/17_actor_action_resource_matrix.sql#RLS-T04-SERVER-ONLY,Direct database decision; role labels never come from user metadata
RLS-T04-ANON-DENY,anon,anonymous_session,unimind_private.embedding_configs,READ,synthetic_resource_row,SELF_OR_POLICY_SCOPE,AUTHORIZED_OR_OTHER,AUTHORIZED_OR_OTHER,ACTIVE_OR_BOUNDARY,DENY,anon has no table grants,supabase/tests/17_actor_action_resource_matrix.sql#RLS-T04-ANON-DENY,Direct database decision; role labels never come from user metadata
RLS-T04-ANON-DENY,anon,anonymous_session,unimind_private.embedding_configs,CREATE,synthetic_resource_row,SELF_OR_POLICY_SCOPE,AUTHORIZED_OR_OTHER,AUTHORIZED_OR_OTHER,ACTIVE_OR_BOUNDARY,DENY,anon has no table grants,supabase/tests/17_actor_action_resource_matrix.sql#RLS-T04-ANON-DENY,Direct database decision; role labels never come from user metadata
RLS-T04-ANON-DENY,anon,anonymous_session,unimind_private.embedding_configs,UPDATE,synthetic_resource_row,SELF_OR_POLICY_SCOPE,AUTHORIZED_OR_OTHER,AUTHORIZED_OR_OTHER,ACTIVE_OR_BOUNDARY,DENY,anon has no table grants,supabase/tests/17_actor_action_resource_matrix.sql#RLS-T04-ANON-DENY,Direct database decision; role labels never come from user metadata
RLS-T04-ANON-DENY,anon,anonymous_session,unimind_private.embedding_configs,DELETE,synthetic_resource_row,SELF_OR_POLICY_SCOPE,AUTHORIZED_OR_OTHER,AUTHORIZED_OR_OTHER,ACTIVE_OR_BOUNDARY,DENY,anon has no table grants,supabase/tests/17_actor_action_resource_matrix.sql#RLS-T04-ANON-DENY,Direct database decision; role labels never come from user metadata
RLS-T04-SERVER-ONLY,student,synthetic_student_a,unimind_private.embedding_configs,READ,synthetic_resource_row,SELF_OR_POLICY_SCOPE,AUTHORIZED_OR_OTHER,AUTHORIZED_OR_OTHER,ACTIVE_OR_BOUNDARY,DENY,client role has no private-schema usage or table privilege,supabase/tests/17_actor_action_resource_matrix.sql#RLS-T04-SERVER-ONLY,Direct database decision; role labels never come from user metadata
RLS-T04-SERVER-ONLY,student,synthetic_student_a,unimind_private.embedding_configs,CREATE,synthetic_resource_row,SELF_OR_POLICY_SCOPE,AUTHORIZED_OR_OTHER,AUTHORIZED_OR_OTHER,ACTIVE_OR_BOUNDARY,DENY,client role has no private-schema usage or table privilege,supabase/tests/17_actor_action_resource_matrix.sql#RLS-T04-SERVER-ONLY,Direct database decision; role labels never come from user metadata
RLS-T04-SERVER-ONLY,student,synthetic_student_a,unimind_private.embedding_configs,UPDATE,synthetic_resource_row,SELF_OR_POLICY_SCOPE,AUTHORIZED_OR_OTHER,AUTHORIZED_OR_OTHER,ACTIVE_OR_BOUNDARY,DENY,client role has no private-schema usage or table privilege,supabase/tests/17_actor_action_resource_matrix.sql#RLS-T04-SERVER-ONLY,Direct database decision; role labels never come from user metadata
RLS-T04-SERVER-ONLY,student,synthetic_student_a,unimind_private.embedding_configs,DELETE,synthetic_resource_row,SELF_OR_POLICY_SCOPE,AUTHORIZED_OR_OTHER,AUTHORIZED_OR_OTHER,ACTIVE_OR_BOUNDARY,DENY,client role has no private-schema usage or table privilege,supabase/tests/17_actor_action_resource_matrix.sql#RLS-T04-SERVER-ONLY,Direct database decision; role labels never come from user metadata
RLS-T04-SERVER-ONLY,batch_leader,synthetic_batch_leader_assignment,unimind_private.embedding_configs,READ,synthetic_resource_row,SELF_OR_POLICY_SCOPE,AUTHORIZED_OR_OTHER,AUTHORIZED_OR_OTHER,ACTIVE_OR_BOUNDARY,DENY,client role has no private-schema usage or table privilege,supabase/tests/17_actor_action_resource_matrix.sql#RLS-T04-SERVER-ONLY,Direct database decision; role labels never come from user metadata
RLS-T04-SERVER-ONLY,batch_leader,synthetic_batch_leader_assignment,unimind_private.embedding_configs,CREATE,synthetic_resource_row,SELF_OR_POLICY_SCOPE,AUTHORIZED_OR_OTHER,AUTHORIZED_OR_OTHER,ACTIVE_OR_BOUNDARY,DENY,client role has no private-schema usage or table privilege,supabase/tests/17_actor_action_resource_matrix.sql#RLS-T04-SERVER-ONLY,Direct database decision; role labels never come from user metadata
RLS-T04-SERVER-ONLY,batch_leader,synthetic_batch_leader_assignment,unimind_private.embedding_configs,UPDATE,synthetic_resource_row,SELF_OR_POLICY_SCOPE,AUTHORIZED_OR_OTHER,AUTHORIZED_OR_OTHER,ACTIVE_OR_BOUNDARY,DENY,client role has no private-schema usage or table privilege,supabase/tests/17_actor_action_resource_matrix.sql#RLS-T04-SERVER-ONLY,Direct database decision; role labels never come from user metadata
RLS-T04-SERVER-ONLY,batch_leader,synthetic_batch_leader_assignment,unimind_private.embedding_configs,DELETE,synthetic_resource_row,SELF_OR_POLICY_SCOPE,AUTHORIZED_OR_OTHER,AUTHORIZED_OR_OTHER,ACTIVE_OR_BOUNDARY,DENY,client role has no private-schema usage or table privilege,supabase/tests/17_actor_action_resource_matrix.sql#RLS-T04-SERVER-ONLY,Direct database decision; role labels never come from user metadata
RLS-T04-SERVER-ONLY,admin,synthetic_admin,unimind_private.embedding_configs,READ,synthetic_resource_row,SELF_OR_POLICY_SCOPE,AUTHORIZED_OR_OTHER,AUTHORIZED_OR_OTHER,ACTIVE_OR_BOUNDARY,DENY,client role has no private-schema usage or table privilege,supabase/tests/17_actor_action_resource_matrix.sql#RLS-T04-SERVER-ONLY,Direct database decision; role labels never come from user metadata
RLS-T04-SERVER-ONLY,admin,synthetic_admin,unimind_private.embedding_configs,CREATE,synthetic_resource_row,SELF_OR_POLICY_SCOPE,AUTHORIZED_OR_OTHER,AUTHORIZED_OR_OTHER,ACTIVE_OR_BOUNDARY,DENY,client role has no private-schema usage or table privilege,supabase/tests/17_actor_action_resource_matrix.sql#RLS-T04-SERVER-ONLY,Direct database decision; role labels never come from user metadata
RLS-T04-SERVER-ONLY,admin,synthetic_admin,unimind_private.embedding_configs,UPDATE,synthetic_resource_row,SELF_OR_POLICY_SCOPE,AUTHORIZED_OR_OTHER,AUTHORIZED_OR_OTHER,ACTIVE_OR_BOUNDARY,DENY,client role has no private-schema usage or table privilege,supabase/tests/17_actor_action_resource_matrix.sql#RLS-T04-SERVER-ONLY,Direct database decision; role labels never come from user metadata
RLS-T04-SERVER-ONLY,admin,synthetic_admin,unimind_private.embedding_configs,DELETE,synthetic_resource_row,SELF_OR_POLICY_SCOPE,AUTHORIZED_OR_OTHER,AUTHORIZED_OR_OTHER,ACTIVE_OR_BOUNDARY,DENY,client role has no private-schema usage or table privilege,supabase/tests/17_actor_action_resource_matrix.sql#RLS-T04-SERVER-ONLY,Direct database decision; role labels never come from user metadata
RLS-T04-SERVER-ONLY,worker,trusted_worker_runtime,unimind_private.embedding_configs,READ,synthetic_resource_row,SELF_OR_POLICY_SCOPE,AUTHORIZED_OR_OTHER,AUTHORIZED_OR_OTHER,ACTIVE_OR_BOUNDARY,SERVER_ONLY,trusted runtime with server-held credential and explicit object privilege,supabase/tests/17_actor_action_resource_matrix.sql#RLS-T04-SERVER-ONLY,Direct database decision; role labels never come from user metadata
RLS-T04-SERVER-ONLY,worker,trusted_worker_runtime,unimind_private.embedding_configs,CREATE,synthetic_resource_row,SELF_OR_POLICY_SCOPE,AUTHORIZED_OR_OTHER,AUTHORIZED_OR_OTHER,ACTIVE_OR_BOUNDARY,SERVER_ONLY,trusted runtime with server-held credential and explicit object privilege,supabase/tests/17_actor_action_resource_matrix.sql#RLS-T04-SERVER-ONLY,Direct database decision; role labels never come from user metadata
RLS-T04-SERVER-ONLY,worker,trusted_worker_runtime,unimind_private.embedding_configs,UPDATE,synthetic_resource_row,SELF_OR_POLICY_SCOPE,AUTHORIZED_OR_OTHER,AUTHORIZED_OR_OTHER,ACTIVE_OR_BOUNDARY,SERVER_ONLY,trusted runtime with server-held credential and explicit object privilege,supabase/tests/17_actor_action_resource_matrix.sql#RLS-T04-SERVER-ONLY,Direct database decision; role labels never come from user metadata
RLS-T04-SERVER-ONLY,worker,trusted_worker_runtime,unimind_private.embedding_configs,DELETE,synthetic_resource_row,SELF_OR_POLICY_SCOPE,AUTHORIZED_OR_OTHER,AUTHORIZED_OR_OTHER,ACTIVE_OR_BOUNDARY,SERVER_ONLY,trusted runtime with server-held credential and explicit object privilege,supabase/tests/17_actor_action_resource_matrix.sql#RLS-T04-SERVER-ONLY,Direct database decision; role labels never come from user metadata
RLS-T04-SERVER-ONLY,service_role,trusted_service_runtime,unimind_private.embedding_configs,READ,synthetic_resource_row,SELF_OR_POLICY_SCOPE,AUTHORIZED_OR_OTHER,AUTHORIZED_OR_OTHER,ACTIVE_OR_BOUNDARY,SERVER_ONLY,trusted runtime with server-held credential and explicit object privilege,supabase/tests/17_actor_action_resource_matrix.sql#RLS-T04-SERVER-ONLY,Direct database decision; role labels never come from user metadata
RLS-T04-SERVER-ONLY,service_role,trusted_service_runtime,unimind_private.embedding_configs,CREATE,synthetic_resource_row,SELF_OR_POLICY_SCOPE,AUTHORIZED_OR_OTHER,AUTHORIZED_OR_OTHER,ACTIVE_OR_BOUNDARY,SERVER_ONLY,trusted runtime with server-held credential and explicit object privilege,supabase/tests/17_actor_action_resource_matrix.sql#RLS-T04-SERVER-ONLY,Direct database decision; role labels never come from user metadata
RLS-T04-SERVER-ONLY,service_role,trusted_service_runtime,unimind_private.embedding_configs,UPDATE,synthetic_resource_row,SELF_OR_POLICY_SCOPE,AUTHORIZED_OR_OTHER,AUTHORIZED_OR_OTHER,ACTIVE_OR_BOUNDARY,SERVER_ONLY,trusted runtime with server-held credential and explicit object privilege,supabase/tests/17_actor_action_resource_matrix.sql#RLS-T04-SERVER-ONLY,Direct database decision; role labels never come from user metadata
RLS-T04-SERVER-ONLY,service_role,trusted_service_runtime,unimind_private.embedding_configs,DELETE,synthetic_resource_row,SELF_OR_POLICY_SCOPE,AUTHORIZED_OR_OTHER,AUTHORIZED_OR_OTHER,ACTIVE_OR_BOUNDARY,SERVER_ONLY,trusted runtime with server-held credential and explicit object privilege,supabase/tests/17_actor_action_resource_matrix.sql#RLS-T04-SERVER-ONLY,Direct database decision; role labels never come from user metadata
RLS-T04-ANON-DENY,anon,anonymous_session,unimind_private.incident_events,READ,synthetic_resource_row,SELF_OR_POLICY_SCOPE,AUTHORIZED_OR_OTHER,AUTHORIZED_OR_OTHER,ACTIVE_OR_BOUNDARY,DENY,anon has no table grants,supabase/tests/17_actor_action_resource_matrix.sql#RLS-T04-ANON-DENY,Direct database decision; role labels never come from user metadata
RLS-T04-ANON-DENY,anon,anonymous_session,unimind_private.incident_events,CREATE,synthetic_resource_row,SELF_OR_POLICY_SCOPE,AUTHORIZED_OR_OTHER,AUTHORIZED_OR_OTHER,ACTIVE_OR_BOUNDARY,DENY,anon has no table grants,supabase/tests/17_actor_action_resource_matrix.sql#RLS-T04-ANON-DENY,Direct database decision; role labels never come from user metadata
RLS-T04-ANON-DENY,anon,anonymous_session,unimind_private.incident_events,UPDATE,synthetic_resource_row,SELF_OR_POLICY_SCOPE,AUTHORIZED_OR_OTHER,AUTHORIZED_OR_OTHER,ACTIVE_OR_BOUNDARY,DENY,anon has no table grants,supabase/tests/17_actor_action_resource_matrix.sql#RLS-T04-ANON-DENY,Direct database decision; role labels never come from user metadata
RLS-T04-ANON-DENY,anon,anonymous_session,unimind_private.incident_events,DELETE,synthetic_resource_row,SELF_OR_POLICY_SCOPE,AUTHORIZED_OR_OTHER,AUTHORIZED_OR_OTHER,ACTIVE_OR_BOUNDARY,DENY,anon has no table grants,supabase/tests/17_actor_action_resource_matrix.sql#RLS-T04-ANON-DENY,Direct database decision; role labels never come from user metadata
RLS-T04-SERVER-ONLY,student,synthetic_student_a,unimind_private.incident_events,READ,synthetic_resource_row,SELF_OR_POLICY_SCOPE,AUTHORIZED_OR_OTHER,AUTHORIZED_OR_OTHER,ACTIVE_OR_BOUNDARY,DENY,client role has no private-schema usage or table privilege,supabase/tests/17_actor_action_resource_matrix.sql#RLS-T04-SERVER-ONLY,Direct database decision; role labels never come from user metadata
RLS-T04-SERVER-ONLY,student,synthetic_student_a,unimind_private.incident_events,CREATE,synthetic_resource_row,SELF_OR_POLICY_SCOPE,AUTHORIZED_OR_OTHER,AUTHORIZED_OR_OTHER,ACTIVE_OR_BOUNDARY,DENY,client role has no private-schema usage or table privilege,supabase/tests/17_actor_action_resource_matrix.sql#RLS-T04-SERVER-ONLY,Direct database decision; role labels never come from user metadata
RLS-T04-SERVER-ONLY,student,synthetic_student_a,unimind_private.incident_events,UPDATE,synthetic_resource_row,SELF_OR_POLICY_SCOPE,AUTHORIZED_OR_OTHER,AUTHORIZED_OR_OTHER,ACTIVE_OR_BOUNDARY,DENY,client role has no private-schema usage or table privilege,supabase/tests/17_actor_action_resource_matrix.sql#RLS-T04-SERVER-ONLY,Direct database decision; role labels never come from user metadata
RLS-T04-SERVER-ONLY,student,synthetic_student_a,unimind_private.incident_events,DELETE,synthetic_resource_row,SELF_OR_POLICY_SCOPE,AUTHORIZED_OR_OTHER,AUTHORIZED_OR_OTHER,ACTIVE_OR_BOUNDARY,DENY,client role has no private-schema usage or table privilege,supabase/tests/17_actor_action_resource_matrix.sql#RLS-T04-SERVER-ONLY,Direct database decision; role labels never come from user metadata
RLS-T04-SERVER-ONLY,batch_leader,synthetic_batch_leader_assignment,unimind_private.incident_events,READ,synthetic_resource_row,SELF_OR_POLICY_SCOPE,AUTHORIZED_OR_OTHER,AUTHORIZED_OR_OTHER,ACTIVE_OR_BOUNDARY,DENY,client role has no private-schema usage or table privilege,supabase/tests/17_actor_action_resource_matrix.sql#RLS-T04-SERVER-ONLY,Direct database decision; role labels never come from user metadata
RLS-T04-SERVER-ONLY,batch_leader,synthetic_batch_leader_assignment,unimind_private.incident_events,CREATE,synthetic_resource_row,SELF_OR_POLICY_SCOPE,AUTHORIZED_OR_OTHER,AUTHORIZED_OR_OTHER,ACTIVE_OR_BOUNDARY,DENY,client role has no private-schema usage or table privilege,supabase/tests/17_actor_action_resource_matrix.sql#RLS-T04-SERVER-ONLY,Direct database decision; role labels never come from user metadata
RLS-T04-SERVER-ONLY,batch_leader,synthetic_batch_leader_assignment,unimind_private.incident_events,UPDATE,synthetic_resource_row,SELF_OR_POLICY_SCOPE,AUTHORIZED_OR_OTHER,AUTHORIZED_OR_OTHER,ACTIVE_OR_BOUNDARY,DENY,client role has no private-schema usage or table privilege,supabase/tests/17_actor_action_resource_matrix.sql#RLS-T04-SERVER-ONLY,Direct database decision; role labels never come from user metadata
RLS-T04-SERVER-ONLY,batch_leader,synthetic_batch_leader_assignment,unimind_private.incident_events,DELETE,synthetic_resource_row,SELF_OR_POLICY_SCOPE,AUTHORIZED_OR_OTHER,AUTHORIZED_OR_OTHER,ACTIVE_OR_BOUNDARY,DENY,client role has no private-schema usage or table privilege,supabase/tests/17_actor_action_resource_matrix.sql#RLS-T04-SERVER-ONLY,Direct database decision; role labels never come from user metadata
RLS-T04-SERVER-ONLY,admin,synthetic_admin,unimind_private.incident_events,READ,synthetic_resource_row,SELF_OR_POLICY_SCOPE,AUTHORIZED_OR_OTHER,AUTHORIZED_OR_OTHER,ACTIVE_OR_BOUNDARY,DENY,client role has no private-schema usage or table privilege,supabase/tests/17_actor_action_resource_matrix.sql#RLS-T04-SERVER-ONLY,Direct database decision; role labels never come from user metadata
RLS-T04-SERVER-ONLY,admin,synthetic_admin,unimind_private.incident_events,CREATE,synthetic_resource_row,SELF_OR_POLICY_SCOPE,AUTHORIZED_OR_OTHER,AUTHORIZED_OR_OTHER,ACTIVE_OR_BOUNDARY,DENY,client role has no private-schema usage or table privilege,supabase/tests/17_actor_action_resource_matrix.sql#RLS-T04-SERVER-ONLY,Direct database decision; role labels never come from user metadata
RLS-T04-SERVER-ONLY,admin,synthetic_admin,unimind_private.incident_events,UPDATE,synthetic_resource_row,SELF_OR_POLICY_SCOPE,AUTHORIZED_OR_OTHER,AUTHORIZED_OR_OTHER,ACTIVE_OR_BOUNDARY,DENY,client role has no private-schema usage or table privilege,supabase/tests/17_actor_action_resource_matrix.sql#RLS-T04-SERVER-ONLY,Direct database decision; role labels never come from user metadata
RLS-T04-SERVER-ONLY,admin,synthetic_admin,unimind_private.incident_events,DELETE,synthetic_resource_row,SELF_OR_POLICY_SCOPE,AUTHORIZED_OR_OTHER,AUTHORIZED_OR_OTHER,ACTIVE_OR_BOUNDARY,DENY,client role has no private-schema usage or table privilege,supabase/tests/17_actor_action_resource_matrix.sql#RLS-T04-SERVER-ONLY,Direct database decision; role labels never come from user metadata
RLS-T04-SERVER-ONLY,worker,trusted_worker_runtime,unimind_private.incident_events,READ,synthetic_resource_row,SELF_OR_POLICY_SCOPE,AUTHORIZED_OR_OTHER,AUTHORIZED_OR_OTHER,ACTIVE_OR_BOUNDARY,SERVER_ONLY,trusted runtime with server-held credential and explicit object privilege,supabase/tests/17_actor_action_resource_matrix.sql#RLS-T04-SERVER-ONLY,Direct database decision; role labels never come from user metadata
RLS-T04-SERVER-ONLY,worker,trusted_worker_runtime,unimind_private.incident_events,CREATE,synthetic_resource_row,SELF_OR_POLICY_SCOPE,AUTHORIZED_OR_OTHER,AUTHORIZED_OR_OTHER,ACTIVE_OR_BOUNDARY,SERVER_ONLY,trusted runtime with server-held credential and explicit object privilege,supabase/tests/17_actor_action_resource_matrix.sql#RLS-T04-SERVER-ONLY,Direct database decision; role labels never come from user metadata
RLS-T04-SERVER-ONLY,worker,trusted_worker_runtime,unimind_private.incident_events,UPDATE,synthetic_resource_row,SELF_OR_POLICY_SCOPE,AUTHORIZED_OR_OTHER,AUTHORIZED_OR_OTHER,ACTIVE_OR_BOUNDARY,SERVER_ONLY,trusted runtime with server-held credential and explicit object privilege,supabase/tests/17_actor_action_resource_matrix.sql#RLS-T04-SERVER-ONLY,Direct database decision; role labels never come from user metadata
RLS-T04-SERVER-ONLY,worker,trusted_worker_runtime,unimind_private.incident_events,DELETE,synthetic_resource_row,SELF_OR_POLICY_SCOPE,AUTHORIZED_OR_OTHER,AUTHORIZED_OR_OTHER,ACTIVE_OR_BOUNDARY,SERVER_ONLY,trusted runtime with server-held credential and explicit object privilege,supabase/tests/17_actor_action_resource_matrix.sql#RLS-T04-SERVER-ONLY,Direct database decision; role labels never come from user metadata
RLS-T04-SERVER-ONLY,service_role,trusted_service_runtime,unimind_private.incident_events,READ,synthetic_resource_row,SELF_OR_POLICY_SCOPE,AUTHORIZED_OR_OTHER,AUTHORIZED_OR_OTHER,ACTIVE_OR_BOUNDARY,SERVER_ONLY,trusted runtime with server-held credential and explicit object privilege,supabase/tests/17_actor_action_resource_matrix.sql#RLS-T04-SERVER-ONLY,Direct database decision; role labels never come from user metadata
RLS-T04-SERVER-ONLY,service_role,trusted_service_runtime,unimind_private.incident_events,CREATE,synthetic_resource_row,SELF_OR_POLICY_SCOPE,AUTHORIZED_OR_OTHER,AUTHORIZED_OR_OTHER,ACTIVE_OR_BOUNDARY,SERVER_ONLY,trusted runtime with server-held credential and explicit object privilege,supabase/tests/17_actor_action_resource_matrix.sql#RLS-T04-SERVER-ONLY,Direct database decision; role labels never come from user metadata
RLS-T04-SERVER-ONLY,service_role,trusted_service_runtime,unimind_private.incident_events,UPDATE,synthetic_resource_row,SELF_OR_POLICY_SCOPE,AUTHORIZED_OR_OTHER,AUTHORIZED_OR_OTHER,ACTIVE_OR_BOUNDARY,SERVER_ONLY,trusted runtime with server-held credential and explicit object privilege,supabase/tests/17_actor_action_resource_matrix.sql#RLS-T04-SERVER-ONLY,Direct database decision; role labels never come from user metadata
RLS-T04-SERVER-ONLY,service_role,trusted_service_runtime,unimind_private.incident_events,DELETE,synthetic_resource_row,SELF_OR_POLICY_SCOPE,AUTHORIZED_OR_OTHER,AUTHORIZED_OR_OTHER,ACTIVE_OR_BOUNDARY,SERVER_ONLY,trusted runtime with server-held credential and explicit object privilege,supabase/tests/17_actor_action_resource_matrix.sql#RLS-T04-SERVER-ONLY,Direct database decision; role labels never come from user metadata
RLS-T04-ANON-DENY,anon,anonymous_session,unimind_private.job_attempts,READ,synthetic_resource_row,SELF_OR_POLICY_SCOPE,AUTHORIZED_OR_OTHER,AUTHORIZED_OR_OTHER,ACTIVE_OR_BOUNDARY,DENY,anon has no table grants,supabase/tests/17_actor_action_resource_matrix.sql#RLS-T04-ANON-DENY,Direct database decision; role labels never come from user metadata
RLS-T04-ANON-DENY,anon,anonymous_session,unimind_private.job_attempts,CREATE,synthetic_resource_row,SELF_OR_POLICY_SCOPE,AUTHORIZED_OR_OTHER,AUTHORIZED_OR_OTHER,ACTIVE_OR_BOUNDARY,DENY,anon has no table grants,supabase/tests/17_actor_action_resource_matrix.sql#RLS-T04-ANON-DENY,Direct database decision; role labels never come from user metadata
RLS-T04-ANON-DENY,anon,anonymous_session,unimind_private.job_attempts,UPDATE,synthetic_resource_row,SELF_OR_POLICY_SCOPE,AUTHORIZED_OR_OTHER,AUTHORIZED_OR_OTHER,ACTIVE_OR_BOUNDARY,DENY,anon has no table grants,supabase/tests/17_actor_action_resource_matrix.sql#RLS-T04-ANON-DENY,Direct database decision; role labels never come from user metadata
RLS-T04-ANON-DENY,anon,anonymous_session,unimind_private.job_attempts,DELETE,synthetic_resource_row,SELF_OR_POLICY_SCOPE,AUTHORIZED_OR_OTHER,AUTHORIZED_OR_OTHER,ACTIVE_OR_BOUNDARY,DENY,anon has no table grants,supabase/tests/17_actor_action_resource_matrix.sql#RLS-T04-ANON-DENY,Direct database decision; role labels never come from user metadata
RLS-T04-SERVER-ONLY,student,synthetic_student_a,unimind_private.job_attempts,READ,synthetic_resource_row,SELF_OR_POLICY_SCOPE,AUTHORIZED_OR_OTHER,AUTHORIZED_OR_OTHER,ACTIVE_OR_BOUNDARY,DENY,client role has no private-schema usage or table privilege,supabase/tests/17_actor_action_resource_matrix.sql#RLS-T04-SERVER-ONLY,Direct database decision; role labels never come from user metadata
RLS-T04-SERVER-ONLY,student,synthetic_student_a,unimind_private.job_attempts,CREATE,synthetic_resource_row,SELF_OR_POLICY_SCOPE,AUTHORIZED_OR_OTHER,AUTHORIZED_OR_OTHER,ACTIVE_OR_BOUNDARY,DENY,client role has no private-schema usage or table privilege,supabase/tests/17_actor_action_resource_matrix.sql#RLS-T04-SERVER-ONLY,Direct database decision; role labels never come from user metadata
RLS-T04-SERVER-ONLY,student,synthetic_student_a,unimind_private.job_attempts,UPDATE,synthetic_resource_row,SELF_OR_POLICY_SCOPE,AUTHORIZED_OR_OTHER,AUTHORIZED_OR_OTHER,ACTIVE_OR_BOUNDARY,DENY,client role has no private-schema usage or table privilege,supabase/tests/17_actor_action_resource_matrix.sql#RLS-T04-SERVER-ONLY,Direct database decision; role labels never come from user metadata
RLS-T04-SERVER-ONLY,student,synthetic_student_a,unimind_private.job_attempts,DELETE,synthetic_resource_row,SELF_OR_POLICY_SCOPE,AUTHORIZED_OR_OTHER,AUTHORIZED_OR_OTHER,ACTIVE_OR_BOUNDARY,DENY,client role has no private-schema usage or table privilege,supabase/tests/17_actor_action_resource_matrix.sql#RLS-T04-SERVER-ONLY,Direct database decision; role labels never come from user metadata
RLS-T04-SERVER-ONLY,batch_leader,synthetic_batch_leader_assignment,unimind_private.job_attempts,READ,synthetic_resource_row,SELF_OR_POLICY_SCOPE,AUTHORIZED_OR_OTHER,AUTHORIZED_OR_OTHER,ACTIVE_OR_BOUNDARY,DENY,client role has no private-schema usage or table privilege,supabase/tests/17_actor_action_resource_matrix.sql#RLS-T04-SERVER-ONLY,Direct database decision; role labels never come from user metadata
RLS-T04-SERVER-ONLY,batch_leader,synthetic_batch_leader_assignment,unimind_private.job_attempts,CREATE,synthetic_resource_row,SELF_OR_POLICY_SCOPE,AUTHORIZED_OR_OTHER,AUTHORIZED_OR_OTHER,ACTIVE_OR_BOUNDARY,DENY,client role has no private-schema usage or table privilege,supabase/tests/17_actor_action_resource_matrix.sql#RLS-T04-SERVER-ONLY,Direct database decision; role labels never come from user metadata
RLS-T04-SERVER-ONLY,batch_leader,synthetic_batch_leader_assignment,unimind_private.job_attempts,UPDATE,synthetic_resource_row,SELF_OR_POLICY_SCOPE,AUTHORIZED_OR_OTHER,AUTHORIZED_OR_OTHER,ACTIVE_OR_BOUNDARY,DENY,client role has no private-schema usage or table privilege,supabase/tests/17_actor_action_resource_matrix.sql#RLS-T04-SERVER-ONLY,Direct database decision; role labels never come from user metadata
RLS-T04-SERVER-ONLY,batch_leader,synthetic_batch_leader_assignment,unimind_private.job_attempts,DELETE,synthetic_resource_row,SELF_OR_POLICY_SCOPE,AUTHORIZED_OR_OTHER,AUTHORIZED_OR_OTHER,ACTIVE_OR_BOUNDARY,DENY,client role has no private-schema usage or table privilege,supabase/tests/17_actor_action_resource_matrix.sql#RLS-T04-SERVER-ONLY,Direct database decision; role labels never come from user metadata
RLS-T04-SERVER-ONLY,admin,synthetic_admin,unimind_private.job_attempts,READ,synthetic_resource_row,SELF_OR_POLICY_SCOPE,AUTHORIZED_OR_OTHER,AUTHORIZED_OR_OTHER,ACTIVE_OR_BOUNDARY,DENY,client role has no private-schema usage or table privilege,supabase/tests/17_actor_action_resource_matrix.sql#RLS-T04-SERVER-ONLY,Direct database decision; role labels never come from user metadata
RLS-T04-SERVER-ONLY,admin,synthetic_admin,unimind_private.job_attempts,CREATE,synthetic_resource_row,SELF_OR_POLICY_SCOPE,AUTHORIZED_OR_OTHER,AUTHORIZED_OR_OTHER,ACTIVE_OR_BOUNDARY,DENY,client role has no private-schema usage or table privilege,supabase/tests/17_actor_action_resource_matrix.sql#RLS-T04-SERVER-ONLY,Direct database decision; role labels never come from user metadata
RLS-T04-SERVER-ONLY,admin,synthetic_admin,unimind_private.job_attempts,UPDATE,synthetic_resource_row,SELF_OR_POLICY_SCOPE,AUTHORIZED_OR_OTHER,AUTHORIZED_OR_OTHER,ACTIVE_OR_BOUNDARY,DENY,client role has no private-schema usage or table privilege,supabase/tests/17_actor_action_resource_matrix.sql#RLS-T04-SERVER-ONLY,Direct database decision; role labels never come from user metadata
RLS-T04-SERVER-ONLY,admin,synthetic_admin,unimind_private.job_attempts,DELETE,synthetic_resource_row,SELF_OR_POLICY_SCOPE,AUTHORIZED_OR_OTHER,AUTHORIZED_OR_OTHER,ACTIVE_OR_BOUNDARY,DENY,client role has no private-schema usage or table privilege,supabase/tests/17_actor_action_resource_matrix.sql#RLS-T04-SERVER-ONLY,Direct database decision; role labels never come from user metadata
RLS-T04-SERVER-ONLY,worker,trusted_worker_runtime,unimind_private.job_attempts,READ,synthetic_resource_row,SELF_OR_POLICY_SCOPE,AUTHORIZED_OR_OTHER,AUTHORIZED_OR_OTHER,ACTIVE_OR_BOUNDARY,SERVER_ONLY,trusted runtime with server-held credential and explicit object privilege,supabase/tests/17_actor_action_resource_matrix.sql#RLS-T04-SERVER-ONLY,Direct database decision; role labels never come from user metadata
RLS-T04-SERVER-ONLY,worker,trusted_worker_runtime,unimind_private.job_attempts,CREATE,synthetic_resource_row,SELF_OR_POLICY_SCOPE,AUTHORIZED_OR_OTHER,AUTHORIZED_OR_OTHER,ACTIVE_OR_BOUNDARY,SERVER_ONLY,trusted runtime with server-held credential and explicit object privilege,supabase/tests/17_actor_action_resource_matrix.sql#RLS-T04-SERVER-ONLY,Direct database decision; role labels never come from user metadata
RLS-T04-SERVER-ONLY,worker,trusted_worker_runtime,unimind_private.job_attempts,UPDATE,synthetic_resource_row,SELF_OR_POLICY_SCOPE,AUTHORIZED_OR_OTHER,AUTHORIZED_OR_OTHER,ACTIVE_OR_BOUNDARY,SERVER_ONLY,trusted runtime with server-held credential and explicit object privilege,supabase/tests/17_actor_action_resource_matrix.sql#RLS-T04-SERVER-ONLY,Direct database decision; role labels never come from user metadata
RLS-T04-SERVER-ONLY,worker,trusted_worker_runtime,unimind_private.job_attempts,DELETE,synthetic_resource_row,SELF_OR_POLICY_SCOPE,AUTHORIZED_OR_OTHER,AUTHORIZED_OR_OTHER,ACTIVE_OR_BOUNDARY,SERVER_ONLY,trusted runtime with server-held credential and explicit object privilege,supabase/tests/17_actor_action_resource_matrix.sql#RLS-T04-SERVER-ONLY,Direct database decision; role labels never come from user metadata
RLS-T04-SERVER-ONLY,service_role,trusted_service_runtime,unimind_private.job_attempts,READ,synthetic_resource_row,SELF_OR_POLICY_SCOPE,AUTHORIZED_OR_OTHER,AUTHORIZED_OR_OTHER,ACTIVE_OR_BOUNDARY,SERVER_ONLY,trusted runtime with server-held credential and explicit object privilege,supabase/tests/17_actor_action_resource_matrix.sql#RLS-T04-SERVER-ONLY,Direct database decision; role labels never come from user metadata
RLS-T04-SERVER-ONLY,service_role,trusted_service_runtime,unimind_private.job_attempts,CREATE,synthetic_resource_row,SELF_OR_POLICY_SCOPE,AUTHORIZED_OR_OTHER,AUTHORIZED_OR_OTHER,ACTIVE_OR_BOUNDARY,SERVER_ONLY,trusted runtime with server-held credential and explicit object privilege,supabase/tests/17_actor_action_resource_matrix.sql#RLS-T04-SERVER-ONLY,Direct database decision; role labels never come from user metadata
RLS-T04-SERVER-ONLY,service_role,trusted_service_runtime,unimind_private.job_attempts,UPDATE,synthetic_resource_row,SELF_OR_POLICY_SCOPE,AUTHORIZED_OR_OTHER,AUTHORIZED_OR_OTHER,ACTIVE_OR_BOUNDARY,SERVER_ONLY,trusted runtime with server-held credential and explicit object privilege,supabase/tests/17_actor_action_resource_matrix.sql#RLS-T04-SERVER-ONLY,Direct database decision; role labels never come from user metadata
RLS-T04-SERVER-ONLY,service_role,trusted_service_runtime,unimind_private.job_attempts,DELETE,synthetic_resource_row,SELF_OR_POLICY_SCOPE,AUTHORIZED_OR_OTHER,AUTHORIZED_OR_OTHER,ACTIVE_OR_BOUNDARY,SERVER_ONLY,trusted runtime with server-held credential and explicit object privilege,supabase/tests/17_actor_action_resource_matrix.sql#RLS-T04-SERVER-ONLY,Direct database decision; role labels never come from user metadata
RLS-T04-ANON-DENY,anon,anonymous_session,unimind_private.job_dependencies,READ,synthetic_resource_row,SELF_OR_POLICY_SCOPE,AUTHORIZED_OR_OTHER,AUTHORIZED_OR_OTHER,ACTIVE_OR_BOUNDARY,DENY,anon has no table grants,supabase/tests/17_actor_action_resource_matrix.sql#RLS-T04-ANON-DENY,Direct database decision; role labels never come from user metadata
RLS-T04-ANON-DENY,anon,anonymous_session,unimind_private.job_dependencies,CREATE,synthetic_resource_row,SELF_OR_POLICY_SCOPE,AUTHORIZED_OR_OTHER,AUTHORIZED_OR_OTHER,ACTIVE_OR_BOUNDARY,DENY,anon has no table grants,supabase/tests/17_actor_action_resource_matrix.sql#RLS-T04-ANON-DENY,Direct database decision; role labels never come from user metadata
RLS-T04-ANON-DENY,anon,anonymous_session,unimind_private.job_dependencies,UPDATE,synthetic_resource_row,SELF_OR_POLICY_SCOPE,AUTHORIZED_OR_OTHER,AUTHORIZED_OR_OTHER,ACTIVE_OR_BOUNDARY,DENY,anon has no table grants,supabase/tests/17_actor_action_resource_matrix.sql#RLS-T04-ANON-DENY,Direct database decision; role labels never come from user metadata
RLS-T04-ANON-DENY,anon,anonymous_session,unimind_private.job_dependencies,DELETE,synthetic_resource_row,SELF_OR_POLICY_SCOPE,AUTHORIZED_OR_OTHER,AUTHORIZED_OR_OTHER,ACTIVE_OR_BOUNDARY,DENY,anon has no table grants,supabase/tests/17_actor_action_resource_matrix.sql#RLS-T04-ANON-DENY,Direct database decision; role labels never come from user metadata
RLS-T04-SERVER-ONLY,student,synthetic_student_a,unimind_private.job_dependencies,READ,synthetic_resource_row,SELF_OR_POLICY_SCOPE,AUTHORIZED_OR_OTHER,AUTHORIZED_OR_OTHER,ACTIVE_OR_BOUNDARY,DENY,client role has no private-schema usage or table privilege,supabase/tests/17_actor_action_resource_matrix.sql#RLS-T04-SERVER-ONLY,Direct database decision; role labels never come from user metadata
RLS-T04-SERVER-ONLY,student,synthetic_student_a,unimind_private.job_dependencies,CREATE,synthetic_resource_row,SELF_OR_POLICY_SCOPE,AUTHORIZED_OR_OTHER,AUTHORIZED_OR_OTHER,ACTIVE_OR_BOUNDARY,DENY,client role has no private-schema usage or table privilege,supabase/tests/17_actor_action_resource_matrix.sql#RLS-T04-SERVER-ONLY,Direct database decision; role labels never come from user metadata
RLS-T04-SERVER-ONLY,student,synthetic_student_a,unimind_private.job_dependencies,UPDATE,synthetic_resource_row,SELF_OR_POLICY_SCOPE,AUTHORIZED_OR_OTHER,AUTHORIZED_OR_OTHER,ACTIVE_OR_BOUNDARY,DENY,client role has no private-schema usage or table privilege,supabase/tests/17_actor_action_resource_matrix.sql#RLS-T04-SERVER-ONLY,Direct database decision; role labels never come from user metadata
RLS-T04-SERVER-ONLY,student,synthetic_student_a,unimind_private.job_dependencies,DELETE,synthetic_resource_row,SELF_OR_POLICY_SCOPE,AUTHORIZED_OR_OTHER,AUTHORIZED_OR_OTHER,ACTIVE_OR_BOUNDARY,DENY,client role has no private-schema usage or table privilege,supabase/tests/17_actor_action_resource_matrix.sql#RLS-T04-SERVER-ONLY,Direct database decision; role labels never come from user metadata
RLS-T04-SERVER-ONLY,batch_leader,synthetic_batch_leader_assignment,unimind_private.job_dependencies,READ,synthetic_resource_row,SELF_OR_POLICY_SCOPE,AUTHORIZED_OR_OTHER,AUTHORIZED_OR_OTHER,ACTIVE_OR_BOUNDARY,DENY,client role has no private-schema usage or table privilege,supabase/tests/17_actor_action_resource_matrix.sql#RLS-T04-SERVER-ONLY,Direct database decision; role labels never come from user metadata
RLS-T04-SERVER-ONLY,batch_leader,synthetic_batch_leader_assignment,unimind_private.job_dependencies,CREATE,synthetic_resource_row,SELF_OR_POLICY_SCOPE,AUTHORIZED_OR_OTHER,AUTHORIZED_OR_OTHER,ACTIVE_OR_BOUNDARY,DENY,client role has no private-schema usage or table privilege,supabase/tests/17_actor_action_resource_matrix.sql#RLS-T04-SERVER-ONLY,Direct database decision; role labels never come from user metadata
RLS-T04-SERVER-ONLY,batch_leader,synthetic_batch_leader_assignment,unimind_private.job_dependencies,UPDATE,synthetic_resource_row,SELF_OR_POLICY_SCOPE,AUTHORIZED_OR_OTHER,AUTHORIZED_OR_OTHER,ACTIVE_OR_BOUNDARY,DENY,client role has no private-schema usage or table privilege,supabase/tests/17_actor_action_resource_matrix.sql#RLS-T04-SERVER-ONLY,Direct database decision; role labels never come from user metadata
RLS-T04-SERVER-ONLY,batch_leader,synthetic_batch_leader_assignment,unimind_private.job_dependencies,DELETE,synthetic_resource_row,SELF_OR_POLICY_SCOPE,AUTHORIZED_OR_OTHER,AUTHORIZED_OR_OTHER,ACTIVE_OR_BOUNDARY,DENY,client role has no private-schema usage or table privilege,supabase/tests/17_actor_action_resource_matrix.sql#RLS-T04-SERVER-ONLY,Direct database decision; role labels never come from user metadata
RLS-T04-SERVER-ONLY,admin,synthetic_admin,unimind_private.job_dependencies,READ,synthetic_resource_row,SELF_OR_POLICY_SCOPE,AUTHORIZED_OR_OTHER,AUTHORIZED_OR_OTHER,ACTIVE_OR_BOUNDARY,DENY,client role has no private-schema usage or table privilege,supabase/tests/17_actor_action_resource_matrix.sql#RLS-T04-SERVER-ONLY,Direct database decision; role labels never come from user metadata
RLS-T04-SERVER-ONLY,admin,synthetic_admin,unimind_private.job_dependencies,CREATE,synthetic_resource_row,SELF_OR_POLICY_SCOPE,AUTHORIZED_OR_OTHER,AUTHORIZED_OR_OTHER,ACTIVE_OR_BOUNDARY,DENY,client role has no private-schema usage or table privilege,supabase/tests/17_actor_action_resource_matrix.sql#RLS-T04-SERVER-ONLY,Direct database decision; role labels never come from user metadata
RLS-T04-SERVER-ONLY,admin,synthetic_admin,unimind_private.job_dependencies,UPDATE,synthetic_resource_row,SELF_OR_POLICY_SCOPE,AUTHORIZED_OR_OTHER,AUTHORIZED_OR_OTHER,ACTIVE_OR_BOUNDARY,DENY,client role has no private-schema usage or table privilege,supabase/tests/17_actor_action_resource_matrix.sql#RLS-T04-SERVER-ONLY,Direct database decision; role labels never come from user metadata
RLS-T04-SERVER-ONLY,admin,synthetic_admin,unimind_private.job_dependencies,DELETE,synthetic_resource_row,SELF_OR_POLICY_SCOPE,AUTHORIZED_OR_OTHER,AUTHORIZED_OR_OTHER,ACTIVE_OR_BOUNDARY,DENY,client role has no private-schema usage or table privilege,supabase/tests/17_actor_action_resource_matrix.sql#RLS-T04-SERVER-ONLY,Direct database decision; role labels never come from user metadata
RLS-T04-SERVER-ONLY,worker,trusted_worker_runtime,unimind_private.job_dependencies,READ,synthetic_resource_row,SELF_OR_POLICY_SCOPE,AUTHORIZED_OR_OTHER,AUTHORIZED_OR_OTHER,ACTIVE_OR_BOUNDARY,SERVER_ONLY,trusted runtime with server-held credential and explicit object privilege,supabase/tests/17_actor_action_resource_matrix.sql#RLS-T04-SERVER-ONLY,Direct database decision; role labels never come from user metadata
RLS-T04-SERVER-ONLY,worker,trusted_worker_runtime,unimind_private.job_dependencies,CREATE,synthetic_resource_row,SELF_OR_POLICY_SCOPE,AUTHORIZED_OR_OTHER,AUTHORIZED_OR_OTHER,ACTIVE_OR_BOUNDARY,SERVER_ONLY,trusted runtime with server-held credential and explicit object privilege,supabase/tests/17_actor_action_resource_matrix.sql#RLS-T04-SERVER-ONLY,Direct database decision; role labels never come from user metadata
RLS-T04-SERVER-ONLY,worker,trusted_worker_runtime,unimind_private.job_dependencies,UPDATE,synthetic_resource_row,SELF_OR_POLICY_SCOPE,AUTHORIZED_OR_OTHER,AUTHORIZED_OR_OTHER,ACTIVE_OR_BOUNDARY,SERVER_ONLY,trusted runtime with server-held credential and explicit object privilege,supabase/tests/17_actor_action_resource_matrix.sql#RLS-T04-SERVER-ONLY,Direct database decision; role labels never come from user metadata
RLS-T04-SERVER-ONLY,worker,trusted_worker_runtime,unimind_private.job_dependencies,DELETE,synthetic_resource_row,SELF_OR_POLICY_SCOPE,AUTHORIZED_OR_OTHER,AUTHORIZED_OR_OTHER,ACTIVE_OR_BOUNDARY,SERVER_ONLY,trusted runtime with server-held credential and explicit object privilege,supabase/tests/17_actor_action_resource_matrix.sql#RLS-T04-SERVER-ONLY,Direct database decision; role labels never come from user metadata
RLS-T04-SERVER-ONLY,service_role,trusted_service_runtime,unimind_private.job_dependencies,READ,synthetic_resource_row,SELF_OR_POLICY_SCOPE,AUTHORIZED_OR_OTHER,AUTHORIZED_OR_OTHER,ACTIVE_OR_BOUNDARY,SERVER_ONLY,trusted runtime with server-held credential and explicit object privilege,supabase/tests/17_actor_action_resource_matrix.sql#RLS-T04-SERVER-ONLY,Direct database decision; role labels never come from user metadata
RLS-T04-SERVER-ONLY,service_role,trusted_service_runtime,unimind_private.job_dependencies,CREATE,synthetic_resource_row,SELF_OR_POLICY_SCOPE,AUTHORIZED_OR_OTHER,AUTHORIZED_OR_OTHER,ACTIVE_OR_BOUNDARY,SERVER_ONLY,trusted runtime with server-held credential and explicit object privilege,supabase/tests/17_actor_action_resource_matrix.sql#RLS-T04-SERVER-ONLY,Direct database decision; role labels never come from user metadata
RLS-T04-SERVER-ONLY,service_role,trusted_service_runtime,unimind_private.job_dependencies,UPDATE,synthetic_resource_row,SELF_OR_POLICY_SCOPE,AUTHORIZED_OR_OTHER,AUTHORIZED_OR_OTHER,ACTIVE_OR_BOUNDARY,SERVER_ONLY,trusted runtime with server-held credential and explicit object privilege,supabase/tests/17_actor_action_resource_matrix.sql#RLS-T04-SERVER-ONLY,Direct database decision; role labels never come from user metadata
RLS-T04-SERVER-ONLY,service_role,trusted_service_runtime,unimind_private.job_dependencies,DELETE,synthetic_resource_row,SELF_OR_POLICY_SCOPE,AUTHORIZED_OR_OTHER,AUTHORIZED_OR_OTHER,ACTIVE_OR_BOUNDARY,SERVER_ONLY,trusted runtime with server-held credential and explicit object privilege,supabase/tests/17_actor_action_resource_matrix.sql#RLS-T04-SERVER-ONLY,Direct database decision; role labels never come from user metadata
RLS-T04-ANON-DENY,anon,anonymous_session,unimind_private.processed_documents,READ,synthetic_resource_row,SELF_OR_POLICY_SCOPE,AUTHORIZED_OR_OTHER,AUTHORIZED_OR_OTHER,ACTIVE_OR_BOUNDARY,DENY,anon has no table grants,supabase/tests/17_actor_action_resource_matrix.sql#RLS-T04-ANON-DENY,Direct database decision; role labels never come from user metadata
RLS-T04-ANON-DENY,anon,anonymous_session,unimind_private.processed_documents,CREATE,synthetic_resource_row,SELF_OR_POLICY_SCOPE,AUTHORIZED_OR_OTHER,AUTHORIZED_OR_OTHER,ACTIVE_OR_BOUNDARY,DENY,anon has no table grants,supabase/tests/17_actor_action_resource_matrix.sql#RLS-T04-ANON-DENY,Direct database decision; role labels never come from user metadata
RLS-T04-ANON-DENY,anon,anonymous_session,unimind_private.processed_documents,UPDATE,synthetic_resource_row,SELF_OR_POLICY_SCOPE,AUTHORIZED_OR_OTHER,AUTHORIZED_OR_OTHER,ACTIVE_OR_BOUNDARY,DENY,anon has no table grants,supabase/tests/17_actor_action_resource_matrix.sql#RLS-T04-ANON-DENY,Direct database decision; role labels never come from user metadata
RLS-T04-ANON-DENY,anon,anonymous_session,unimind_private.processed_documents,DELETE,synthetic_resource_row,SELF_OR_POLICY_SCOPE,AUTHORIZED_OR_OTHER,AUTHORIZED_OR_OTHER,ACTIVE_OR_BOUNDARY,DENY,anon has no table grants,supabase/tests/17_actor_action_resource_matrix.sql#RLS-T04-ANON-DENY,Direct database decision; role labels never come from user metadata
RLS-T04-SERVER-ONLY,student,synthetic_student_a,unimind_private.processed_documents,READ,synthetic_resource_row,SELF_OR_POLICY_SCOPE,AUTHORIZED_OR_OTHER,AUTHORIZED_OR_OTHER,ACTIVE_OR_BOUNDARY,DENY,client role has no private-schema usage or table privilege,supabase/tests/17_actor_action_resource_matrix.sql#RLS-T04-SERVER-ONLY,Direct database decision; role labels never come from user metadata
RLS-T04-SERVER-ONLY,student,synthetic_student_a,unimind_private.processed_documents,CREATE,synthetic_resource_row,SELF_OR_POLICY_SCOPE,AUTHORIZED_OR_OTHER,AUTHORIZED_OR_OTHER,ACTIVE_OR_BOUNDARY,DENY,client role has no private-schema usage or table privilege,supabase/tests/17_actor_action_resource_matrix.sql#RLS-T04-SERVER-ONLY,Direct database decision; role labels never come from user metadata
RLS-T04-SERVER-ONLY,student,synthetic_student_a,unimind_private.processed_documents,UPDATE,synthetic_resource_row,SELF_OR_POLICY_SCOPE,AUTHORIZED_OR_OTHER,AUTHORIZED_OR_OTHER,ACTIVE_OR_BOUNDARY,DENY,client role has no private-schema usage or table privilege,supabase/tests/17_actor_action_resource_matrix.sql#RLS-T04-SERVER-ONLY,Direct database decision; role labels never come from user metadata
RLS-T04-SERVER-ONLY,student,synthetic_student_a,unimind_private.processed_documents,DELETE,synthetic_resource_row,SELF_OR_POLICY_SCOPE,AUTHORIZED_OR_OTHER,AUTHORIZED_OR_OTHER,ACTIVE_OR_BOUNDARY,DENY,client role has no private-schema usage or table privilege,supabase/tests/17_actor_action_resource_matrix.sql#RLS-T04-SERVER-ONLY,Direct database decision; role labels never come from user metadata
RLS-T04-SERVER-ONLY,batch_leader,synthetic_batch_leader_assignment,unimind_private.processed_documents,READ,synthetic_resource_row,SELF_OR_POLICY_SCOPE,AUTHORIZED_OR_OTHER,AUTHORIZED_OR_OTHER,ACTIVE_OR_BOUNDARY,DENY,client role has no private-schema usage or table privilege,supabase/tests/17_actor_action_resource_matrix.sql#RLS-T04-SERVER-ONLY,Direct database decision; role labels never come from user metadata
RLS-T04-SERVER-ONLY,batch_leader,synthetic_batch_leader_assignment,unimind_private.processed_documents,CREATE,synthetic_resource_row,SELF_OR_POLICY_SCOPE,AUTHORIZED_OR_OTHER,AUTHORIZED_OR_OTHER,ACTIVE_OR_BOUNDARY,DENY,client role has no private-schema usage or table privilege,supabase/tests/17_actor_action_resource_matrix.sql#RLS-T04-SERVER-ONLY,Direct database decision; role labels never come from user metadata
RLS-T04-SERVER-ONLY,batch_leader,synthetic_batch_leader_assignment,unimind_private.processed_documents,UPDATE,synthetic_resource_row,SELF_OR_POLICY_SCOPE,AUTHORIZED_OR_OTHER,AUTHORIZED_OR_OTHER,ACTIVE_OR_BOUNDARY,DENY,client role has no private-schema usage or table privilege,supabase/tests/17_actor_action_resource_matrix.sql#RLS-T04-SERVER-ONLY,Direct database decision; role labels never come from user metadata
RLS-T04-SERVER-ONLY,batch_leader,synthetic_batch_leader_assignment,unimind_private.processed_documents,DELETE,synthetic_resource_row,SELF_OR_POLICY_SCOPE,AUTHORIZED_OR_OTHER,AUTHORIZED_OR_OTHER,ACTIVE_OR_BOUNDARY,DENY,client role has no private-schema usage or table privilege,supabase/tests/17_actor_action_resource_matrix.sql#RLS-T04-SERVER-ONLY,Direct database decision; role labels never come from user metadata
RLS-T04-SERVER-ONLY,admin,synthetic_admin,unimind_private.processed_documents,READ,synthetic_resource_row,SELF_OR_POLICY_SCOPE,AUTHORIZED_OR_OTHER,AUTHORIZED_OR_OTHER,ACTIVE_OR_BOUNDARY,DENY,client role has no private-schema usage or table privilege,supabase/tests/17_actor_action_resource_matrix.sql#RLS-T04-SERVER-ONLY,Direct database decision; role labels never come from user metadata
RLS-T04-SERVER-ONLY,admin,synthetic_admin,unimind_private.processed_documents,CREATE,synthetic_resource_row,SELF_OR_POLICY_SCOPE,AUTHORIZED_OR_OTHER,AUTHORIZED_OR_OTHER,ACTIVE_OR_BOUNDARY,DENY,client role has no private-schema usage or table privilege,supabase/tests/17_actor_action_resource_matrix.sql#RLS-T04-SERVER-ONLY,Direct database decision; role labels never come from user metadata
RLS-T04-SERVER-ONLY,admin,synthetic_admin,unimind_private.processed_documents,UPDATE,synthetic_resource_row,SELF_OR_POLICY_SCOPE,AUTHORIZED_OR_OTHER,AUTHORIZED_OR_OTHER,ACTIVE_OR_BOUNDARY,DENY,client role has no private-schema usage or table privilege,supabase/tests/17_actor_action_resource_matrix.sql#RLS-T04-SERVER-ONLY,Direct database decision; role labels never come from user metadata
RLS-T04-SERVER-ONLY,admin,synthetic_admin,unimind_private.processed_documents,DELETE,synthetic_resource_row,SELF_OR_POLICY_SCOPE,AUTHORIZED_OR_OTHER,AUTHORIZED_OR_OTHER,ACTIVE_OR_BOUNDARY,DENY,client role has no private-schema usage or table privilege,supabase/tests/17_actor_action_resource_matrix.sql#RLS-T04-SERVER-ONLY,Direct database decision; role labels never come from user metadata
RLS-T04-SERVER-ONLY,worker,trusted_worker_runtime,unimind_private.processed_documents,READ,synthetic_resource_row,SELF_OR_POLICY_SCOPE,AUTHORIZED_OR_OTHER,AUTHORIZED_OR_OTHER,ACTIVE_OR_BOUNDARY,SERVER_ONLY,trusted runtime with server-held credential and explicit object privilege,supabase/tests/17_actor_action_resource_matrix.sql#RLS-T04-SERVER-ONLY,Direct database decision; role labels never come from user metadata
RLS-T04-SERVER-ONLY,worker,trusted_worker_runtime,unimind_private.processed_documents,CREATE,synthetic_resource_row,SELF_OR_POLICY_SCOPE,AUTHORIZED_OR_OTHER,AUTHORIZED_OR_OTHER,ACTIVE_OR_BOUNDARY,SERVER_ONLY,trusted runtime with server-held credential and explicit object privilege,supabase/tests/17_actor_action_resource_matrix.sql#RLS-T04-SERVER-ONLY,Direct database decision; role labels never come from user metadata
RLS-T04-SERVER-ONLY,worker,trusted_worker_runtime,unimind_private.processed_documents,UPDATE,synthetic_resource_row,SELF_OR_POLICY_SCOPE,AUTHORIZED_OR_OTHER,AUTHORIZED_OR_OTHER,ACTIVE_OR_BOUNDARY,SERVER_ONLY,trusted runtime with server-held credential and explicit object privilege,supabase/tests/17_actor_action_resource_matrix.sql#RLS-T04-SERVER-ONLY,Direct database decision; role labels never come from user metadata
RLS-T04-SERVER-ONLY,worker,trusted_worker_runtime,unimind_private.processed_documents,DELETE,synthetic_resource_row,SELF_OR_POLICY_SCOPE,AUTHORIZED_OR_OTHER,AUTHORIZED_OR_OTHER,ACTIVE_OR_BOUNDARY,SERVER_ONLY,trusted runtime with server-held credential and explicit object privilege,supabase/tests/17_actor_action_resource_matrix.sql#RLS-T04-SERVER-ONLY,Direct database decision; role labels never come from user metadata
RLS-T04-SERVER-ONLY,service_role,trusted_service_runtime,unimind_private.processed_documents,READ,synthetic_resource_row,SELF_OR_POLICY_SCOPE,AUTHORIZED_OR_OTHER,AUTHORIZED_OR_OTHER,ACTIVE_OR_BOUNDARY,SERVER_ONLY,trusted runtime with server-held credential and explicit object privilege,supabase/tests/17_actor_action_resource_matrix.sql#RLS-T04-SERVER-ONLY,Direct database decision; role labels never come from user metadata
RLS-T04-SERVER-ONLY,service_role,trusted_service_runtime,unimind_private.processed_documents,CREATE,synthetic_resource_row,SELF_OR_POLICY_SCOPE,AUTHORIZED_OR_OTHER,AUTHORIZED_OR_OTHER,ACTIVE_OR_BOUNDARY,SERVER_ONLY,trusted runtime with server-held credential and explicit object privilege,supabase/tests/17_actor_action_resource_matrix.sql#RLS-T04-SERVER-ONLY,Direct database decision; role labels never come from user metadata
RLS-T04-SERVER-ONLY,service_role,trusted_service_runtime,unimind_private.processed_documents,UPDATE,synthetic_resource_row,SELF_OR_POLICY_SCOPE,AUTHORIZED_OR_OTHER,AUTHORIZED_OR_OTHER,ACTIVE_OR_BOUNDARY,SERVER_ONLY,trusted runtime with server-held credential and explicit object privilege,supabase/tests/17_actor_action_resource_matrix.sql#RLS-T04-SERVER-ONLY,Direct database decision; role labels never come from user metadata
RLS-T04-SERVER-ONLY,service_role,trusted_service_runtime,unimind_private.processed_documents,DELETE,synthetic_resource_row,SELF_OR_POLICY_SCOPE,AUTHORIZED_OR_OTHER,AUTHORIZED_OR_OTHER,ACTIVE_OR_BOUNDARY,SERVER_ONLY,trusted runtime with server-held credential and explicit object privilege,supabase/tests/17_actor_action_resource_matrix.sql#RLS-T04-SERVER-ONLY,Direct database decision; role labels never come from user metadata
RLS-T04-ANON-DENY,anon,anonymous_session,unimind_private.processing_jobs,READ,synthetic_resource_row,SELF_OR_POLICY_SCOPE,AUTHORIZED_OR_OTHER,AUTHORIZED_OR_OTHER,ACTIVE_OR_BOUNDARY,DENY,anon has no table grants,supabase/tests/17_actor_action_resource_matrix.sql#RLS-T04-ANON-DENY,Direct database decision; role labels never come from user metadata
RLS-T04-ANON-DENY,anon,anonymous_session,unimind_private.processing_jobs,CREATE,synthetic_resource_row,SELF_OR_POLICY_SCOPE,AUTHORIZED_OR_OTHER,AUTHORIZED_OR_OTHER,ACTIVE_OR_BOUNDARY,DENY,anon has no table grants,supabase/tests/17_actor_action_resource_matrix.sql#RLS-T04-ANON-DENY,Direct database decision; role labels never come from user metadata
RLS-T04-ANON-DENY,anon,anonymous_session,unimind_private.processing_jobs,UPDATE,synthetic_resource_row,SELF_OR_POLICY_SCOPE,AUTHORIZED_OR_OTHER,AUTHORIZED_OR_OTHER,ACTIVE_OR_BOUNDARY,DENY,anon has no table grants,supabase/tests/17_actor_action_resource_matrix.sql#RLS-T04-ANON-DENY,Direct database decision; role labels never come from user metadata
RLS-T04-ANON-DENY,anon,anonymous_session,unimind_private.processing_jobs,DELETE,synthetic_resource_row,SELF_OR_POLICY_SCOPE,AUTHORIZED_OR_OTHER,AUTHORIZED_OR_OTHER,ACTIVE_OR_BOUNDARY,DENY,anon has no table grants,supabase/tests/17_actor_action_resource_matrix.sql#RLS-T04-ANON-DENY,Direct database decision; role labels never come from user metadata
RLS-T04-SERVER-ONLY,student,synthetic_student_a,unimind_private.processing_jobs,READ,synthetic_resource_row,SELF_OR_POLICY_SCOPE,AUTHORIZED_OR_OTHER,AUTHORIZED_OR_OTHER,ACTIVE_OR_BOUNDARY,DENY,client role has no private-schema usage or table privilege,supabase/tests/17_actor_action_resource_matrix.sql#RLS-T04-SERVER-ONLY,Direct database decision; role labels never come from user metadata
RLS-T04-SERVER-ONLY,student,synthetic_student_a,unimind_private.processing_jobs,CREATE,synthetic_resource_row,SELF_OR_POLICY_SCOPE,AUTHORIZED_OR_OTHER,AUTHORIZED_OR_OTHER,ACTIVE_OR_BOUNDARY,DENY,client role has no private-schema usage or table privilege,supabase/tests/17_actor_action_resource_matrix.sql#RLS-T04-SERVER-ONLY,Direct database decision; role labels never come from user metadata
RLS-T04-SERVER-ONLY,student,synthetic_student_a,unimind_private.processing_jobs,UPDATE,synthetic_resource_row,SELF_OR_POLICY_SCOPE,AUTHORIZED_OR_OTHER,AUTHORIZED_OR_OTHER,ACTIVE_OR_BOUNDARY,DENY,client role has no private-schema usage or table privilege,supabase/tests/17_actor_action_resource_matrix.sql#RLS-T04-SERVER-ONLY,Direct database decision; role labels never come from user metadata
RLS-T04-SERVER-ONLY,student,synthetic_student_a,unimind_private.processing_jobs,DELETE,synthetic_resource_row,SELF_OR_POLICY_SCOPE,AUTHORIZED_OR_OTHER,AUTHORIZED_OR_OTHER,ACTIVE_OR_BOUNDARY,DENY,client role has no private-schema usage or table privilege,supabase/tests/17_actor_action_resource_matrix.sql#RLS-T04-SERVER-ONLY,Direct database decision; role labels never come from user metadata
RLS-T04-SERVER-ONLY,batch_leader,synthetic_batch_leader_assignment,unimind_private.processing_jobs,READ,synthetic_resource_row,SELF_OR_POLICY_SCOPE,AUTHORIZED_OR_OTHER,AUTHORIZED_OR_OTHER,ACTIVE_OR_BOUNDARY,DENY,client role has no private-schema usage or table privilege,supabase/tests/17_actor_action_resource_matrix.sql#RLS-T04-SERVER-ONLY,Direct database decision; role labels never come from user metadata
RLS-T04-SERVER-ONLY,batch_leader,synthetic_batch_leader_assignment,unimind_private.processing_jobs,CREATE,synthetic_resource_row,SELF_OR_POLICY_SCOPE,AUTHORIZED_OR_OTHER,AUTHORIZED_OR_OTHER,ACTIVE_OR_BOUNDARY,DENY,client role has no private-schema usage or table privilege,supabase/tests/17_actor_action_resource_matrix.sql#RLS-T04-SERVER-ONLY,Direct database decision; role labels never come from user metadata
RLS-T04-SERVER-ONLY,batch_leader,synthetic_batch_leader_assignment,unimind_private.processing_jobs,UPDATE,synthetic_resource_row,SELF_OR_POLICY_SCOPE,AUTHORIZED_OR_OTHER,AUTHORIZED_OR_OTHER,ACTIVE_OR_BOUNDARY,DENY,client role has no private-schema usage or table privilege,supabase/tests/17_actor_action_resource_matrix.sql#RLS-T04-SERVER-ONLY,Direct database decision; role labels never come from user metadata
RLS-T04-SERVER-ONLY,batch_leader,synthetic_batch_leader_assignment,unimind_private.processing_jobs,DELETE,synthetic_resource_row,SELF_OR_POLICY_SCOPE,AUTHORIZED_OR_OTHER,AUTHORIZED_OR_OTHER,ACTIVE_OR_BOUNDARY,DENY,client role has no private-schema usage or table privilege,supabase/tests/17_actor_action_resource_matrix.sql#RLS-T04-SERVER-ONLY,Direct database decision; role labels never come from user metadata
RLS-T04-SERVER-ONLY,admin,synthetic_admin,unimind_private.processing_jobs,READ,synthetic_resource_row,SELF_OR_POLICY_SCOPE,AUTHORIZED_OR_OTHER,AUTHORIZED_OR_OTHER,ACTIVE_OR_BOUNDARY,DENY,client role has no private-schema usage or table privilege,supabase/tests/17_actor_action_resource_matrix.sql#RLS-T04-SERVER-ONLY,Direct database decision; role labels never come from user metadata
RLS-T04-SERVER-ONLY,admin,synthetic_admin,unimind_private.processing_jobs,CREATE,synthetic_resource_row,SELF_OR_POLICY_SCOPE,AUTHORIZED_OR_OTHER,AUTHORIZED_OR_OTHER,ACTIVE_OR_BOUNDARY,DENY,client role has no private-schema usage or table privilege,supabase/tests/17_actor_action_resource_matrix.sql#RLS-T04-SERVER-ONLY,Direct database decision; role labels never come from user metadata
RLS-T04-SERVER-ONLY,admin,synthetic_admin,unimind_private.processing_jobs,UPDATE,synthetic_resource_row,SELF_OR_POLICY_SCOPE,AUTHORIZED_OR_OTHER,AUTHORIZED_OR_OTHER,ACTIVE_OR_BOUNDARY,DENY,client role has no private-schema usage or table privilege,supabase/tests/17_actor_action_resource_matrix.sql#RLS-T04-SERVER-ONLY,Direct database decision; role labels never come from user metadata
RLS-T04-SERVER-ONLY,admin,synthetic_admin,unimind_private.processing_jobs,DELETE,synthetic_resource_row,SELF_OR_POLICY_SCOPE,AUTHORIZED_OR_OTHER,AUTHORIZED_OR_OTHER,ACTIVE_OR_BOUNDARY,DENY,client role has no private-schema usage or table privilege,supabase/tests/17_actor_action_resource_matrix.sql#RLS-T04-SERVER-ONLY,Direct database decision; role labels never come from user metadata
RLS-T04-SERVER-ONLY,worker,trusted_worker_runtime,unimind_private.processing_jobs,READ,synthetic_resource_row,SELF_OR_POLICY_SCOPE,AUTHORIZED_OR_OTHER,AUTHORIZED_OR_OTHER,ACTIVE_OR_BOUNDARY,SERVER_ONLY,trusted runtime with server-held credential and explicit object privilege,supabase/tests/17_actor_action_resource_matrix.sql#RLS-T04-SERVER-ONLY,Direct database decision; role labels never come from user metadata
RLS-T04-SERVER-ONLY,worker,trusted_worker_runtime,unimind_private.processing_jobs,CREATE,synthetic_resource_row,SELF_OR_POLICY_SCOPE,AUTHORIZED_OR_OTHER,AUTHORIZED_OR_OTHER,ACTIVE_OR_BOUNDARY,SERVER_ONLY,trusted runtime with server-held credential and explicit object privilege,supabase/tests/17_actor_action_resource_matrix.sql#RLS-T04-SERVER-ONLY,Direct database decision; role labels never come from user metadata
RLS-T04-SERVER-ONLY,worker,trusted_worker_runtime,unimind_private.processing_jobs,UPDATE,synthetic_resource_row,SELF_OR_POLICY_SCOPE,AUTHORIZED_OR_OTHER,AUTHORIZED_OR_OTHER,ACTIVE_OR_BOUNDARY,SERVER_ONLY,trusted runtime with server-held credential and explicit object privilege,supabase/tests/17_actor_action_resource_matrix.sql#RLS-T04-SERVER-ONLY,Direct database decision; role labels never come from user metadata
RLS-T04-SERVER-ONLY,worker,trusted_worker_runtime,unimind_private.processing_jobs,DELETE,synthetic_resource_row,SELF_OR_POLICY_SCOPE,AUTHORIZED_OR_OTHER,AUTHORIZED_OR_OTHER,ACTIVE_OR_BOUNDARY,SERVER_ONLY,trusted runtime with server-held credential and explicit object privilege,supabase/tests/17_actor_action_resource_matrix.sql#RLS-T04-SERVER-ONLY,Direct database decision; role labels never come from user metadata
RLS-T04-SERVER-ONLY,service_role,trusted_service_runtime,unimind_private.processing_jobs,READ,synthetic_resource_row,SELF_OR_POLICY_SCOPE,AUTHORIZED_OR_OTHER,AUTHORIZED_OR_OTHER,ACTIVE_OR_BOUNDARY,SERVER_ONLY,trusted runtime with server-held credential and explicit object privilege,supabase/tests/17_actor_action_resource_matrix.sql#RLS-T04-SERVER-ONLY,Direct database decision; role labels never come from user metadata
RLS-T04-SERVER-ONLY,service_role,trusted_service_runtime,unimind_private.processing_jobs,CREATE,synthetic_resource_row,SELF_OR_POLICY_SCOPE,AUTHORIZED_OR_OTHER,AUTHORIZED_OR_OTHER,ACTIVE_OR_BOUNDARY,SERVER_ONLY,trusted runtime with server-held credential and explicit object privilege,supabase/tests/17_actor_action_resource_matrix.sql#RLS-T04-SERVER-ONLY,Direct database decision; role labels never come from user metadata
RLS-T04-SERVER-ONLY,service_role,trusted_service_runtime,unimind_private.processing_jobs,UPDATE,synthetic_resource_row,SELF_OR_POLICY_SCOPE,AUTHORIZED_OR_OTHER,AUTHORIZED_OR_OTHER,ACTIVE_OR_BOUNDARY,SERVER_ONLY,trusted runtime with server-held credential and explicit object privilege,supabase/tests/17_actor_action_resource_matrix.sql#RLS-T04-SERVER-ONLY,Direct database decision; role labels never come from user metadata
RLS-T04-SERVER-ONLY,service_role,trusted_service_runtime,unimind_private.processing_jobs,DELETE,synthetic_resource_row,SELF_OR_POLICY_SCOPE,AUTHORIZED_OR_OTHER,AUTHORIZED_OR_OTHER,ACTIVE_OR_BOUNDARY,SERVER_ONLY,trusted runtime with server-held credential and explicit object privilege,supabase/tests/17_actor_action_resource_matrix.sql#RLS-T04-SERVER-ONLY,Direct database decision; role labels never come from user metadata
RLS-T04-ANON-DENY,anon,anonymous_session,unimind_private.processing_quality_reports,READ,synthetic_resource_row,SELF_OR_POLICY_SCOPE,AUTHORIZED_OR_OTHER,AUTHORIZED_OR_OTHER,ACTIVE_OR_BOUNDARY,DENY,anon has no table grants,supabase/tests/17_actor_action_resource_matrix.sql#RLS-T04-ANON-DENY,Direct database decision; role labels never come from user metadata
RLS-T04-ANON-DENY,anon,anonymous_session,unimind_private.processing_quality_reports,CREATE,synthetic_resource_row,SELF_OR_POLICY_SCOPE,AUTHORIZED_OR_OTHER,AUTHORIZED_OR_OTHER,ACTIVE_OR_BOUNDARY,DENY,anon has no table grants,supabase/tests/17_actor_action_resource_matrix.sql#RLS-T04-ANON-DENY,Direct database decision; role labels never come from user metadata
RLS-T04-ANON-DENY,anon,anonymous_session,unimind_private.processing_quality_reports,UPDATE,synthetic_resource_row,SELF_OR_POLICY_SCOPE,AUTHORIZED_OR_OTHER,AUTHORIZED_OR_OTHER,ACTIVE_OR_BOUNDARY,DENY,anon has no table grants,supabase/tests/17_actor_action_resource_matrix.sql#RLS-T04-ANON-DENY,Direct database decision; role labels never come from user metadata
RLS-T04-ANON-DENY,anon,anonymous_session,unimind_private.processing_quality_reports,DELETE,synthetic_resource_row,SELF_OR_POLICY_SCOPE,AUTHORIZED_OR_OTHER,AUTHORIZED_OR_OTHER,ACTIVE_OR_BOUNDARY,DENY,anon has no table grants,supabase/tests/17_actor_action_resource_matrix.sql#RLS-T04-ANON-DENY,Direct database decision; role labels never come from user metadata
RLS-T04-SERVER-ONLY,student,synthetic_student_a,unimind_private.processing_quality_reports,READ,synthetic_resource_row,SELF_OR_POLICY_SCOPE,AUTHORIZED_OR_OTHER,AUTHORIZED_OR_OTHER,ACTIVE_OR_BOUNDARY,DENY,client role has no private-schema usage or table privilege,supabase/tests/17_actor_action_resource_matrix.sql#RLS-T04-SERVER-ONLY,Direct database decision; role labels never come from user metadata
RLS-T04-SERVER-ONLY,student,synthetic_student_a,unimind_private.processing_quality_reports,CREATE,synthetic_resource_row,SELF_OR_POLICY_SCOPE,AUTHORIZED_OR_OTHER,AUTHORIZED_OR_OTHER,ACTIVE_OR_BOUNDARY,DENY,client role has no private-schema usage or table privilege,supabase/tests/17_actor_action_resource_matrix.sql#RLS-T04-SERVER-ONLY,Direct database decision; role labels never come from user metadata
RLS-T04-SERVER-ONLY,student,synthetic_student_a,unimind_private.processing_quality_reports,UPDATE,synthetic_resource_row,SELF_OR_POLICY_SCOPE,AUTHORIZED_OR_OTHER,AUTHORIZED_OR_OTHER,ACTIVE_OR_BOUNDARY,DENY,client role has no private-schema usage or table privilege,supabase/tests/17_actor_action_resource_matrix.sql#RLS-T04-SERVER-ONLY,Direct database decision; role labels never come from user metadata
RLS-T04-SERVER-ONLY,student,synthetic_student_a,unimind_private.processing_quality_reports,DELETE,synthetic_resource_row,SELF_OR_POLICY_SCOPE,AUTHORIZED_OR_OTHER,AUTHORIZED_OR_OTHER,ACTIVE_OR_BOUNDARY,DENY,client role has no private-schema usage or table privilege,supabase/tests/17_actor_action_resource_matrix.sql#RLS-T04-SERVER-ONLY,Direct database decision; role labels never come from user metadata
RLS-T04-SERVER-ONLY,batch_leader,synthetic_batch_leader_assignment,unimind_private.processing_quality_reports,READ,synthetic_resource_row,SELF_OR_POLICY_SCOPE,AUTHORIZED_OR_OTHER,AUTHORIZED_OR_OTHER,ACTIVE_OR_BOUNDARY,DENY,client role has no private-schema usage or table privilege,supabase/tests/17_actor_action_resource_matrix.sql#RLS-T04-SERVER-ONLY,Direct database decision; role labels never come from user metadata
RLS-T04-SERVER-ONLY,batch_leader,synthetic_batch_leader_assignment,unimind_private.processing_quality_reports,CREATE,synthetic_resource_row,SELF_OR_POLICY_SCOPE,AUTHORIZED_OR_OTHER,AUTHORIZED_OR_OTHER,ACTIVE_OR_BOUNDARY,DENY,client role has no private-schema usage or table privilege,supabase/tests/17_actor_action_resource_matrix.sql#RLS-T04-SERVER-ONLY,Direct database decision; role labels never come from user metadata
RLS-T04-SERVER-ONLY,batch_leader,synthetic_batch_leader_assignment,unimind_private.processing_quality_reports,UPDATE,synthetic_resource_row,SELF_OR_POLICY_SCOPE,AUTHORIZED_OR_OTHER,AUTHORIZED_OR_OTHER,ACTIVE_OR_BOUNDARY,DENY,client role has no private-schema usage or table privilege,supabase/tests/17_actor_action_resource_matrix.sql#RLS-T04-SERVER-ONLY,Direct database decision; role labels never come from user metadata
RLS-T04-SERVER-ONLY,batch_leader,synthetic_batch_leader_assignment,unimind_private.processing_quality_reports,DELETE,synthetic_resource_row,SELF_OR_POLICY_SCOPE,AUTHORIZED_OR_OTHER,AUTHORIZED_OR_OTHER,ACTIVE_OR_BOUNDARY,DENY,client role has no private-schema usage or table privilege,supabase/tests/17_actor_action_resource_matrix.sql#RLS-T04-SERVER-ONLY,Direct database decision; role labels never come from user metadata
RLS-T04-SERVER-ONLY,admin,synthetic_admin,unimind_private.processing_quality_reports,READ,synthetic_resource_row,SELF_OR_POLICY_SCOPE,AUTHORIZED_OR_OTHER,AUTHORIZED_OR_OTHER,ACTIVE_OR_BOUNDARY,DENY,client role has no private-schema usage or table privilege,supabase/tests/17_actor_action_resource_matrix.sql#RLS-T04-SERVER-ONLY,Direct database decision; role labels never come from user metadata
RLS-T04-SERVER-ONLY,admin,synthetic_admin,unimind_private.processing_quality_reports,CREATE,synthetic_resource_row,SELF_OR_POLICY_SCOPE,AUTHORIZED_OR_OTHER,AUTHORIZED_OR_OTHER,ACTIVE_OR_BOUNDARY,DENY,client role has no private-schema usage or table privilege,supabase/tests/17_actor_action_resource_matrix.sql#RLS-T04-SERVER-ONLY,Direct database decision; role labels never come from user metadata
RLS-T04-SERVER-ONLY,admin,synthetic_admin,unimind_private.processing_quality_reports,UPDATE,synthetic_resource_row,SELF_OR_POLICY_SCOPE,AUTHORIZED_OR_OTHER,AUTHORIZED_OR_OTHER,ACTIVE_OR_BOUNDARY,DENY,client role has no private-schema usage or table privilege,supabase/tests/17_actor_action_resource_matrix.sql#RLS-T04-SERVER-ONLY,Direct database decision; role labels never come from user metadata
RLS-T04-SERVER-ONLY,admin,synthetic_admin,unimind_private.processing_quality_reports,DELETE,synthetic_resource_row,SELF_OR_POLICY_SCOPE,AUTHORIZED_OR_OTHER,AUTHORIZED_OR_OTHER,ACTIVE_OR_BOUNDARY,DENY,client role has no private-schema usage or table privilege,supabase/tests/17_actor_action_resource_matrix.sql#RLS-T04-SERVER-ONLY,Direct database decision; role labels never come from user metadata
RLS-T04-SERVER-ONLY,worker,trusted_worker_runtime,unimind_private.processing_quality_reports,READ,synthetic_resource_row,SELF_OR_POLICY_SCOPE,AUTHORIZED_OR_OTHER,AUTHORIZED_OR_OTHER,ACTIVE_OR_BOUNDARY,SERVER_ONLY,trusted runtime with server-held credential and explicit object privilege,supabase/tests/17_actor_action_resource_matrix.sql#RLS-T04-SERVER-ONLY,Direct database decision; role labels never come from user metadata
RLS-T04-SERVER-ONLY,worker,trusted_worker_runtime,unimind_private.processing_quality_reports,CREATE,synthetic_resource_row,SELF_OR_POLICY_SCOPE,AUTHORIZED_OR_OTHER,AUTHORIZED_OR_OTHER,ACTIVE_OR_BOUNDARY,SERVER_ONLY,trusted runtime with server-held credential and explicit object privilege,supabase/tests/17_actor_action_resource_matrix.sql#RLS-T04-SERVER-ONLY,Direct database decision; role labels never come from user metadata
RLS-T04-SERVER-ONLY,worker,trusted_worker_runtime,unimind_private.processing_quality_reports,UPDATE,synthetic_resource_row,SELF_OR_POLICY_SCOPE,AUTHORIZED_OR_OTHER,AUTHORIZED_OR_OTHER,ACTIVE_OR_BOUNDARY,SERVER_ONLY,trusted runtime with server-held credential and explicit object privilege,supabase/tests/17_actor_action_resource_matrix.sql#RLS-T04-SERVER-ONLY,Direct database decision; role labels never come from user metadata
RLS-T04-SERVER-ONLY,worker,trusted_worker_runtime,unimind_private.processing_quality_reports,DELETE,synthetic_resource_row,SELF_OR_POLICY_SCOPE,AUTHORIZED_OR_OTHER,AUTHORIZED_OR_OTHER,ACTIVE_OR_BOUNDARY,SERVER_ONLY,trusted runtime with server-held credential and explicit object privilege,supabase/tests/17_actor_action_resource_matrix.sql#RLS-T04-SERVER-ONLY,Direct database decision; role labels never come from user metadata
RLS-T04-SERVER-ONLY,service_role,trusted_service_runtime,unimind_private.processing_quality_reports,READ,synthetic_resource_row,SELF_OR_POLICY_SCOPE,AUTHORIZED_OR_OTHER,AUTHORIZED_OR_OTHER,ACTIVE_OR_BOUNDARY,SERVER_ONLY,trusted runtime with server-held credential and explicit object privilege,supabase/tests/17_actor_action_resource_matrix.sql#RLS-T04-SERVER-ONLY,Direct database decision; role labels never come from user metadata
RLS-T04-SERVER-ONLY,service_role,trusted_service_runtime,unimind_private.processing_quality_reports,CREATE,synthetic_resource_row,SELF_OR_POLICY_SCOPE,AUTHORIZED_OR_OTHER,AUTHORIZED_OR_OTHER,ACTIVE_OR_BOUNDARY,SERVER_ONLY,trusted runtime with server-held credential and explicit object privilege,supabase/tests/17_actor_action_resource_matrix.sql#RLS-T04-SERVER-ONLY,Direct database decision; role labels never come from user metadata
RLS-T04-SERVER-ONLY,service_role,trusted_service_runtime,unimind_private.processing_quality_reports,UPDATE,synthetic_resource_row,SELF_OR_POLICY_SCOPE,AUTHORIZED_OR_OTHER,AUTHORIZED_OR_OTHER,ACTIVE_OR_BOUNDARY,SERVER_ONLY,trusted runtime with server-held credential and explicit object privilege,supabase/tests/17_actor_action_resource_matrix.sql#RLS-T04-SERVER-ONLY,Direct database decision; role labels never come from user metadata
RLS-T04-SERVER-ONLY,service_role,trusted_service_runtime,unimind_private.processing_quality_reports,DELETE,synthetic_resource_row,SELF_OR_POLICY_SCOPE,AUTHORIZED_OR_OTHER,AUTHORIZED_OR_OTHER,ACTIVE_OR_BOUNDARY,SERVER_ONLY,trusted runtime with server-held credential and explicit object privilege,supabase/tests/17_actor_action_resource_matrix.sql#RLS-T04-SERVER-ONLY,Direct database decision; role labels never come from user metadata
RLS-T04-ANON-DENY,anon,anonymous_session,unimind_private.provider_calls,READ,synthetic_resource_row,SELF_OR_POLICY_SCOPE,AUTHORIZED_OR_OTHER,AUTHORIZED_OR_OTHER,ACTIVE_OR_BOUNDARY,DENY,anon has no table grants,supabase/tests/17_actor_action_resource_matrix.sql#RLS-T04-ANON-DENY,Direct database decision; role labels never come from user metadata
RLS-T04-ANON-DENY,anon,anonymous_session,unimind_private.provider_calls,CREATE,synthetic_resource_row,SELF_OR_POLICY_SCOPE,AUTHORIZED_OR_OTHER,AUTHORIZED_OR_OTHER,ACTIVE_OR_BOUNDARY,DENY,anon has no table grants,supabase/tests/17_actor_action_resource_matrix.sql#RLS-T04-ANON-DENY,Direct database decision; role labels never come from user metadata
RLS-T04-ANON-DENY,anon,anonymous_session,unimind_private.provider_calls,UPDATE,synthetic_resource_row,SELF_OR_POLICY_SCOPE,AUTHORIZED_OR_OTHER,AUTHORIZED_OR_OTHER,ACTIVE_OR_BOUNDARY,DENY,anon has no table grants,supabase/tests/17_actor_action_resource_matrix.sql#RLS-T04-ANON-DENY,Direct database decision; role labels never come from user metadata
RLS-T04-ANON-DENY,anon,anonymous_session,unimind_private.provider_calls,DELETE,synthetic_resource_row,SELF_OR_POLICY_SCOPE,AUTHORIZED_OR_OTHER,AUTHORIZED_OR_OTHER,ACTIVE_OR_BOUNDARY,DENY,anon has no table grants,supabase/tests/17_actor_action_resource_matrix.sql#RLS-T04-ANON-DENY,Direct database decision; role labels never come from user metadata
RLS-T04-SERVER-ONLY,student,synthetic_student_a,unimind_private.provider_calls,READ,synthetic_resource_row,SELF_OR_POLICY_SCOPE,AUTHORIZED_OR_OTHER,AUTHORIZED_OR_OTHER,ACTIVE_OR_BOUNDARY,DENY,client role has no private-schema usage or table privilege,supabase/tests/17_actor_action_resource_matrix.sql#RLS-T04-SERVER-ONLY,Direct database decision; role labels never come from user metadata
RLS-T04-SERVER-ONLY,student,synthetic_student_a,unimind_private.provider_calls,CREATE,synthetic_resource_row,SELF_OR_POLICY_SCOPE,AUTHORIZED_OR_OTHER,AUTHORIZED_OR_OTHER,ACTIVE_OR_BOUNDARY,DENY,client role has no private-schema usage or table privilege,supabase/tests/17_actor_action_resource_matrix.sql#RLS-T04-SERVER-ONLY,Direct database decision; role labels never come from user metadata
RLS-T04-SERVER-ONLY,student,synthetic_student_a,unimind_private.provider_calls,UPDATE,synthetic_resource_row,SELF_OR_POLICY_SCOPE,AUTHORIZED_OR_OTHER,AUTHORIZED_OR_OTHER,ACTIVE_OR_BOUNDARY,DENY,client role has no private-schema usage or table privilege,supabase/tests/17_actor_action_resource_matrix.sql#RLS-T04-SERVER-ONLY,Direct database decision; role labels never come from user metadata
RLS-T04-SERVER-ONLY,student,synthetic_student_a,unimind_private.provider_calls,DELETE,synthetic_resource_row,SELF_OR_POLICY_SCOPE,AUTHORIZED_OR_OTHER,AUTHORIZED_OR_OTHER,ACTIVE_OR_BOUNDARY,DENY,client role has no private-schema usage or table privilege,supabase/tests/17_actor_action_resource_matrix.sql#RLS-T04-SERVER-ONLY,Direct database decision; role labels never come from user metadata
RLS-T04-SERVER-ONLY,batch_leader,synthetic_batch_leader_assignment,unimind_private.provider_calls,READ,synthetic_resource_row,SELF_OR_POLICY_SCOPE,AUTHORIZED_OR_OTHER,AUTHORIZED_OR_OTHER,ACTIVE_OR_BOUNDARY,DENY,client role has no private-schema usage or table privilege,supabase/tests/17_actor_action_resource_matrix.sql#RLS-T04-SERVER-ONLY,Direct database decision; role labels never come from user metadata
RLS-T04-SERVER-ONLY,batch_leader,synthetic_batch_leader_assignment,unimind_private.provider_calls,CREATE,synthetic_resource_row,SELF_OR_POLICY_SCOPE,AUTHORIZED_OR_OTHER,AUTHORIZED_OR_OTHER,ACTIVE_OR_BOUNDARY,DENY,client role has no private-schema usage or table privilege,supabase/tests/17_actor_action_resource_matrix.sql#RLS-T04-SERVER-ONLY,Direct database decision; role labels never come from user metadata
RLS-T04-SERVER-ONLY,batch_leader,synthetic_batch_leader_assignment,unimind_private.provider_calls,UPDATE,synthetic_resource_row,SELF_OR_POLICY_SCOPE,AUTHORIZED_OR_OTHER,AUTHORIZED_OR_OTHER,ACTIVE_OR_BOUNDARY,DENY,client role has no private-schema usage or table privilege,supabase/tests/17_actor_action_resource_matrix.sql#RLS-T04-SERVER-ONLY,Direct database decision; role labels never come from user metadata
RLS-T04-SERVER-ONLY,batch_leader,synthetic_batch_leader_assignment,unimind_private.provider_calls,DELETE,synthetic_resource_row,SELF_OR_POLICY_SCOPE,AUTHORIZED_OR_OTHER,AUTHORIZED_OR_OTHER,ACTIVE_OR_BOUNDARY,DENY,client role has no private-schema usage or table privilege,supabase/tests/17_actor_action_resource_matrix.sql#RLS-T04-SERVER-ONLY,Direct database decision; role labels never come from user metadata
RLS-T04-SERVER-ONLY,admin,synthetic_admin,unimind_private.provider_calls,READ,synthetic_resource_row,SELF_OR_POLICY_SCOPE,AUTHORIZED_OR_OTHER,AUTHORIZED_OR_OTHER,ACTIVE_OR_BOUNDARY,DENY,client role has no private-schema usage or table privilege,supabase/tests/17_actor_action_resource_matrix.sql#RLS-T04-SERVER-ONLY,Direct database decision; role labels never come from user metadata
RLS-T04-SERVER-ONLY,admin,synthetic_admin,unimind_private.provider_calls,CREATE,synthetic_resource_row,SELF_OR_POLICY_SCOPE,AUTHORIZED_OR_OTHER,AUTHORIZED_OR_OTHER,ACTIVE_OR_BOUNDARY,DENY,client role has no private-schema usage or table privilege,supabase/tests/17_actor_action_resource_matrix.sql#RLS-T04-SERVER-ONLY,Direct database decision; role labels never come from user metadata
RLS-T04-SERVER-ONLY,admin,synthetic_admin,unimind_private.provider_calls,UPDATE,synthetic_resource_row,SELF_OR_POLICY_SCOPE,AUTHORIZED_OR_OTHER,AUTHORIZED_OR_OTHER,ACTIVE_OR_BOUNDARY,DENY,client role has no private-schema usage or table privilege,supabase/tests/17_actor_action_resource_matrix.sql#RLS-T04-SERVER-ONLY,Direct database decision; role labels never come from user metadata
RLS-T04-SERVER-ONLY,admin,synthetic_admin,unimind_private.provider_calls,DELETE,synthetic_resource_row,SELF_OR_POLICY_SCOPE,AUTHORIZED_OR_OTHER,AUTHORIZED_OR_OTHER,ACTIVE_OR_BOUNDARY,DENY,client role has no private-schema usage or table privilege,supabase/tests/17_actor_action_resource_matrix.sql#RLS-T04-SERVER-ONLY,Direct database decision; role labels never come from user metadata
RLS-T04-SERVER-ONLY,worker,trusted_worker_runtime,unimind_private.provider_calls,READ,synthetic_resource_row,SELF_OR_POLICY_SCOPE,AUTHORIZED_OR_OTHER,AUTHORIZED_OR_OTHER,ACTIVE_OR_BOUNDARY,SERVER_ONLY,trusted runtime with server-held credential and explicit object privilege,supabase/tests/17_actor_action_resource_matrix.sql#RLS-T04-SERVER-ONLY,Direct database decision; role labels never come from user metadata
RLS-T04-SERVER-ONLY,worker,trusted_worker_runtime,unimind_private.provider_calls,CREATE,synthetic_resource_row,SELF_OR_POLICY_SCOPE,AUTHORIZED_OR_OTHER,AUTHORIZED_OR_OTHER,ACTIVE_OR_BOUNDARY,SERVER_ONLY,trusted runtime with server-held credential and explicit object privilege,supabase/tests/17_actor_action_resource_matrix.sql#RLS-T04-SERVER-ONLY,Direct database decision; role labels never come from user metadata
RLS-T04-SERVER-ONLY,worker,trusted_worker_runtime,unimind_private.provider_calls,UPDATE,synthetic_resource_row,SELF_OR_POLICY_SCOPE,AUTHORIZED_OR_OTHER,AUTHORIZED_OR_OTHER,ACTIVE_OR_BOUNDARY,SERVER_ONLY,trusted runtime with server-held credential and explicit object privilege,supabase/tests/17_actor_action_resource_matrix.sql#RLS-T04-SERVER-ONLY,Direct database decision; role labels never come from user metadata
RLS-T04-SERVER-ONLY,worker,trusted_worker_runtime,unimind_private.provider_calls,DELETE,synthetic_resource_row,SELF_OR_POLICY_SCOPE,AUTHORIZED_OR_OTHER,AUTHORIZED_OR_OTHER,ACTIVE_OR_BOUNDARY,SERVER_ONLY,trusted runtime with server-held credential and explicit object privilege,supabase/tests/17_actor_action_resource_matrix.sql#RLS-T04-SERVER-ONLY,Direct database decision; role labels never come from user metadata
RLS-T04-SERVER-ONLY,service_role,trusted_service_runtime,unimind_private.provider_calls,READ,synthetic_resource_row,SELF_OR_POLICY_SCOPE,AUTHORIZED_OR_OTHER,AUTHORIZED_OR_OTHER,ACTIVE_OR_BOUNDARY,SERVER_ONLY,trusted runtime with server-held credential and explicit object privilege,supabase/tests/17_actor_action_resource_matrix.sql#RLS-T04-SERVER-ONLY,Direct database decision; role labels never come from user metadata
RLS-T04-SERVER-ONLY,service_role,trusted_service_runtime,unimind_private.provider_calls,CREATE,synthetic_resource_row,SELF_OR_POLICY_SCOPE,AUTHORIZED_OR_OTHER,AUTHORIZED_OR_OTHER,ACTIVE_OR_BOUNDARY,SERVER_ONLY,trusted runtime with server-held credential and explicit object privilege,supabase/tests/17_actor_action_resource_matrix.sql#RLS-T04-SERVER-ONLY,Direct database decision; role labels never come from user metadata
RLS-T04-SERVER-ONLY,service_role,trusted_service_runtime,unimind_private.provider_calls,UPDATE,synthetic_resource_row,SELF_OR_POLICY_SCOPE,AUTHORIZED_OR_OTHER,AUTHORIZED_OR_OTHER,ACTIVE_OR_BOUNDARY,SERVER_ONLY,trusted runtime with server-held credential and explicit object privilege,supabase/tests/17_actor_action_resource_matrix.sql#RLS-T04-SERVER-ONLY,Direct database decision; role labels never come from user metadata
RLS-T04-SERVER-ONLY,service_role,trusted_service_runtime,unimind_private.provider_calls,DELETE,synthetic_resource_row,SELF_OR_POLICY_SCOPE,AUTHORIZED_OR_OTHER,AUTHORIZED_OR_OTHER,ACTIVE_OR_BOUNDARY,SERVER_ONLY,trusted runtime with server-held credential and explicit object privilege,supabase/tests/17_actor_action_resource_matrix.sql#RLS-T04-SERVER-ONLY,Direct database decision; role labels never come from user metadata
RLS-T04-ANON-DENY,anon,anonymous_session,unimind_private.quiz_answer_keys,READ,synthetic_resource_row,SELF_OR_POLICY_SCOPE,AUTHORIZED_OR_OTHER,AUTHORIZED_OR_OTHER,ACTIVE_OR_BOUNDARY,DENY,anon has no table grants,supabase/tests/17_actor_action_resource_matrix.sql#RLS-T04-ANON-DENY,Direct database decision; role labels never come from user metadata
RLS-T04-ANON-DENY,anon,anonymous_session,unimind_private.quiz_answer_keys,CREATE,synthetic_resource_row,SELF_OR_POLICY_SCOPE,AUTHORIZED_OR_OTHER,AUTHORIZED_OR_OTHER,ACTIVE_OR_BOUNDARY,DENY,anon has no table grants,supabase/tests/17_actor_action_resource_matrix.sql#RLS-T04-ANON-DENY,Direct database decision; role labels never come from user metadata
RLS-T04-ANON-DENY,anon,anonymous_session,unimind_private.quiz_answer_keys,UPDATE,synthetic_resource_row,SELF_OR_POLICY_SCOPE,AUTHORIZED_OR_OTHER,AUTHORIZED_OR_OTHER,ACTIVE_OR_BOUNDARY,DENY,anon has no table grants,supabase/tests/17_actor_action_resource_matrix.sql#RLS-T04-ANON-DENY,Direct database decision; role labels never come from user metadata
RLS-T04-ANON-DENY,anon,anonymous_session,unimind_private.quiz_answer_keys,DELETE,synthetic_resource_row,SELF_OR_POLICY_SCOPE,AUTHORIZED_OR_OTHER,AUTHORIZED_OR_OTHER,ACTIVE_OR_BOUNDARY,DENY,anon has no table grants,supabase/tests/17_actor_action_resource_matrix.sql#RLS-T04-ANON-DENY,Direct database decision; role labels never come from user metadata
RLS-T04-SERVER-ONLY,student,synthetic_student_a,unimind_private.quiz_answer_keys,READ,synthetic_resource_row,SELF_OR_POLICY_SCOPE,AUTHORIZED_OR_OTHER,AUTHORIZED_OR_OTHER,ACTIVE_OR_BOUNDARY,DENY,client role has no private-schema usage or table privilege,supabase/tests/17_actor_action_resource_matrix.sql#RLS-T04-SERVER-ONLY,Direct database decision; role labels never come from user metadata
RLS-T04-SERVER-ONLY,student,synthetic_student_a,unimind_private.quiz_answer_keys,CREATE,synthetic_resource_row,SELF_OR_POLICY_SCOPE,AUTHORIZED_OR_OTHER,AUTHORIZED_OR_OTHER,ACTIVE_OR_BOUNDARY,DENY,client role has no private-schema usage or table privilege,supabase/tests/17_actor_action_resource_matrix.sql#RLS-T04-SERVER-ONLY,Direct database decision; role labels never come from user metadata
RLS-T04-SERVER-ONLY,student,synthetic_student_a,unimind_private.quiz_answer_keys,UPDATE,synthetic_resource_row,SELF_OR_POLICY_SCOPE,AUTHORIZED_OR_OTHER,AUTHORIZED_OR_OTHER,ACTIVE_OR_BOUNDARY,DENY,client role has no private-schema usage or table privilege,supabase/tests/17_actor_action_resource_matrix.sql#RLS-T04-SERVER-ONLY,Direct database decision; role labels never come from user metadata
RLS-T04-SERVER-ONLY,student,synthetic_student_a,unimind_private.quiz_answer_keys,DELETE,synthetic_resource_row,SELF_OR_POLICY_SCOPE,AUTHORIZED_OR_OTHER,AUTHORIZED_OR_OTHER,ACTIVE_OR_BOUNDARY,DENY,client role has no private-schema usage or table privilege,supabase/tests/17_actor_action_resource_matrix.sql#RLS-T04-SERVER-ONLY,Direct database decision; role labels never come from user metadata
RLS-T04-SERVER-ONLY,batch_leader,synthetic_batch_leader_assignment,unimind_private.quiz_answer_keys,READ,synthetic_resource_row,SELF_OR_POLICY_SCOPE,AUTHORIZED_OR_OTHER,AUTHORIZED_OR_OTHER,ACTIVE_OR_BOUNDARY,DENY,client role has no private-schema usage or table privilege,supabase/tests/17_actor_action_resource_matrix.sql#RLS-T04-SERVER-ONLY,Direct database decision; role labels never come from user metadata
RLS-T04-SERVER-ONLY,batch_leader,synthetic_batch_leader_assignment,unimind_private.quiz_answer_keys,CREATE,synthetic_resource_row,SELF_OR_POLICY_SCOPE,AUTHORIZED_OR_OTHER,AUTHORIZED_OR_OTHER,ACTIVE_OR_BOUNDARY,DENY,client role has no private-schema usage or table privilege,supabase/tests/17_actor_action_resource_matrix.sql#RLS-T04-SERVER-ONLY,Direct database decision; role labels never come from user metadata
RLS-T04-SERVER-ONLY,batch_leader,synthetic_batch_leader_assignment,unimind_private.quiz_answer_keys,UPDATE,synthetic_resource_row,SELF_OR_POLICY_SCOPE,AUTHORIZED_OR_OTHER,AUTHORIZED_OR_OTHER,ACTIVE_OR_BOUNDARY,DENY,client role has no private-schema usage or table privilege,supabase/tests/17_actor_action_resource_matrix.sql#RLS-T04-SERVER-ONLY,Direct database decision; role labels never come from user metadata
RLS-T04-SERVER-ONLY,batch_leader,synthetic_batch_leader_assignment,unimind_private.quiz_answer_keys,DELETE,synthetic_resource_row,SELF_OR_POLICY_SCOPE,AUTHORIZED_OR_OTHER,AUTHORIZED_OR_OTHER,ACTIVE_OR_BOUNDARY,DENY,client role has no private-schema usage or table privilege,supabase/tests/17_actor_action_resource_matrix.sql#RLS-T04-SERVER-ONLY,Direct database decision; role labels never come from user metadata
RLS-T04-SERVER-ONLY,admin,synthetic_admin,unimind_private.quiz_answer_keys,READ,synthetic_resource_row,SELF_OR_POLICY_SCOPE,AUTHORIZED_OR_OTHER,AUTHORIZED_OR_OTHER,ACTIVE_OR_BOUNDARY,DENY,client role has no private-schema usage or table privilege,supabase/tests/17_actor_action_resource_matrix.sql#RLS-T04-SERVER-ONLY,Direct database decision; role labels never come from user metadata
RLS-T04-SERVER-ONLY,admin,synthetic_admin,unimind_private.quiz_answer_keys,CREATE,synthetic_resource_row,SELF_OR_POLICY_SCOPE,AUTHORIZED_OR_OTHER,AUTHORIZED_OR_OTHER,ACTIVE_OR_BOUNDARY,DENY,client role has no private-schema usage or table privilege,supabase/tests/17_actor_action_resource_matrix.sql#RLS-T04-SERVER-ONLY,Direct database decision; role labels never come from user metadata
RLS-T04-SERVER-ONLY,admin,synthetic_admin,unimind_private.quiz_answer_keys,UPDATE,synthetic_resource_row,SELF_OR_POLICY_SCOPE,AUTHORIZED_OR_OTHER,AUTHORIZED_OR_OTHER,ACTIVE_OR_BOUNDARY,DENY,client role has no private-schema usage or table privilege,supabase/tests/17_actor_action_resource_matrix.sql#RLS-T04-SERVER-ONLY,Direct database decision; role labels never come from user metadata
RLS-T04-SERVER-ONLY,admin,synthetic_admin,unimind_private.quiz_answer_keys,DELETE,synthetic_resource_row,SELF_OR_POLICY_SCOPE,AUTHORIZED_OR_OTHER,AUTHORIZED_OR_OTHER,ACTIVE_OR_BOUNDARY,DENY,client role has no private-schema usage or table privilege,supabase/tests/17_actor_action_resource_matrix.sql#RLS-T04-SERVER-ONLY,Direct database decision; role labels never come from user metadata
RLS-T04-SERVER-ONLY,worker,trusted_worker_runtime,unimind_private.quiz_answer_keys,READ,synthetic_resource_row,SELF_OR_POLICY_SCOPE,AUTHORIZED_OR_OTHER,AUTHORIZED_OR_OTHER,ACTIVE_OR_BOUNDARY,SERVER_ONLY,trusted runtime with server-held credential and explicit object privilege,supabase/tests/17_actor_action_resource_matrix.sql#RLS-T04-SERVER-ONLY,Direct database decision; role labels never come from user metadata
RLS-T04-SERVER-ONLY,worker,trusted_worker_runtime,unimind_private.quiz_answer_keys,CREATE,synthetic_resource_row,SELF_OR_POLICY_SCOPE,AUTHORIZED_OR_OTHER,AUTHORIZED_OR_OTHER,ACTIVE_OR_BOUNDARY,SERVER_ONLY,trusted runtime with server-held credential and explicit object privilege,supabase/tests/17_actor_action_resource_matrix.sql#RLS-T04-SERVER-ONLY,Direct database decision; role labels never come from user metadata
RLS-T04-SERVER-ONLY,worker,trusted_worker_runtime,unimind_private.quiz_answer_keys,UPDATE,synthetic_resource_row,SELF_OR_POLICY_SCOPE,AUTHORIZED_OR_OTHER,AUTHORIZED_OR_OTHER,ACTIVE_OR_BOUNDARY,SERVER_ONLY,trusted runtime with server-held credential and explicit object privilege,supabase/tests/17_actor_action_resource_matrix.sql#RLS-T04-SERVER-ONLY,Direct database decision; role labels never come from user metadata
RLS-T04-SERVER-ONLY,worker,trusted_worker_runtime,unimind_private.quiz_answer_keys,DELETE,synthetic_resource_row,SELF_OR_POLICY_SCOPE,AUTHORIZED_OR_OTHER,AUTHORIZED_OR_OTHER,ACTIVE_OR_BOUNDARY,SERVER_ONLY,trusted runtime with server-held credential and explicit object privilege,supabase/tests/17_actor_action_resource_matrix.sql#RLS-T04-SERVER-ONLY,Direct database decision; role labels never come from user metadata
RLS-T04-SERVER-ONLY,service_role,trusted_service_runtime,unimind_private.quiz_answer_keys,READ,synthetic_resource_row,SELF_OR_POLICY_SCOPE,AUTHORIZED_OR_OTHER,AUTHORIZED_OR_OTHER,ACTIVE_OR_BOUNDARY,SERVER_ONLY,trusted runtime with server-held credential and explicit object privilege,supabase/tests/17_actor_action_resource_matrix.sql#RLS-T04-SERVER-ONLY,Direct database decision; role labels never come from user metadata
RLS-T04-SERVER-ONLY,service_role,trusted_service_runtime,unimind_private.quiz_answer_keys,CREATE,synthetic_resource_row,SELF_OR_POLICY_SCOPE,AUTHORIZED_OR_OTHER,AUTHORIZED_OR_OTHER,ACTIVE_OR_BOUNDARY,SERVER_ONLY,trusted runtime with server-held credential and explicit object privilege,supabase/tests/17_actor_action_resource_matrix.sql#RLS-T04-SERVER-ONLY,Direct database decision; role labels never come from user metadata
RLS-T04-SERVER-ONLY,service_role,trusted_service_runtime,unimind_private.quiz_answer_keys,UPDATE,synthetic_resource_row,SELF_OR_POLICY_SCOPE,AUTHORIZED_OR_OTHER,AUTHORIZED_OR_OTHER,ACTIVE_OR_BOUNDARY,SERVER_ONLY,trusted runtime with server-held credential and explicit object privilege,supabase/tests/17_actor_action_resource_matrix.sql#RLS-T04-SERVER-ONLY,Direct database decision; role labels never come from user metadata
RLS-T04-SERVER-ONLY,service_role,trusted_service_runtime,unimind_private.quiz_answer_keys,DELETE,synthetic_resource_row,SELF_OR_POLICY_SCOPE,AUTHORIZED_OR_OTHER,AUTHORIZED_OR_OTHER,ACTIVE_OR_BOUNDARY,SERVER_ONLY,trusted runtime with server-held credential and explicit object privilege,supabase/tests/17_actor_action_resource_matrix.sql#RLS-T04-SERVER-ONLY,Direct database decision; role labels never come from user metadata
RLS-T04-ANON-DENY,anon,anonymous_session,unimind_private.rate_limit_buckets,READ,synthetic_resource_row,SELF_OR_POLICY_SCOPE,AUTHORIZED_OR_OTHER,AUTHORIZED_OR_OTHER,ACTIVE_OR_BOUNDARY,DENY,anon has no table grants,supabase/tests/17_actor_action_resource_matrix.sql#RLS-T04-ANON-DENY,Direct database decision; role labels never come from user metadata
RLS-T04-ANON-DENY,anon,anonymous_session,unimind_private.rate_limit_buckets,CREATE,synthetic_resource_row,SELF_OR_POLICY_SCOPE,AUTHORIZED_OR_OTHER,AUTHORIZED_OR_OTHER,ACTIVE_OR_BOUNDARY,DENY,anon has no table grants,supabase/tests/17_actor_action_resource_matrix.sql#RLS-T04-ANON-DENY,Direct database decision; role labels never come from user metadata
RLS-T04-ANON-DENY,anon,anonymous_session,unimind_private.rate_limit_buckets,UPDATE,synthetic_resource_row,SELF_OR_POLICY_SCOPE,AUTHORIZED_OR_OTHER,AUTHORIZED_OR_OTHER,ACTIVE_OR_BOUNDARY,DENY,anon has no table grants,supabase/tests/17_actor_action_resource_matrix.sql#RLS-T04-ANON-DENY,Direct database decision; role labels never come from user metadata
RLS-T04-ANON-DENY,anon,anonymous_session,unimind_private.rate_limit_buckets,DELETE,synthetic_resource_row,SELF_OR_POLICY_SCOPE,AUTHORIZED_OR_OTHER,AUTHORIZED_OR_OTHER,ACTIVE_OR_BOUNDARY,DENY,anon has no table grants,supabase/tests/17_actor_action_resource_matrix.sql#RLS-T04-ANON-DENY,Direct database decision; role labels never come from user metadata
RLS-T04-SERVER-ONLY,student,synthetic_student_a,unimind_private.rate_limit_buckets,READ,synthetic_resource_row,SELF_OR_POLICY_SCOPE,AUTHORIZED_OR_OTHER,AUTHORIZED_OR_OTHER,ACTIVE_OR_BOUNDARY,DENY,client role has no private-schema usage or table privilege,supabase/tests/17_actor_action_resource_matrix.sql#RLS-T04-SERVER-ONLY,Direct database decision; role labels never come from user metadata
RLS-T04-SERVER-ONLY,student,synthetic_student_a,unimind_private.rate_limit_buckets,CREATE,synthetic_resource_row,SELF_OR_POLICY_SCOPE,AUTHORIZED_OR_OTHER,AUTHORIZED_OR_OTHER,ACTIVE_OR_BOUNDARY,DENY,client role has no private-schema usage or table privilege,supabase/tests/17_actor_action_resource_matrix.sql#RLS-T04-SERVER-ONLY,Direct database decision; role labels never come from user metadata
RLS-T04-SERVER-ONLY,student,synthetic_student_a,unimind_private.rate_limit_buckets,UPDATE,synthetic_resource_row,SELF_OR_POLICY_SCOPE,AUTHORIZED_OR_OTHER,AUTHORIZED_OR_OTHER,ACTIVE_OR_BOUNDARY,DENY,client role has no private-schema usage or table privilege,supabase/tests/17_actor_action_resource_matrix.sql#RLS-T04-SERVER-ONLY,Direct database decision; role labels never come from user metadata
RLS-T04-SERVER-ONLY,student,synthetic_student_a,unimind_private.rate_limit_buckets,DELETE,synthetic_resource_row,SELF_OR_POLICY_SCOPE,AUTHORIZED_OR_OTHER,AUTHORIZED_OR_OTHER,ACTIVE_OR_BOUNDARY,DENY,client role has no private-schema usage or table privilege,supabase/tests/17_actor_action_resource_matrix.sql#RLS-T04-SERVER-ONLY,Direct database decision; role labels never come from user metadata
RLS-T04-SERVER-ONLY,batch_leader,synthetic_batch_leader_assignment,unimind_private.rate_limit_buckets,READ,synthetic_resource_row,SELF_OR_POLICY_SCOPE,AUTHORIZED_OR_OTHER,AUTHORIZED_OR_OTHER,ACTIVE_OR_BOUNDARY,DENY,client role has no private-schema usage or table privilege,supabase/tests/17_actor_action_resource_matrix.sql#RLS-T04-SERVER-ONLY,Direct database decision; role labels never come from user metadata
RLS-T04-SERVER-ONLY,batch_leader,synthetic_batch_leader_assignment,unimind_private.rate_limit_buckets,CREATE,synthetic_resource_row,SELF_OR_POLICY_SCOPE,AUTHORIZED_OR_OTHER,AUTHORIZED_OR_OTHER,ACTIVE_OR_BOUNDARY,DENY,client role has no private-schema usage or table privilege,supabase/tests/17_actor_action_resource_matrix.sql#RLS-T04-SERVER-ONLY,Direct database decision; role labels never come from user metadata
RLS-T04-SERVER-ONLY,batch_leader,synthetic_batch_leader_assignment,unimind_private.rate_limit_buckets,UPDATE,synthetic_resource_row,SELF_OR_POLICY_SCOPE,AUTHORIZED_OR_OTHER,AUTHORIZED_OR_OTHER,ACTIVE_OR_BOUNDARY,DENY,client role has no private-schema usage or table privilege,supabase/tests/17_actor_action_resource_matrix.sql#RLS-T04-SERVER-ONLY,Direct database decision; role labels never come from user metadata
RLS-T04-SERVER-ONLY,batch_leader,synthetic_batch_leader_assignment,unimind_private.rate_limit_buckets,DELETE,synthetic_resource_row,SELF_OR_POLICY_SCOPE,AUTHORIZED_OR_OTHER,AUTHORIZED_OR_OTHER,ACTIVE_OR_BOUNDARY,DENY,client role has no private-schema usage or table privilege,supabase/tests/17_actor_action_resource_matrix.sql#RLS-T04-SERVER-ONLY,Direct database decision; role labels never come from user metadata
RLS-T04-SERVER-ONLY,admin,synthetic_admin,unimind_private.rate_limit_buckets,READ,synthetic_resource_row,SELF_OR_POLICY_SCOPE,AUTHORIZED_OR_OTHER,AUTHORIZED_OR_OTHER,ACTIVE_OR_BOUNDARY,DENY,client role has no private-schema usage or table privilege,supabase/tests/17_actor_action_resource_matrix.sql#RLS-T04-SERVER-ONLY,Direct database decision; role labels never come from user metadata
RLS-T04-SERVER-ONLY,admin,synthetic_admin,unimind_private.rate_limit_buckets,CREATE,synthetic_resource_row,SELF_OR_POLICY_SCOPE,AUTHORIZED_OR_OTHER,AUTHORIZED_OR_OTHER,ACTIVE_OR_BOUNDARY,DENY,client role has no private-schema usage or table privilege,supabase/tests/17_actor_action_resource_matrix.sql#RLS-T04-SERVER-ONLY,Direct database decision; role labels never come from user metadata
RLS-T04-SERVER-ONLY,admin,synthetic_admin,unimind_private.rate_limit_buckets,UPDATE,synthetic_resource_row,SELF_OR_POLICY_SCOPE,AUTHORIZED_OR_OTHER,AUTHORIZED_OR_OTHER,ACTIVE_OR_BOUNDARY,DENY,client role has no private-schema usage or table privilege,supabase/tests/17_actor_action_resource_matrix.sql#RLS-T04-SERVER-ONLY,Direct database decision; role labels never come from user metadata
RLS-T04-SERVER-ONLY,admin,synthetic_admin,unimind_private.rate_limit_buckets,DELETE,synthetic_resource_row,SELF_OR_POLICY_SCOPE,AUTHORIZED_OR_OTHER,AUTHORIZED_OR_OTHER,ACTIVE_OR_BOUNDARY,DENY,client role has no private-schema usage or table privilege,supabase/tests/17_actor_action_resource_matrix.sql#RLS-T04-SERVER-ONLY,Direct database decision; role labels never come from user metadata
RLS-T04-SERVER-ONLY,worker,trusted_worker_runtime,unimind_private.rate_limit_buckets,READ,synthetic_resource_row,SELF_OR_POLICY_SCOPE,AUTHORIZED_OR_OTHER,AUTHORIZED_OR_OTHER,ACTIVE_OR_BOUNDARY,SERVER_ONLY,trusted runtime with server-held credential and explicit object privilege,supabase/tests/17_actor_action_resource_matrix.sql#RLS-T04-SERVER-ONLY,Direct database decision; role labels never come from user metadata
RLS-T04-SERVER-ONLY,worker,trusted_worker_runtime,unimind_private.rate_limit_buckets,CREATE,synthetic_resource_row,SELF_OR_POLICY_SCOPE,AUTHORIZED_OR_OTHER,AUTHORIZED_OR_OTHER,ACTIVE_OR_BOUNDARY,SERVER_ONLY,trusted runtime with server-held credential and explicit object privilege,supabase/tests/17_actor_action_resource_matrix.sql#RLS-T04-SERVER-ONLY,Direct database decision; role labels never come from user metadata
RLS-T04-SERVER-ONLY,worker,trusted_worker_runtime,unimind_private.rate_limit_buckets,UPDATE,synthetic_resource_row,SELF_OR_POLICY_SCOPE,AUTHORIZED_OR_OTHER,AUTHORIZED_OR_OTHER,ACTIVE_OR_BOUNDARY,SERVER_ONLY,trusted runtime with server-held credential and explicit object privilege,supabase/tests/17_actor_action_resource_matrix.sql#RLS-T04-SERVER-ONLY,Direct database decision; role labels never come from user metadata
RLS-T04-SERVER-ONLY,worker,trusted_worker_runtime,unimind_private.rate_limit_buckets,DELETE,synthetic_resource_row,SELF_OR_POLICY_SCOPE,AUTHORIZED_OR_OTHER,AUTHORIZED_OR_OTHER,ACTIVE_OR_BOUNDARY,SERVER_ONLY,trusted runtime with server-held credential and explicit object privilege,supabase/tests/17_actor_action_resource_matrix.sql#RLS-T04-SERVER-ONLY,Direct database decision; role labels never come from user metadata
RLS-T04-SERVER-ONLY,service_role,trusted_service_runtime,unimind_private.rate_limit_buckets,READ,synthetic_resource_row,SELF_OR_POLICY_SCOPE,AUTHORIZED_OR_OTHER,AUTHORIZED_OR_OTHER,ACTIVE_OR_BOUNDARY,SERVER_ONLY,trusted runtime with server-held credential and explicit object privilege,supabase/tests/17_actor_action_resource_matrix.sql#RLS-T04-SERVER-ONLY,Direct database decision; role labels never come from user metadata
RLS-T04-SERVER-ONLY,service_role,trusted_service_runtime,unimind_private.rate_limit_buckets,CREATE,synthetic_resource_row,SELF_OR_POLICY_SCOPE,AUTHORIZED_OR_OTHER,AUTHORIZED_OR_OTHER,ACTIVE_OR_BOUNDARY,SERVER_ONLY,trusted runtime with server-held credential and explicit object privilege,supabase/tests/17_actor_action_resource_matrix.sql#RLS-T04-SERVER-ONLY,Direct database decision; role labels never come from user metadata
RLS-T04-SERVER-ONLY,service_role,trusted_service_runtime,unimind_private.rate_limit_buckets,UPDATE,synthetic_resource_row,SELF_OR_POLICY_SCOPE,AUTHORIZED_OR_OTHER,AUTHORIZED_OR_OTHER,ACTIVE_OR_BOUNDARY,SERVER_ONLY,trusted runtime with server-held credential and explicit object privilege,supabase/tests/17_actor_action_resource_matrix.sql#RLS-T04-SERVER-ONLY,Direct database decision; role labels never come from user metadata
RLS-T04-SERVER-ONLY,service_role,trusted_service_runtime,unimind_private.rate_limit_buckets,DELETE,synthetic_resource_row,SELF_OR_POLICY_SCOPE,AUTHORIZED_OR_OTHER,AUTHORIZED_OR_OTHER,ACTIVE_OR_BOUNDARY,SERVER_ONLY,trusted runtime with server-held credential and explicit object privilege,supabase/tests/17_actor_action_resource_matrix.sql#RLS-T04-SERVER-ONLY,Direct database decision; role labels never come from user metadata
RLS-T04-ANON-DENY,anon,anonymous_session,unimind_private.raw_deletion_events,READ,synthetic_resource_row,SELF_OR_POLICY_SCOPE,AUTHORIZED_OR_OTHER,AUTHORIZED_OR_OTHER,ACTIVE_OR_BOUNDARY,DENY,anon has no table grants,supabase/tests/17_actor_action_resource_matrix.sql#RLS-T04-ANON-DENY,Direct database decision; role labels never come from user metadata
RLS-T04-ANON-DENY,anon,anonymous_session,unimind_private.raw_deletion_events,CREATE,synthetic_resource_row,SELF_OR_POLICY_SCOPE,AUTHORIZED_OR_OTHER,AUTHORIZED_OR_OTHER,ACTIVE_OR_BOUNDARY,DENY,anon has no table grants,supabase/tests/17_actor_action_resource_matrix.sql#RLS-T04-ANON-DENY,Direct database decision; role labels never come from user metadata
RLS-T04-ANON-DENY,anon,anonymous_session,unimind_private.raw_deletion_events,UPDATE,synthetic_resource_row,SELF_OR_POLICY_SCOPE,AUTHORIZED_OR_OTHER,AUTHORIZED_OR_OTHER,ACTIVE_OR_BOUNDARY,DENY,anon has no table grants,supabase/tests/17_actor_action_resource_matrix.sql#RLS-T04-ANON-DENY,Direct database decision; role labels never come from user metadata
RLS-T04-ANON-DENY,anon,anonymous_session,unimind_private.raw_deletion_events,DELETE,synthetic_resource_row,SELF_OR_POLICY_SCOPE,AUTHORIZED_OR_OTHER,AUTHORIZED_OR_OTHER,ACTIVE_OR_BOUNDARY,DENY,anon has no table grants,supabase/tests/17_actor_action_resource_matrix.sql#RLS-T04-ANON-DENY,Direct database decision; role labels never come from user metadata
RLS-T04-SERVER-ONLY,student,synthetic_student_a,unimind_private.raw_deletion_events,READ,synthetic_resource_row,SELF_OR_POLICY_SCOPE,AUTHORIZED_OR_OTHER,AUTHORIZED_OR_OTHER,ACTIVE_OR_BOUNDARY,DENY,client role has no private-schema usage or table privilege,supabase/tests/17_actor_action_resource_matrix.sql#RLS-T04-SERVER-ONLY,Direct database decision; role labels never come from user metadata
RLS-T04-SERVER-ONLY,student,synthetic_student_a,unimind_private.raw_deletion_events,CREATE,synthetic_resource_row,SELF_OR_POLICY_SCOPE,AUTHORIZED_OR_OTHER,AUTHORIZED_OR_OTHER,ACTIVE_OR_BOUNDARY,DENY,client role has no private-schema usage or table privilege,supabase/tests/17_actor_action_resource_matrix.sql#RLS-T04-SERVER-ONLY,Direct database decision; role labels never come from user metadata
RLS-T04-SERVER-ONLY,student,synthetic_student_a,unimind_private.raw_deletion_events,UPDATE,synthetic_resource_row,SELF_OR_POLICY_SCOPE,AUTHORIZED_OR_OTHER,AUTHORIZED_OR_OTHER,ACTIVE_OR_BOUNDARY,DENY,client role has no private-schema usage or table privilege,supabase/tests/17_actor_action_resource_matrix.sql#RLS-T04-SERVER-ONLY,Direct database decision; role labels never come from user metadata
RLS-T04-SERVER-ONLY,student,synthetic_student_a,unimind_private.raw_deletion_events,DELETE,synthetic_resource_row,SELF_OR_POLICY_SCOPE,AUTHORIZED_OR_OTHER,AUTHORIZED_OR_OTHER,ACTIVE_OR_BOUNDARY,DENY,client role has no private-schema usage or table privilege,supabase/tests/17_actor_action_resource_matrix.sql#RLS-T04-SERVER-ONLY,Direct database decision; role labels never come from user metadata
RLS-T04-SERVER-ONLY,batch_leader,synthetic_batch_leader_assignment,unimind_private.raw_deletion_events,READ,synthetic_resource_row,SELF_OR_POLICY_SCOPE,AUTHORIZED_OR_OTHER,AUTHORIZED_OR_OTHER,ACTIVE_OR_BOUNDARY,DENY,client role has no private-schema usage or table privilege,supabase/tests/17_actor_action_resource_matrix.sql#RLS-T04-SERVER-ONLY,Direct database decision; role labels never come from user metadata
RLS-T04-SERVER-ONLY,batch_leader,synthetic_batch_leader_assignment,unimind_private.raw_deletion_events,CREATE,synthetic_resource_row,SELF_OR_POLICY_SCOPE,AUTHORIZED_OR_OTHER,AUTHORIZED_OR_OTHER,ACTIVE_OR_BOUNDARY,DENY,client role has no private-schema usage or table privilege,supabase/tests/17_actor_action_resource_matrix.sql#RLS-T04-SERVER-ONLY,Direct database decision; role labels never come from user metadata
RLS-T04-SERVER-ONLY,batch_leader,synthetic_batch_leader_assignment,unimind_private.raw_deletion_events,UPDATE,synthetic_resource_row,SELF_OR_POLICY_SCOPE,AUTHORIZED_OR_OTHER,AUTHORIZED_OR_OTHER,ACTIVE_OR_BOUNDARY,DENY,client role has no private-schema usage or table privilege,supabase/tests/17_actor_action_resource_matrix.sql#RLS-T04-SERVER-ONLY,Direct database decision; role labels never come from user metadata
RLS-T04-SERVER-ONLY,batch_leader,synthetic_batch_leader_assignment,unimind_private.raw_deletion_events,DELETE,synthetic_resource_row,SELF_OR_POLICY_SCOPE,AUTHORIZED_OR_OTHER,AUTHORIZED_OR_OTHER,ACTIVE_OR_BOUNDARY,DENY,client role has no private-schema usage or table privilege,supabase/tests/17_actor_action_resource_matrix.sql#RLS-T04-SERVER-ONLY,Direct database decision; role labels never come from user metadata
RLS-T04-SERVER-ONLY,admin,synthetic_admin,unimind_private.raw_deletion_events,READ,synthetic_resource_row,SELF_OR_POLICY_SCOPE,AUTHORIZED_OR_OTHER,AUTHORIZED_OR_OTHER,ACTIVE_OR_BOUNDARY,DENY,client role has no private-schema usage or table privilege,supabase/tests/17_actor_action_resource_matrix.sql#RLS-T04-SERVER-ONLY,Direct database decision; role labels never come from user metadata
RLS-T04-SERVER-ONLY,admin,synthetic_admin,unimind_private.raw_deletion_events,CREATE,synthetic_resource_row,SELF_OR_POLICY_SCOPE,AUTHORIZED_OR_OTHER,AUTHORIZED_OR_OTHER,ACTIVE_OR_BOUNDARY,DENY,client role has no private-schema usage or table privilege,supabase/tests/17_actor_action_resource_matrix.sql#RLS-T04-SERVER-ONLY,Direct database decision; role labels never come from user metadata
RLS-T04-SERVER-ONLY,admin,synthetic_admin,unimind_private.raw_deletion_events,UPDATE,synthetic_resource_row,SELF_OR_POLICY_SCOPE,AUTHORIZED_OR_OTHER,AUTHORIZED_OR_OTHER,ACTIVE_OR_BOUNDARY,DENY,client role has no private-schema usage or table privilege,supabase/tests/17_actor_action_resource_matrix.sql#RLS-T04-SERVER-ONLY,Direct database decision; role labels never come from user metadata
RLS-T04-SERVER-ONLY,admin,synthetic_admin,unimind_private.raw_deletion_events,DELETE,synthetic_resource_row,SELF_OR_POLICY_SCOPE,AUTHORIZED_OR_OTHER,AUTHORIZED_OR_OTHER,ACTIVE_OR_BOUNDARY,DENY,client role has no private-schema usage or table privilege,supabase/tests/17_actor_action_resource_matrix.sql#RLS-T04-SERVER-ONLY,Direct database decision; role labels never come from user metadata
RLS-T04-SERVER-ONLY,worker,trusted_worker_runtime,unimind_private.raw_deletion_events,READ,synthetic_resource_row,SELF_OR_POLICY_SCOPE,AUTHORIZED_OR_OTHER,AUTHORIZED_OR_OTHER,ACTIVE_OR_BOUNDARY,SERVER_ONLY,trusted runtime with server-held credential and explicit object privilege,supabase/tests/17_actor_action_resource_matrix.sql#RLS-T04-SERVER-ONLY,Direct database decision; role labels never come from user metadata
RLS-T04-SERVER-ONLY,worker,trusted_worker_runtime,unimind_private.raw_deletion_events,CREATE,synthetic_resource_row,SELF_OR_POLICY_SCOPE,AUTHORIZED_OR_OTHER,AUTHORIZED_OR_OTHER,ACTIVE_OR_BOUNDARY,SERVER_ONLY,trusted runtime with server-held credential and explicit object privilege,supabase/tests/17_actor_action_resource_matrix.sql#RLS-T04-SERVER-ONLY,Direct database decision; role labels never come from user metadata
RLS-T04-SERVER-ONLY,worker,trusted_worker_runtime,unimind_private.raw_deletion_events,UPDATE,synthetic_resource_row,SELF_OR_POLICY_SCOPE,AUTHORIZED_OR_OTHER,AUTHORIZED_OR_OTHER,ACTIVE_OR_BOUNDARY,SERVER_ONLY,trusted runtime with server-held credential and explicit object privilege,supabase/tests/17_actor_action_resource_matrix.sql#RLS-T04-SERVER-ONLY,Direct database decision; role labels never come from user metadata
RLS-T04-SERVER-ONLY,worker,trusted_worker_runtime,unimind_private.raw_deletion_events,DELETE,synthetic_resource_row,SELF_OR_POLICY_SCOPE,AUTHORIZED_OR_OTHER,AUTHORIZED_OR_OTHER,ACTIVE_OR_BOUNDARY,SERVER_ONLY,trusted runtime with server-held credential and explicit object privilege,supabase/tests/17_actor_action_resource_matrix.sql#RLS-T04-SERVER-ONLY,Direct database decision; role labels never come from user metadata
RLS-T04-SERVER-ONLY,service_role,trusted_service_runtime,unimind_private.raw_deletion_events,READ,synthetic_resource_row,SELF_OR_POLICY_SCOPE,AUTHORIZED_OR_OTHER,AUTHORIZED_OR_OTHER,ACTIVE_OR_BOUNDARY,SERVER_ONLY,trusted runtime with server-held credential and explicit object privilege,supabase/tests/17_actor_action_resource_matrix.sql#RLS-T04-SERVER-ONLY,Direct database decision; role labels never come from user metadata
RLS-T04-SERVER-ONLY,service_role,trusted_service_runtime,unimind_private.raw_deletion_events,CREATE,synthetic_resource_row,SELF_OR_POLICY_SCOPE,AUTHORIZED_OR_OTHER,AUTHORIZED_OR_OTHER,ACTIVE_OR_BOUNDARY,SERVER_ONLY,trusted runtime with server-held credential and explicit object privilege,supabase/tests/17_actor_action_resource_matrix.sql#RLS-T04-SERVER-ONLY,Direct database decision; role labels never come from user metadata
RLS-T04-SERVER-ONLY,service_role,trusted_service_runtime,unimind_private.raw_deletion_events,UPDATE,synthetic_resource_row,SELF_OR_POLICY_SCOPE,AUTHORIZED_OR_OTHER,AUTHORIZED_OR_OTHER,ACTIVE_OR_BOUNDARY,SERVER_ONLY,trusted runtime with server-held credential and explicit object privilege,supabase/tests/17_actor_action_resource_matrix.sql#RLS-T04-SERVER-ONLY,Direct database decision; role labels never come from user metadata
RLS-T04-SERVER-ONLY,service_role,trusted_service_runtime,unimind_private.raw_deletion_events,DELETE,synthetic_resource_row,SELF_OR_POLICY_SCOPE,AUTHORIZED_OR_OTHER,AUTHORIZED_OR_OTHER,ACTIVE_OR_BOUNDARY,SERVER_ONLY,trusted runtime with server-held credential and explicit object privilege,supabase/tests/17_actor_action_resource_matrix.sql#RLS-T04-SERVER-ONLY,Direct database decision; role labels never come from user metadata
RLS-T04-ANON-DENY,anon,anonymous_session,unimind_private.raw_objects,READ,synthetic_resource_row,SELF_OR_POLICY_SCOPE,AUTHORIZED_OR_OTHER,AUTHORIZED_OR_OTHER,ACTIVE_OR_BOUNDARY,DENY,anon has no table grants,supabase/tests/17_actor_action_resource_matrix.sql#RLS-T04-ANON-DENY,Direct database decision; role labels never come from user metadata
RLS-T04-ANON-DENY,anon,anonymous_session,unimind_private.raw_objects,CREATE,synthetic_resource_row,SELF_OR_POLICY_SCOPE,AUTHORIZED_OR_OTHER,AUTHORIZED_OR_OTHER,ACTIVE_OR_BOUNDARY,DENY,anon has no table grants,supabase/tests/17_actor_action_resource_matrix.sql#RLS-T04-ANON-DENY,Direct database decision; role labels never come from user metadata
RLS-T04-ANON-DENY,anon,anonymous_session,unimind_private.raw_objects,UPDATE,synthetic_resource_row,SELF_OR_POLICY_SCOPE,AUTHORIZED_OR_OTHER,AUTHORIZED_OR_OTHER,ACTIVE_OR_BOUNDARY,DENY,anon has no table grants,supabase/tests/17_actor_action_resource_matrix.sql#RLS-T04-ANON-DENY,Direct database decision; role labels never come from user metadata
RLS-T04-ANON-DENY,anon,anonymous_session,unimind_private.raw_objects,DELETE,synthetic_resource_row,SELF_OR_POLICY_SCOPE,AUTHORIZED_OR_OTHER,AUTHORIZED_OR_OTHER,ACTIVE_OR_BOUNDARY,DENY,anon has no table grants,supabase/tests/17_actor_action_resource_matrix.sql#RLS-T04-ANON-DENY,Direct database decision; role labels never come from user metadata
RLS-T04-SERVER-ONLY,student,synthetic_student_a,unimind_private.raw_objects,READ,synthetic_resource_row,SELF_OR_POLICY_SCOPE,AUTHORIZED_OR_OTHER,AUTHORIZED_OR_OTHER,ACTIVE_OR_BOUNDARY,DENY,client role has no private-schema usage or table privilege,supabase/tests/17_actor_action_resource_matrix.sql#RLS-T04-SERVER-ONLY,Direct database decision; role labels never come from user metadata
RLS-T04-SERVER-ONLY,student,synthetic_student_a,unimind_private.raw_objects,CREATE,synthetic_resource_row,SELF_OR_POLICY_SCOPE,AUTHORIZED_OR_OTHER,AUTHORIZED_OR_OTHER,ACTIVE_OR_BOUNDARY,DENY,client role has no private-schema usage or table privilege,supabase/tests/17_actor_action_resource_matrix.sql#RLS-T04-SERVER-ONLY,Direct database decision; role labels never come from user metadata
RLS-T04-SERVER-ONLY,student,synthetic_student_a,unimind_private.raw_objects,UPDATE,synthetic_resource_row,SELF_OR_POLICY_SCOPE,AUTHORIZED_OR_OTHER,AUTHORIZED_OR_OTHER,ACTIVE_OR_BOUNDARY,DENY,client role has no private-schema usage or table privilege,supabase/tests/17_actor_action_resource_matrix.sql#RLS-T04-SERVER-ONLY,Direct database decision; role labels never come from user metadata
RLS-T04-SERVER-ONLY,student,synthetic_student_a,unimind_private.raw_objects,DELETE,synthetic_resource_row,SELF_OR_POLICY_SCOPE,AUTHORIZED_OR_OTHER,AUTHORIZED_OR_OTHER,ACTIVE_OR_BOUNDARY,DENY,client role has no private-schema usage or table privilege,supabase/tests/17_actor_action_resource_matrix.sql#RLS-T04-SERVER-ONLY,Direct database decision; role labels never come from user metadata
RLS-T04-SERVER-ONLY,batch_leader,synthetic_batch_leader_assignment,unimind_private.raw_objects,READ,synthetic_resource_row,SELF_OR_POLICY_SCOPE,AUTHORIZED_OR_OTHER,AUTHORIZED_OR_OTHER,ACTIVE_OR_BOUNDARY,DENY,client role has no private-schema usage or table privilege,supabase/tests/17_actor_action_resource_matrix.sql#RLS-T04-SERVER-ONLY,Direct database decision; role labels never come from user metadata
RLS-T04-SERVER-ONLY,batch_leader,synthetic_batch_leader_assignment,unimind_private.raw_objects,CREATE,synthetic_resource_row,SELF_OR_POLICY_SCOPE,AUTHORIZED_OR_OTHER,AUTHORIZED_OR_OTHER,ACTIVE_OR_BOUNDARY,DENY,client role has no private-schema usage or table privilege,supabase/tests/17_actor_action_resource_matrix.sql#RLS-T04-SERVER-ONLY,Direct database decision; role labels never come from user metadata
RLS-T04-SERVER-ONLY,batch_leader,synthetic_batch_leader_assignment,unimind_private.raw_objects,UPDATE,synthetic_resource_row,SELF_OR_POLICY_SCOPE,AUTHORIZED_OR_OTHER,AUTHORIZED_OR_OTHER,ACTIVE_OR_BOUNDARY,DENY,client role has no private-schema usage or table privilege,supabase/tests/17_actor_action_resource_matrix.sql#RLS-T04-SERVER-ONLY,Direct database decision; role labels never come from user metadata
RLS-T04-SERVER-ONLY,batch_leader,synthetic_batch_leader_assignment,unimind_private.raw_objects,DELETE,synthetic_resource_row,SELF_OR_POLICY_SCOPE,AUTHORIZED_OR_OTHER,AUTHORIZED_OR_OTHER,ACTIVE_OR_BOUNDARY,DENY,client role has no private-schema usage or table privilege,supabase/tests/17_actor_action_resource_matrix.sql#RLS-T04-SERVER-ONLY,Direct database decision; role labels never come from user metadata
RLS-T04-SERVER-ONLY,admin,synthetic_admin,unimind_private.raw_objects,READ,synthetic_resource_row,SELF_OR_POLICY_SCOPE,AUTHORIZED_OR_OTHER,AUTHORIZED_OR_OTHER,ACTIVE_OR_BOUNDARY,DENY,client role has no private-schema usage or table privilege,supabase/tests/17_actor_action_resource_matrix.sql#RLS-T04-SERVER-ONLY,Direct database decision; role labels never come from user metadata
RLS-T04-SERVER-ONLY,admin,synthetic_admin,unimind_private.raw_objects,CREATE,synthetic_resource_row,SELF_OR_POLICY_SCOPE,AUTHORIZED_OR_OTHER,AUTHORIZED_OR_OTHER,ACTIVE_OR_BOUNDARY,DENY,client role has no private-schema usage or table privilege,supabase/tests/17_actor_action_resource_matrix.sql#RLS-T04-SERVER-ONLY,Direct database decision; role labels never come from user metadata
RLS-T04-SERVER-ONLY,admin,synthetic_admin,unimind_private.raw_objects,UPDATE,synthetic_resource_row,SELF_OR_POLICY_SCOPE,AUTHORIZED_OR_OTHER,AUTHORIZED_OR_OTHER,ACTIVE_OR_BOUNDARY,DENY,client role has no private-schema usage or table privilege,supabase/tests/17_actor_action_resource_matrix.sql#RLS-T04-SERVER-ONLY,Direct database decision; role labels never come from user metadata
RLS-T04-SERVER-ONLY,admin,synthetic_admin,unimind_private.raw_objects,DELETE,synthetic_resource_row,SELF_OR_POLICY_SCOPE,AUTHORIZED_OR_OTHER,AUTHORIZED_OR_OTHER,ACTIVE_OR_BOUNDARY,DENY,client role has no private-schema usage or table privilege,supabase/tests/17_actor_action_resource_matrix.sql#RLS-T04-SERVER-ONLY,Direct database decision; role labels never come from user metadata
RLS-T04-SERVER-ONLY,worker,trusted_worker_runtime,unimind_private.raw_objects,READ,synthetic_resource_row,SELF_OR_POLICY_SCOPE,AUTHORIZED_OR_OTHER,AUTHORIZED_OR_OTHER,ACTIVE_OR_BOUNDARY,SERVER_ONLY,trusted runtime with server-held credential and explicit object privilege,supabase/tests/17_actor_action_resource_matrix.sql#RLS-T04-SERVER-ONLY,Direct database decision; role labels never come from user metadata
RLS-T04-SERVER-ONLY,worker,trusted_worker_runtime,unimind_private.raw_objects,CREATE,synthetic_resource_row,SELF_OR_POLICY_SCOPE,AUTHORIZED_OR_OTHER,AUTHORIZED_OR_OTHER,ACTIVE_OR_BOUNDARY,SERVER_ONLY,trusted runtime with server-held credential and explicit object privilege,supabase/tests/17_actor_action_resource_matrix.sql#RLS-T04-SERVER-ONLY,Direct database decision; role labels never come from user metadata
RLS-T04-SERVER-ONLY,worker,trusted_worker_runtime,unimind_private.raw_objects,UPDATE,synthetic_resource_row,SELF_OR_POLICY_SCOPE,AUTHORIZED_OR_OTHER,AUTHORIZED_OR_OTHER,ACTIVE_OR_BOUNDARY,SERVER_ONLY,trusted runtime with server-held credential and explicit object privilege,supabase/tests/17_actor_action_resource_matrix.sql#RLS-T04-SERVER-ONLY,Direct database decision; role labels never come from user metadata
RLS-T04-SERVER-ONLY,worker,trusted_worker_runtime,unimind_private.raw_objects,DELETE,synthetic_resource_row,SELF_OR_POLICY_SCOPE,AUTHORIZED_OR_OTHER,AUTHORIZED_OR_OTHER,ACTIVE_OR_BOUNDARY,SERVER_ONLY,trusted runtime with server-held credential and explicit object privilege,supabase/tests/17_actor_action_resource_matrix.sql#RLS-T04-SERVER-ONLY,Direct database decision; role labels never come from user metadata
RLS-T04-SERVER-ONLY,service_role,trusted_service_runtime,unimind_private.raw_objects,READ,synthetic_resource_row,SELF_OR_POLICY_SCOPE,AUTHORIZED_OR_OTHER,AUTHORIZED_OR_OTHER,ACTIVE_OR_BOUNDARY,SERVER_ONLY,trusted runtime with server-held credential and explicit object privilege,supabase/tests/17_actor_action_resource_matrix.sql#RLS-T04-SERVER-ONLY,Direct database decision; role labels never come from user metadata
RLS-T04-SERVER-ONLY,service_role,trusted_service_runtime,unimind_private.raw_objects,CREATE,synthetic_resource_row,SELF_OR_POLICY_SCOPE,AUTHORIZED_OR_OTHER,AUTHORIZED_OR_OTHER,ACTIVE_OR_BOUNDARY,SERVER_ONLY,trusted runtime with server-held credential and explicit object privilege,supabase/tests/17_actor_action_resource_matrix.sql#RLS-T04-SERVER-ONLY,Direct database decision; role labels never come from user metadata
RLS-T04-SERVER-ONLY,service_role,trusted_service_runtime,unimind_private.raw_objects,UPDATE,synthetic_resource_row,SELF_OR_POLICY_SCOPE,AUTHORIZED_OR_OTHER,AUTHORIZED_OR_OTHER,ACTIVE_OR_BOUNDARY,SERVER_ONLY,trusted runtime with server-held credential and explicit object privilege,supabase/tests/17_actor_action_resource_matrix.sql#RLS-T04-SERVER-ONLY,Direct database decision; role labels never come from user metadata
RLS-T04-SERVER-ONLY,service_role,trusted_service_runtime,unimind_private.raw_objects,DELETE,synthetic_resource_row,SELF_OR_POLICY_SCOPE,AUTHORIZED_OR_OTHER,AUTHORIZED_OR_OTHER,ACTIVE_OR_BOUNDARY,SERVER_ONLY,trusted runtime with server-held credential and explicit object privilege,supabase/tests/17_actor_action_resource_matrix.sql#RLS-T04-SERVER-ONLY,Direct database decision; role labels never come from user metadata
RLS-T04-ANON-DENY,anon,anonymous_session,unimind_private.segment_embeddings,READ,synthetic_resource_row,SELF_OR_POLICY_SCOPE,AUTHORIZED_OR_OTHER,AUTHORIZED_OR_OTHER,ACTIVE_OR_BOUNDARY,DENY,anon has no table grants,supabase/tests/17_actor_action_resource_matrix.sql#RLS-T04-ANON-DENY,Direct database decision; role labels never come from user metadata
RLS-T04-ANON-DENY,anon,anonymous_session,unimind_private.segment_embeddings,CREATE,synthetic_resource_row,SELF_OR_POLICY_SCOPE,AUTHORIZED_OR_OTHER,AUTHORIZED_OR_OTHER,ACTIVE_OR_BOUNDARY,DENY,anon has no table grants,supabase/tests/17_actor_action_resource_matrix.sql#RLS-T04-ANON-DENY,Direct database decision; role labels never come from user metadata
RLS-T04-ANON-DENY,anon,anonymous_session,unimind_private.segment_embeddings,UPDATE,synthetic_resource_row,SELF_OR_POLICY_SCOPE,AUTHORIZED_OR_OTHER,AUTHORIZED_OR_OTHER,ACTIVE_OR_BOUNDARY,DENY,anon has no table grants,supabase/tests/17_actor_action_resource_matrix.sql#RLS-T04-ANON-DENY,Direct database decision; role labels never come from user metadata
RLS-T04-ANON-DENY,anon,anonymous_session,unimind_private.segment_embeddings,DELETE,synthetic_resource_row,SELF_OR_POLICY_SCOPE,AUTHORIZED_OR_OTHER,AUTHORIZED_OR_OTHER,ACTIVE_OR_BOUNDARY,DENY,anon has no table grants,supabase/tests/17_actor_action_resource_matrix.sql#RLS-T04-ANON-DENY,Direct database decision; role labels never come from user metadata
RLS-T04-SERVER-ONLY,student,synthetic_student_a,unimind_private.segment_embeddings,READ,synthetic_resource_row,SELF_OR_POLICY_SCOPE,AUTHORIZED_OR_OTHER,AUTHORIZED_OR_OTHER,ACTIVE_OR_BOUNDARY,DENY,client role has no private-schema usage or table privilege,supabase/tests/17_actor_action_resource_matrix.sql#RLS-T04-SERVER-ONLY,Direct database decision; role labels never come from user metadata
RLS-T04-SERVER-ONLY,student,synthetic_student_a,unimind_private.segment_embeddings,CREATE,synthetic_resource_row,SELF_OR_POLICY_SCOPE,AUTHORIZED_OR_OTHER,AUTHORIZED_OR_OTHER,ACTIVE_OR_BOUNDARY,DENY,client role has no private-schema usage or table privilege,supabase/tests/17_actor_action_resource_matrix.sql#RLS-T04-SERVER-ONLY,Direct database decision; role labels never come from user metadata
RLS-T04-SERVER-ONLY,student,synthetic_student_a,unimind_private.segment_embeddings,UPDATE,synthetic_resource_row,SELF_OR_POLICY_SCOPE,AUTHORIZED_OR_OTHER,AUTHORIZED_OR_OTHER,ACTIVE_OR_BOUNDARY,DENY,client role has no private-schema usage or table privilege,supabase/tests/17_actor_action_resource_matrix.sql#RLS-T04-SERVER-ONLY,Direct database decision; role labels never come from user metadata
RLS-T04-SERVER-ONLY,student,synthetic_student_a,unimind_private.segment_embeddings,DELETE,synthetic_resource_row,SELF_OR_POLICY_SCOPE,AUTHORIZED_OR_OTHER,AUTHORIZED_OR_OTHER,ACTIVE_OR_BOUNDARY,DENY,client role has no private-schema usage or table privilege,supabase/tests/17_actor_action_resource_matrix.sql#RLS-T04-SERVER-ONLY,Direct database decision; role labels never come from user metadata
RLS-T04-SERVER-ONLY,batch_leader,synthetic_batch_leader_assignment,unimind_private.segment_embeddings,READ,synthetic_resource_row,SELF_OR_POLICY_SCOPE,AUTHORIZED_OR_OTHER,AUTHORIZED_OR_OTHER,ACTIVE_OR_BOUNDARY,DENY,client role has no private-schema usage or table privilege,supabase/tests/17_actor_action_resource_matrix.sql#RLS-T04-SERVER-ONLY,Direct database decision; role labels never come from user metadata
RLS-T04-SERVER-ONLY,batch_leader,synthetic_batch_leader_assignment,unimind_private.segment_embeddings,CREATE,synthetic_resource_row,SELF_OR_POLICY_SCOPE,AUTHORIZED_OR_OTHER,AUTHORIZED_OR_OTHER,ACTIVE_OR_BOUNDARY,DENY,client role has no private-schema usage or table privilege,supabase/tests/17_actor_action_resource_matrix.sql#RLS-T04-SERVER-ONLY,Direct database decision; role labels never come from user metadata
RLS-T04-SERVER-ONLY,batch_leader,synthetic_batch_leader_assignment,unimind_private.segment_embeddings,UPDATE,synthetic_resource_row,SELF_OR_POLICY_SCOPE,AUTHORIZED_OR_OTHER,AUTHORIZED_OR_OTHER,ACTIVE_OR_BOUNDARY,DENY,client role has no private-schema usage or table privilege,supabase/tests/17_actor_action_resource_matrix.sql#RLS-T04-SERVER-ONLY,Direct database decision; role labels never come from user metadata
RLS-T04-SERVER-ONLY,batch_leader,synthetic_batch_leader_assignment,unimind_private.segment_embeddings,DELETE,synthetic_resource_row,SELF_OR_POLICY_SCOPE,AUTHORIZED_OR_OTHER,AUTHORIZED_OR_OTHER,ACTIVE_OR_BOUNDARY,DENY,client role has no private-schema usage or table privilege,supabase/tests/17_actor_action_resource_matrix.sql#RLS-T04-SERVER-ONLY,Direct database decision; role labels never come from user metadata
RLS-T04-SERVER-ONLY,admin,synthetic_admin,unimind_private.segment_embeddings,READ,synthetic_resource_row,SELF_OR_POLICY_SCOPE,AUTHORIZED_OR_OTHER,AUTHORIZED_OR_OTHER,ACTIVE_OR_BOUNDARY,DENY,client role has no private-schema usage or table privilege,supabase/tests/17_actor_action_resource_matrix.sql#RLS-T04-SERVER-ONLY,Direct database decision; role labels never come from user metadata
RLS-T04-SERVER-ONLY,admin,synthetic_admin,unimind_private.segment_embeddings,CREATE,synthetic_resource_row,SELF_OR_POLICY_SCOPE,AUTHORIZED_OR_OTHER,AUTHORIZED_OR_OTHER,ACTIVE_OR_BOUNDARY,DENY,client role has no private-schema usage or table privilege,supabase/tests/17_actor_action_resource_matrix.sql#RLS-T04-SERVER-ONLY,Direct database decision; role labels never come from user metadata
RLS-T04-SERVER-ONLY,admin,synthetic_admin,unimind_private.segment_embeddings,UPDATE,synthetic_resource_row,SELF_OR_POLICY_SCOPE,AUTHORIZED_OR_OTHER,AUTHORIZED_OR_OTHER,ACTIVE_OR_BOUNDARY,DENY,client role has no private-schema usage or table privilege,supabase/tests/17_actor_action_resource_matrix.sql#RLS-T04-SERVER-ONLY,Direct database decision; role labels never come from user metadata
RLS-T04-SERVER-ONLY,admin,synthetic_admin,unimind_private.segment_embeddings,DELETE,synthetic_resource_row,SELF_OR_POLICY_SCOPE,AUTHORIZED_OR_OTHER,AUTHORIZED_OR_OTHER,ACTIVE_OR_BOUNDARY,DENY,client role has no private-schema usage or table privilege,supabase/tests/17_actor_action_resource_matrix.sql#RLS-T04-SERVER-ONLY,Direct database decision; role labels never come from user metadata
RLS-T04-SERVER-ONLY,worker,trusted_worker_runtime,unimind_private.segment_embeddings,READ,synthetic_resource_row,SELF_OR_POLICY_SCOPE,AUTHORIZED_OR_OTHER,AUTHORIZED_OR_OTHER,ACTIVE_OR_BOUNDARY,SERVER_ONLY,trusted runtime with server-held credential and explicit object privilege,supabase/tests/17_actor_action_resource_matrix.sql#RLS-T04-SERVER-ONLY,Direct database decision; role labels never come from user metadata
RLS-T04-SERVER-ONLY,worker,trusted_worker_runtime,unimind_private.segment_embeddings,CREATE,synthetic_resource_row,SELF_OR_POLICY_SCOPE,AUTHORIZED_OR_OTHER,AUTHORIZED_OR_OTHER,ACTIVE_OR_BOUNDARY,SERVER_ONLY,trusted runtime with server-held credential and explicit object privilege,supabase/tests/17_actor_action_resource_matrix.sql#RLS-T04-SERVER-ONLY,Direct database decision; role labels never come from user metadata
RLS-T04-SERVER-ONLY,worker,trusted_worker_runtime,unimind_private.segment_embeddings,UPDATE,synthetic_resource_row,SELF_OR_POLICY_SCOPE,AUTHORIZED_OR_OTHER,AUTHORIZED_OR_OTHER,ACTIVE_OR_BOUNDARY,SERVER_ONLY,trusted runtime with server-held credential and explicit object privilege,supabase/tests/17_actor_action_resource_matrix.sql#RLS-T04-SERVER-ONLY,Direct database decision; role labels never come from user metadata
RLS-T04-SERVER-ONLY,worker,trusted_worker_runtime,unimind_private.segment_embeddings,DELETE,synthetic_resource_row,SELF_OR_POLICY_SCOPE,AUTHORIZED_OR_OTHER,AUTHORIZED_OR_OTHER,ACTIVE_OR_BOUNDARY,SERVER_ONLY,trusted runtime with server-held credential and explicit object privilege,supabase/tests/17_actor_action_resource_matrix.sql#RLS-T04-SERVER-ONLY,Direct database decision; role labels never come from user metadata
RLS-T04-SERVER-ONLY,service_role,trusted_service_runtime,unimind_private.segment_embeddings,READ,synthetic_resource_row,SELF_OR_POLICY_SCOPE,AUTHORIZED_OR_OTHER,AUTHORIZED_OR_OTHER,ACTIVE_OR_BOUNDARY,SERVER_ONLY,trusted runtime with server-held credential and explicit object privilege,supabase/tests/17_actor_action_resource_matrix.sql#RLS-T04-SERVER-ONLY,Direct database decision; role labels never come from user metadata
RLS-T04-SERVER-ONLY,service_role,trusted_service_runtime,unimind_private.segment_embeddings,CREATE,synthetic_resource_row,SELF_OR_POLICY_SCOPE,AUTHORIZED_OR_OTHER,AUTHORIZED_OR_OTHER,ACTIVE_OR_BOUNDARY,SERVER_ONLY,trusted runtime with server-held credential and explicit object privilege,supabase/tests/17_actor_action_resource_matrix.sql#RLS-T04-SERVER-ONLY,Direct database decision; role labels never come from user metadata
RLS-T04-SERVER-ONLY,service_role,trusted_service_runtime,unimind_private.segment_embeddings,UPDATE,synthetic_resource_row,SELF_OR_POLICY_SCOPE,AUTHORIZED_OR_OTHER,AUTHORIZED_OR_OTHER,ACTIVE_OR_BOUNDARY,SERVER_ONLY,trusted runtime with server-held credential and explicit object privilege,supabase/tests/17_actor_action_resource_matrix.sql#RLS-T04-SERVER-ONLY,Direct database decision; role labels never come from user metadata
RLS-T04-SERVER-ONLY,service_role,trusted_service_runtime,unimind_private.segment_embeddings,DELETE,synthetic_resource_row,SELF_OR_POLICY_SCOPE,AUTHORIZED_OR_OTHER,AUTHORIZED_OR_OTHER,ACTIVE_OR_BOUNDARY,SERVER_ONLY,trusted runtime with server-held credential and explicit object privilege,supabase/tests/17_actor_action_resource_matrix.sql#RLS-T04-SERVER-ONLY,Direct database decision; role labels never come from user metadata
RLS-T04-ANON-DENY,anon,anonymous_session,unimind_private.segment_tags,READ,synthetic_resource_row,SELF_OR_POLICY_SCOPE,AUTHORIZED_OR_OTHER,AUTHORIZED_OR_OTHER,ACTIVE_OR_BOUNDARY,DENY,anon has no table grants,supabase/tests/17_actor_action_resource_matrix.sql#RLS-T04-ANON-DENY,Direct database decision; role labels never come from user metadata
RLS-T04-ANON-DENY,anon,anonymous_session,unimind_private.segment_tags,CREATE,synthetic_resource_row,SELF_OR_POLICY_SCOPE,AUTHORIZED_OR_OTHER,AUTHORIZED_OR_OTHER,ACTIVE_OR_BOUNDARY,DENY,anon has no table grants,supabase/tests/17_actor_action_resource_matrix.sql#RLS-T04-ANON-DENY,Direct database decision; role labels never come from user metadata
RLS-T04-ANON-DENY,anon,anonymous_session,unimind_private.segment_tags,UPDATE,synthetic_resource_row,SELF_OR_POLICY_SCOPE,AUTHORIZED_OR_OTHER,AUTHORIZED_OR_OTHER,ACTIVE_OR_BOUNDARY,DENY,anon has no table grants,supabase/tests/17_actor_action_resource_matrix.sql#RLS-T04-ANON-DENY,Direct database decision; role labels never come from user metadata
RLS-T04-ANON-DENY,anon,anonymous_session,unimind_private.segment_tags,DELETE,synthetic_resource_row,SELF_OR_POLICY_SCOPE,AUTHORIZED_OR_OTHER,AUTHORIZED_OR_OTHER,ACTIVE_OR_BOUNDARY,DENY,anon has no table grants,supabase/tests/17_actor_action_resource_matrix.sql#RLS-T04-ANON-DENY,Direct database decision; role labels never come from user metadata
RLS-T04-SERVER-ONLY,student,synthetic_student_a,unimind_private.segment_tags,READ,synthetic_resource_row,SELF_OR_POLICY_SCOPE,AUTHORIZED_OR_OTHER,AUTHORIZED_OR_OTHER,ACTIVE_OR_BOUNDARY,DENY,client role has no private-schema usage or table privilege,supabase/tests/17_actor_action_resource_matrix.sql#RLS-T04-SERVER-ONLY,Direct database decision; role labels never come from user metadata
RLS-T04-SERVER-ONLY,student,synthetic_student_a,unimind_private.segment_tags,CREATE,synthetic_resource_row,SELF_OR_POLICY_SCOPE,AUTHORIZED_OR_OTHER,AUTHORIZED_OR_OTHER,ACTIVE_OR_BOUNDARY,DENY,client role has no private-schema usage or table privilege,supabase/tests/17_actor_action_resource_matrix.sql#RLS-T04-SERVER-ONLY,Direct database decision; role labels never come from user metadata
RLS-T04-SERVER-ONLY,student,synthetic_student_a,unimind_private.segment_tags,UPDATE,synthetic_resource_row,SELF_OR_POLICY_SCOPE,AUTHORIZED_OR_OTHER,AUTHORIZED_OR_OTHER,ACTIVE_OR_BOUNDARY,DENY,client role has no private-schema usage or table privilege,supabase/tests/17_actor_action_resource_matrix.sql#RLS-T04-SERVER-ONLY,Direct database decision; role labels never come from user metadata
RLS-T04-SERVER-ONLY,student,synthetic_student_a,unimind_private.segment_tags,DELETE,synthetic_resource_row,SELF_OR_POLICY_SCOPE,AUTHORIZED_OR_OTHER,AUTHORIZED_OR_OTHER,ACTIVE_OR_BOUNDARY,DENY,client role has no private-schema usage or table privilege,supabase/tests/17_actor_action_resource_matrix.sql#RLS-T04-SERVER-ONLY,Direct database decision; role labels never come from user metadata
RLS-T04-SERVER-ONLY,batch_leader,synthetic_batch_leader_assignment,unimind_private.segment_tags,READ,synthetic_resource_row,SELF_OR_POLICY_SCOPE,AUTHORIZED_OR_OTHER,AUTHORIZED_OR_OTHER,ACTIVE_OR_BOUNDARY,DENY,client role has no private-schema usage or table privilege,supabase/tests/17_actor_action_resource_matrix.sql#RLS-T04-SERVER-ONLY,Direct database decision; role labels never come from user metadata
RLS-T04-SERVER-ONLY,batch_leader,synthetic_batch_leader_assignment,unimind_private.segment_tags,CREATE,synthetic_resource_row,SELF_OR_POLICY_SCOPE,AUTHORIZED_OR_OTHER,AUTHORIZED_OR_OTHER,ACTIVE_OR_BOUNDARY,DENY,client role has no private-schema usage or table privilege,supabase/tests/17_actor_action_resource_matrix.sql#RLS-T04-SERVER-ONLY,Direct database decision; role labels never come from user metadata
RLS-T04-SERVER-ONLY,batch_leader,synthetic_batch_leader_assignment,unimind_private.segment_tags,UPDATE,synthetic_resource_row,SELF_OR_POLICY_SCOPE,AUTHORIZED_OR_OTHER,AUTHORIZED_OR_OTHER,ACTIVE_OR_BOUNDARY,DENY,client role has no private-schema usage or table privilege,supabase/tests/17_actor_action_resource_matrix.sql#RLS-T04-SERVER-ONLY,Direct database decision; role labels never come from user metadata
RLS-T04-SERVER-ONLY,batch_leader,synthetic_batch_leader_assignment,unimind_private.segment_tags,DELETE,synthetic_resource_row,SELF_OR_POLICY_SCOPE,AUTHORIZED_OR_OTHER,AUTHORIZED_OR_OTHER,ACTIVE_OR_BOUNDARY,DENY,client role has no private-schema usage or table privilege,supabase/tests/17_actor_action_resource_matrix.sql#RLS-T04-SERVER-ONLY,Direct database decision; role labels never come from user metadata
RLS-T04-SERVER-ONLY,admin,synthetic_admin,unimind_private.segment_tags,READ,synthetic_resource_row,SELF_OR_POLICY_SCOPE,AUTHORIZED_OR_OTHER,AUTHORIZED_OR_OTHER,ACTIVE_OR_BOUNDARY,DENY,client role has no private-schema usage or table privilege,supabase/tests/17_actor_action_resource_matrix.sql#RLS-T04-SERVER-ONLY,Direct database decision; role labels never come from user metadata
RLS-T04-SERVER-ONLY,admin,synthetic_admin,unimind_private.segment_tags,CREATE,synthetic_resource_row,SELF_OR_POLICY_SCOPE,AUTHORIZED_OR_OTHER,AUTHORIZED_OR_OTHER,ACTIVE_OR_BOUNDARY,DENY,client role has no private-schema usage or table privilege,supabase/tests/17_actor_action_resource_matrix.sql#RLS-T04-SERVER-ONLY,Direct database decision; role labels never come from user metadata
RLS-T04-SERVER-ONLY,admin,synthetic_admin,unimind_private.segment_tags,UPDATE,synthetic_resource_row,SELF_OR_POLICY_SCOPE,AUTHORIZED_OR_OTHER,AUTHORIZED_OR_OTHER,ACTIVE_OR_BOUNDARY,DENY,client role has no private-schema usage or table privilege,supabase/tests/17_actor_action_resource_matrix.sql#RLS-T04-SERVER-ONLY,Direct database decision; role labels never come from user metadata
RLS-T04-SERVER-ONLY,admin,synthetic_admin,unimind_private.segment_tags,DELETE,synthetic_resource_row,SELF_OR_POLICY_SCOPE,AUTHORIZED_OR_OTHER,AUTHORIZED_OR_OTHER,ACTIVE_OR_BOUNDARY,DENY,client role has no private-schema usage or table privilege,supabase/tests/17_actor_action_resource_matrix.sql#RLS-T04-SERVER-ONLY,Direct database decision; role labels never come from user metadata
RLS-T04-SERVER-ONLY,worker,trusted_worker_runtime,unimind_private.segment_tags,READ,synthetic_resource_row,SELF_OR_POLICY_SCOPE,AUTHORIZED_OR_OTHER,AUTHORIZED_OR_OTHER,ACTIVE_OR_BOUNDARY,SERVER_ONLY,trusted runtime with server-held credential and explicit object privilege,supabase/tests/17_actor_action_resource_matrix.sql#RLS-T04-SERVER-ONLY,Direct database decision; role labels never come from user metadata
RLS-T04-SERVER-ONLY,worker,trusted_worker_runtime,unimind_private.segment_tags,CREATE,synthetic_resource_row,SELF_OR_POLICY_SCOPE,AUTHORIZED_OR_OTHER,AUTHORIZED_OR_OTHER,ACTIVE_OR_BOUNDARY,SERVER_ONLY,trusted runtime with server-held credential and explicit object privilege,supabase/tests/17_actor_action_resource_matrix.sql#RLS-T04-SERVER-ONLY,Direct database decision; role labels never come from user metadata
RLS-T04-SERVER-ONLY,worker,trusted_worker_runtime,unimind_private.segment_tags,UPDATE,synthetic_resource_row,SELF_OR_POLICY_SCOPE,AUTHORIZED_OR_OTHER,AUTHORIZED_OR_OTHER,ACTIVE_OR_BOUNDARY,SERVER_ONLY,trusted runtime with server-held credential and explicit object privilege,supabase/tests/17_actor_action_resource_matrix.sql#RLS-T04-SERVER-ONLY,Direct database decision; role labels never come from user metadata
RLS-T04-SERVER-ONLY,worker,trusted_worker_runtime,unimind_private.segment_tags,DELETE,synthetic_resource_row,SELF_OR_POLICY_SCOPE,AUTHORIZED_OR_OTHER,AUTHORIZED_OR_OTHER,ACTIVE_OR_BOUNDARY,SERVER_ONLY,trusted runtime with server-held credential and explicit object privilege,supabase/tests/17_actor_action_resource_matrix.sql#RLS-T04-SERVER-ONLY,Direct database decision; role labels never come from user metadata
RLS-T04-SERVER-ONLY,service_role,trusted_service_runtime,unimind_private.segment_tags,READ,synthetic_resource_row,SELF_OR_POLICY_SCOPE,AUTHORIZED_OR_OTHER,AUTHORIZED_OR_OTHER,ACTIVE_OR_BOUNDARY,SERVER_ONLY,trusted runtime with server-held credential and explicit object privilege,supabase/tests/17_actor_action_resource_matrix.sql#RLS-T04-SERVER-ONLY,Direct database decision; role labels never come from user metadata
RLS-T04-SERVER-ONLY,service_role,trusted_service_runtime,unimind_private.segment_tags,CREATE,synthetic_resource_row,SELF_OR_POLICY_SCOPE,AUTHORIZED_OR_OTHER,AUTHORIZED_OR_OTHER,ACTIVE_OR_BOUNDARY,SERVER_ONLY,trusted runtime with server-held credential and explicit object privilege,supabase/tests/17_actor_action_resource_matrix.sql#RLS-T04-SERVER-ONLY,Direct database decision; role labels never come from user metadata
RLS-T04-SERVER-ONLY,service_role,trusted_service_runtime,unimind_private.segment_tags,UPDATE,synthetic_resource_row,SELF_OR_POLICY_SCOPE,AUTHORIZED_OR_OTHER,AUTHORIZED_OR_OTHER,ACTIVE_OR_BOUNDARY,SERVER_ONLY,trusted runtime with server-held credential and explicit object privilege,supabase/tests/17_actor_action_resource_matrix.sql#RLS-T04-SERVER-ONLY,Direct database decision; role labels never come from user metadata
RLS-T04-SERVER-ONLY,service_role,trusted_service_runtime,unimind_private.segment_tags,DELETE,synthetic_resource_row,SELF_OR_POLICY_SCOPE,AUTHORIZED_OR_OTHER,AUTHORIZED_OR_OTHER,ACTIVE_OR_BOUNDARY,SERVER_ONLY,trusted runtime with server-held credential and explicit object privilege,supabase/tests/17_actor_action_resource_matrix.sql#RLS-T04-SERVER-ONLY,Direct database decision; role labels never come from user metadata
RLS-T04-ANON-DENY,anon,anonymous_session,unimind_private.source_conflict_annotations,READ,synthetic_resource_row,SELF_OR_POLICY_SCOPE,AUTHORIZED_OR_OTHER,AUTHORIZED_OR_OTHER,ACTIVE_OR_BOUNDARY,DENY,anon has no table grants,supabase/tests/17_actor_action_resource_matrix.sql#RLS-T04-ANON-DENY,Direct database decision; role labels never come from user metadata
RLS-T04-ANON-DENY,anon,anonymous_session,unimind_private.source_conflict_annotations,CREATE,synthetic_resource_row,SELF_OR_POLICY_SCOPE,AUTHORIZED_OR_OTHER,AUTHORIZED_OR_OTHER,ACTIVE_OR_BOUNDARY,DENY,anon has no table grants,supabase/tests/17_actor_action_resource_matrix.sql#RLS-T04-ANON-DENY,Direct database decision; role labels never come from user metadata
RLS-T04-ANON-DENY,anon,anonymous_session,unimind_private.source_conflict_annotations,UPDATE,synthetic_resource_row,SELF_OR_POLICY_SCOPE,AUTHORIZED_OR_OTHER,AUTHORIZED_OR_OTHER,ACTIVE_OR_BOUNDARY,DENY,anon has no table grants,supabase/tests/17_actor_action_resource_matrix.sql#RLS-T04-ANON-DENY,Direct database decision; role labels never come from user metadata
RLS-T04-ANON-DENY,anon,anonymous_session,unimind_private.source_conflict_annotations,DELETE,synthetic_resource_row,SELF_OR_POLICY_SCOPE,AUTHORIZED_OR_OTHER,AUTHORIZED_OR_OTHER,ACTIVE_OR_BOUNDARY,DENY,anon has no table grants,supabase/tests/17_actor_action_resource_matrix.sql#RLS-T04-ANON-DENY,Direct database decision; role labels never come from user metadata
RLS-T04-SERVER-ONLY,student,synthetic_student_a,unimind_private.source_conflict_annotations,READ,synthetic_resource_row,SELF_OR_POLICY_SCOPE,AUTHORIZED_OR_OTHER,AUTHORIZED_OR_OTHER,ACTIVE_OR_BOUNDARY,DENY,client role has no private-schema usage or table privilege,supabase/tests/17_actor_action_resource_matrix.sql#RLS-T04-SERVER-ONLY,Direct database decision; role labels never come from user metadata
RLS-T04-SERVER-ONLY,student,synthetic_student_a,unimind_private.source_conflict_annotations,CREATE,synthetic_resource_row,SELF_OR_POLICY_SCOPE,AUTHORIZED_OR_OTHER,AUTHORIZED_OR_OTHER,ACTIVE_OR_BOUNDARY,DENY,client role has no private-schema usage or table privilege,supabase/tests/17_actor_action_resource_matrix.sql#RLS-T04-SERVER-ONLY,Direct database decision; role labels never come from user metadata
RLS-T04-SERVER-ONLY,student,synthetic_student_a,unimind_private.source_conflict_annotations,UPDATE,synthetic_resource_row,SELF_OR_POLICY_SCOPE,AUTHORIZED_OR_OTHER,AUTHORIZED_OR_OTHER,ACTIVE_OR_BOUNDARY,DENY,client role has no private-schema usage or table privilege,supabase/tests/17_actor_action_resource_matrix.sql#RLS-T04-SERVER-ONLY,Direct database decision; role labels never come from user metadata
RLS-T04-SERVER-ONLY,student,synthetic_student_a,unimind_private.source_conflict_annotations,DELETE,synthetic_resource_row,SELF_OR_POLICY_SCOPE,AUTHORIZED_OR_OTHER,AUTHORIZED_OR_OTHER,ACTIVE_OR_BOUNDARY,DENY,client role has no private-schema usage or table privilege,supabase/tests/17_actor_action_resource_matrix.sql#RLS-T04-SERVER-ONLY,Direct database decision; role labels never come from user metadata
RLS-T04-SERVER-ONLY,batch_leader,synthetic_batch_leader_assignment,unimind_private.source_conflict_annotations,READ,synthetic_resource_row,SELF_OR_POLICY_SCOPE,AUTHORIZED_OR_OTHER,AUTHORIZED_OR_OTHER,ACTIVE_OR_BOUNDARY,DENY,client role has no private-schema usage or table privilege,supabase/tests/17_actor_action_resource_matrix.sql#RLS-T04-SERVER-ONLY,Direct database decision; role labels never come from user metadata
RLS-T04-SERVER-ONLY,batch_leader,synthetic_batch_leader_assignment,unimind_private.source_conflict_annotations,CREATE,synthetic_resource_row,SELF_OR_POLICY_SCOPE,AUTHORIZED_OR_OTHER,AUTHORIZED_OR_OTHER,ACTIVE_OR_BOUNDARY,DENY,client role has no private-schema usage or table privilege,supabase/tests/17_actor_action_resource_matrix.sql#RLS-T04-SERVER-ONLY,Direct database decision; role labels never come from user metadata
RLS-T04-SERVER-ONLY,batch_leader,synthetic_batch_leader_assignment,unimind_private.source_conflict_annotations,UPDATE,synthetic_resource_row,SELF_OR_POLICY_SCOPE,AUTHORIZED_OR_OTHER,AUTHORIZED_OR_OTHER,ACTIVE_OR_BOUNDARY,DENY,client role has no private-schema usage or table privilege,supabase/tests/17_actor_action_resource_matrix.sql#RLS-T04-SERVER-ONLY,Direct database decision; role labels never come from user metadata
RLS-T04-SERVER-ONLY,batch_leader,synthetic_batch_leader_assignment,unimind_private.source_conflict_annotations,DELETE,synthetic_resource_row,SELF_OR_POLICY_SCOPE,AUTHORIZED_OR_OTHER,AUTHORIZED_OR_OTHER,ACTIVE_OR_BOUNDARY,DENY,client role has no private-schema usage or table privilege,supabase/tests/17_actor_action_resource_matrix.sql#RLS-T04-SERVER-ONLY,Direct database decision; role labels never come from user metadata
RLS-T04-SERVER-ONLY,admin,synthetic_admin,unimind_private.source_conflict_annotations,READ,synthetic_resource_row,SELF_OR_POLICY_SCOPE,AUTHORIZED_OR_OTHER,AUTHORIZED_OR_OTHER,ACTIVE_OR_BOUNDARY,DENY,client role has no private-schema usage or table privilege,supabase/tests/17_actor_action_resource_matrix.sql#RLS-T04-SERVER-ONLY,Direct database decision; role labels never come from user metadata
RLS-T04-SERVER-ONLY,admin,synthetic_admin,unimind_private.source_conflict_annotations,CREATE,synthetic_resource_row,SELF_OR_POLICY_SCOPE,AUTHORIZED_OR_OTHER,AUTHORIZED_OR_OTHER,ACTIVE_OR_BOUNDARY,DENY,client role has no private-schema usage or table privilege,supabase/tests/17_actor_action_resource_matrix.sql#RLS-T04-SERVER-ONLY,Direct database decision; role labels never come from user metadata
RLS-T04-SERVER-ONLY,admin,synthetic_admin,unimind_private.source_conflict_annotations,UPDATE,synthetic_resource_row,SELF_OR_POLICY_SCOPE,AUTHORIZED_OR_OTHER,AUTHORIZED_OR_OTHER,ACTIVE_OR_BOUNDARY,DENY,client role has no private-schema usage or table privilege,supabase/tests/17_actor_action_resource_matrix.sql#RLS-T04-SERVER-ONLY,Direct database decision; role labels never come from user metadata
RLS-T04-SERVER-ONLY,admin,synthetic_admin,unimind_private.source_conflict_annotations,DELETE,synthetic_resource_row,SELF_OR_POLICY_SCOPE,AUTHORIZED_OR_OTHER,AUTHORIZED_OR_OTHER,ACTIVE_OR_BOUNDARY,DENY,client role has no private-schema usage or table privilege,supabase/tests/17_actor_action_resource_matrix.sql#RLS-T04-SERVER-ONLY,Direct database decision; role labels never come from user metadata
RLS-T04-SERVER-ONLY,worker,trusted_worker_runtime,unimind_private.source_conflict_annotations,READ,synthetic_resource_row,SELF_OR_POLICY_SCOPE,AUTHORIZED_OR_OTHER,AUTHORIZED_OR_OTHER,ACTIVE_OR_BOUNDARY,SERVER_ONLY,trusted runtime with server-held credential and explicit object privilege,supabase/tests/17_actor_action_resource_matrix.sql#RLS-T04-SERVER-ONLY,Direct database decision; role labels never come from user metadata
RLS-T04-SERVER-ONLY,worker,trusted_worker_runtime,unimind_private.source_conflict_annotations,CREATE,synthetic_resource_row,SELF_OR_POLICY_SCOPE,AUTHORIZED_OR_OTHER,AUTHORIZED_OR_OTHER,ACTIVE_OR_BOUNDARY,SERVER_ONLY,trusted runtime with server-held credential and explicit object privilege,supabase/tests/17_actor_action_resource_matrix.sql#RLS-T04-SERVER-ONLY,Direct database decision; role labels never come from user metadata
RLS-T04-SERVER-ONLY,worker,trusted_worker_runtime,unimind_private.source_conflict_annotations,UPDATE,synthetic_resource_row,SELF_OR_POLICY_SCOPE,AUTHORIZED_OR_OTHER,AUTHORIZED_OR_OTHER,ACTIVE_OR_BOUNDARY,SERVER_ONLY,trusted runtime with server-held credential and explicit object privilege,supabase/tests/17_actor_action_resource_matrix.sql#RLS-T04-SERVER-ONLY,Direct database decision; role labels never come from user metadata
RLS-T04-SERVER-ONLY,worker,trusted_worker_runtime,unimind_private.source_conflict_annotations,DELETE,synthetic_resource_row,SELF_OR_POLICY_SCOPE,AUTHORIZED_OR_OTHER,AUTHORIZED_OR_OTHER,ACTIVE_OR_BOUNDARY,SERVER_ONLY,trusted runtime with server-held credential and explicit object privilege,supabase/tests/17_actor_action_resource_matrix.sql#RLS-T04-SERVER-ONLY,Direct database decision; role labels never come from user metadata
RLS-T04-SERVER-ONLY,service_role,trusted_service_runtime,unimind_private.source_conflict_annotations,READ,synthetic_resource_row,SELF_OR_POLICY_SCOPE,AUTHORIZED_OR_OTHER,AUTHORIZED_OR_OTHER,ACTIVE_OR_BOUNDARY,SERVER_ONLY,trusted runtime with server-held credential and explicit object privilege,supabase/tests/17_actor_action_resource_matrix.sql#RLS-T04-SERVER-ONLY,Direct database decision; role labels never come from user metadata
RLS-T04-SERVER-ONLY,service_role,trusted_service_runtime,unimind_private.source_conflict_annotations,CREATE,synthetic_resource_row,SELF_OR_POLICY_SCOPE,AUTHORIZED_OR_OTHER,AUTHORIZED_OR_OTHER,ACTIVE_OR_BOUNDARY,SERVER_ONLY,trusted runtime with server-held credential and explicit object privilege,supabase/tests/17_actor_action_resource_matrix.sql#RLS-T04-SERVER-ONLY,Direct database decision; role labels never come from user metadata
RLS-T04-SERVER-ONLY,service_role,trusted_service_runtime,unimind_private.source_conflict_annotations,UPDATE,synthetic_resource_row,SELF_OR_POLICY_SCOPE,AUTHORIZED_OR_OTHER,AUTHORIZED_OR_OTHER,ACTIVE_OR_BOUNDARY,SERVER_ONLY,trusted runtime with server-held credential and explicit object privilege,supabase/tests/17_actor_action_resource_matrix.sql#RLS-T04-SERVER-ONLY,Direct database decision; role labels never come from user metadata
RLS-T04-SERVER-ONLY,service_role,trusted_service_runtime,unimind_private.source_conflict_annotations,DELETE,synthetic_resource_row,SELF_OR_POLICY_SCOPE,AUTHORIZED_OR_OTHER,AUTHORIZED_OR_OTHER,ACTIVE_OR_BOUNDARY,SERVER_ONLY,trusted runtime with server-held credential and explicit object privilege,supabase/tests/17_actor_action_resource_matrix.sql#RLS-T04-SERVER-ONLY,Direct database decision; role labels never come from user metadata
RLS-T04-ANON-DENY,anon,anonymous_session,unimind_private.source_locators,READ,synthetic_resource_row,SELF_OR_POLICY_SCOPE,AUTHORIZED_OR_OTHER,AUTHORIZED_OR_OTHER,ACTIVE_OR_BOUNDARY,DENY,anon has no table grants,supabase/tests/17_actor_action_resource_matrix.sql#RLS-T04-ANON-DENY,Direct database decision; role labels never come from user metadata
RLS-T04-ANON-DENY,anon,anonymous_session,unimind_private.source_locators,CREATE,synthetic_resource_row,SELF_OR_POLICY_SCOPE,AUTHORIZED_OR_OTHER,AUTHORIZED_OR_OTHER,ACTIVE_OR_BOUNDARY,DENY,anon has no table grants,supabase/tests/17_actor_action_resource_matrix.sql#RLS-T04-ANON-DENY,Direct database decision; role labels never come from user metadata
RLS-T04-ANON-DENY,anon,anonymous_session,unimind_private.source_locators,UPDATE,synthetic_resource_row,SELF_OR_POLICY_SCOPE,AUTHORIZED_OR_OTHER,AUTHORIZED_OR_OTHER,ACTIVE_OR_BOUNDARY,DENY,anon has no table grants,supabase/tests/17_actor_action_resource_matrix.sql#RLS-T04-ANON-DENY,Direct database decision; role labels never come from user metadata
RLS-T04-ANON-DENY,anon,anonymous_session,unimind_private.source_locators,DELETE,synthetic_resource_row,SELF_OR_POLICY_SCOPE,AUTHORIZED_OR_OTHER,AUTHORIZED_OR_OTHER,ACTIVE_OR_BOUNDARY,DENY,anon has no table grants,supabase/tests/17_actor_action_resource_matrix.sql#RLS-T04-ANON-DENY,Direct database decision; role labels never come from user metadata
RLS-T04-SERVER-ONLY,student,synthetic_student_a,unimind_private.source_locators,READ,synthetic_resource_row,SELF_OR_POLICY_SCOPE,AUTHORIZED_OR_OTHER,AUTHORIZED_OR_OTHER,ACTIVE_OR_BOUNDARY,DENY,client role has no private-schema usage or table privilege,supabase/tests/17_actor_action_resource_matrix.sql#RLS-T04-SERVER-ONLY,Direct database decision; role labels never come from user metadata
RLS-T04-SERVER-ONLY,student,synthetic_student_a,unimind_private.source_locators,CREATE,synthetic_resource_row,SELF_OR_POLICY_SCOPE,AUTHORIZED_OR_OTHER,AUTHORIZED_OR_OTHER,ACTIVE_OR_BOUNDARY,DENY,client role has no private-schema usage or table privilege,supabase/tests/17_actor_action_resource_matrix.sql#RLS-T04-SERVER-ONLY,Direct database decision; role labels never come from user metadata
RLS-T04-SERVER-ONLY,student,synthetic_student_a,unimind_private.source_locators,UPDATE,synthetic_resource_row,SELF_OR_POLICY_SCOPE,AUTHORIZED_OR_OTHER,AUTHORIZED_OR_OTHER,ACTIVE_OR_BOUNDARY,DENY,client role has no private-schema usage or table privilege,supabase/tests/17_actor_action_resource_matrix.sql#RLS-T04-SERVER-ONLY,Direct database decision; role labels never come from user metadata
RLS-T04-SERVER-ONLY,student,synthetic_student_a,unimind_private.source_locators,DELETE,synthetic_resource_row,SELF_OR_POLICY_SCOPE,AUTHORIZED_OR_OTHER,AUTHORIZED_OR_OTHER,ACTIVE_OR_BOUNDARY,DENY,client role has no private-schema usage or table privilege,supabase/tests/17_actor_action_resource_matrix.sql#RLS-T04-SERVER-ONLY,Direct database decision; role labels never come from user metadata
RLS-T04-SERVER-ONLY,batch_leader,synthetic_batch_leader_assignment,unimind_private.source_locators,READ,synthetic_resource_row,SELF_OR_POLICY_SCOPE,AUTHORIZED_OR_OTHER,AUTHORIZED_OR_OTHER,ACTIVE_OR_BOUNDARY,DENY,client role has no private-schema usage or table privilege,supabase/tests/17_actor_action_resource_matrix.sql#RLS-T04-SERVER-ONLY,Direct database decision; role labels never come from user metadata
RLS-T04-SERVER-ONLY,batch_leader,synthetic_batch_leader_assignment,unimind_private.source_locators,CREATE,synthetic_resource_row,SELF_OR_POLICY_SCOPE,AUTHORIZED_OR_OTHER,AUTHORIZED_OR_OTHER,ACTIVE_OR_BOUNDARY,DENY,client role has no private-schema usage or table privilege,supabase/tests/17_actor_action_resource_matrix.sql#RLS-T04-SERVER-ONLY,Direct database decision; role labels never come from user metadata
RLS-T04-SERVER-ONLY,batch_leader,synthetic_batch_leader_assignment,unimind_private.source_locators,UPDATE,synthetic_resource_row,SELF_OR_POLICY_SCOPE,AUTHORIZED_OR_OTHER,AUTHORIZED_OR_OTHER,ACTIVE_OR_BOUNDARY,DENY,client role has no private-schema usage or table privilege,supabase/tests/17_actor_action_resource_matrix.sql#RLS-T04-SERVER-ONLY,Direct database decision; role labels never come from user metadata
RLS-T04-SERVER-ONLY,batch_leader,synthetic_batch_leader_assignment,unimind_private.source_locators,DELETE,synthetic_resource_row,SELF_OR_POLICY_SCOPE,AUTHORIZED_OR_OTHER,AUTHORIZED_OR_OTHER,ACTIVE_OR_BOUNDARY,DENY,client role has no private-schema usage or table privilege,supabase/tests/17_actor_action_resource_matrix.sql#RLS-T04-SERVER-ONLY,Direct database decision; role labels never come from user metadata
RLS-T04-SERVER-ONLY,admin,synthetic_admin,unimind_private.source_locators,READ,synthetic_resource_row,SELF_OR_POLICY_SCOPE,AUTHORIZED_OR_OTHER,AUTHORIZED_OR_OTHER,ACTIVE_OR_BOUNDARY,DENY,client role has no private-schema usage or table privilege,supabase/tests/17_actor_action_resource_matrix.sql#RLS-T04-SERVER-ONLY,Direct database decision; role labels never come from user metadata
RLS-T04-SERVER-ONLY,admin,synthetic_admin,unimind_private.source_locators,CREATE,synthetic_resource_row,SELF_OR_POLICY_SCOPE,AUTHORIZED_OR_OTHER,AUTHORIZED_OR_OTHER,ACTIVE_OR_BOUNDARY,DENY,client role has no private-schema usage or table privilege,supabase/tests/17_actor_action_resource_matrix.sql#RLS-T04-SERVER-ONLY,Direct database decision; role labels never come from user metadata
RLS-T04-SERVER-ONLY,admin,synthetic_admin,unimind_private.source_locators,UPDATE,synthetic_resource_row,SELF_OR_POLICY_SCOPE,AUTHORIZED_OR_OTHER,AUTHORIZED_OR_OTHER,ACTIVE_OR_BOUNDARY,DENY,client role has no private-schema usage or table privilege,supabase/tests/17_actor_action_resource_matrix.sql#RLS-T04-SERVER-ONLY,Direct database decision; role labels never come from user metadata
RLS-T04-SERVER-ONLY,admin,synthetic_admin,unimind_private.source_locators,DELETE,synthetic_resource_row,SELF_OR_POLICY_SCOPE,AUTHORIZED_OR_OTHER,AUTHORIZED_OR_OTHER,ACTIVE_OR_BOUNDARY,DENY,client role has no private-schema usage or table privilege,supabase/tests/17_actor_action_resource_matrix.sql#RLS-T04-SERVER-ONLY,Direct database decision; role labels never come from user metadata
RLS-T04-SERVER-ONLY,worker,trusted_worker_runtime,unimind_private.source_locators,READ,synthetic_resource_row,SELF_OR_POLICY_SCOPE,AUTHORIZED_OR_OTHER,AUTHORIZED_OR_OTHER,ACTIVE_OR_BOUNDARY,SERVER_ONLY,trusted runtime with server-held credential and explicit object privilege,supabase/tests/17_actor_action_resource_matrix.sql#RLS-T04-SERVER-ONLY,Direct database decision; role labels never come from user metadata
RLS-T04-SERVER-ONLY,worker,trusted_worker_runtime,unimind_private.source_locators,CREATE,synthetic_resource_row,SELF_OR_POLICY_SCOPE,AUTHORIZED_OR_OTHER,AUTHORIZED_OR_OTHER,ACTIVE_OR_BOUNDARY,SERVER_ONLY,trusted runtime with server-held credential and explicit object privilege,supabase/tests/17_actor_action_resource_matrix.sql#RLS-T04-SERVER-ONLY,Direct database decision; role labels never come from user metadata
RLS-T04-SERVER-ONLY,worker,trusted_worker_runtime,unimind_private.source_locators,UPDATE,synthetic_resource_row,SELF_OR_POLICY_SCOPE,AUTHORIZED_OR_OTHER,AUTHORIZED_OR_OTHER,ACTIVE_OR_BOUNDARY,SERVER_ONLY,trusted runtime with server-held credential and explicit object privilege,supabase/tests/17_actor_action_resource_matrix.sql#RLS-T04-SERVER-ONLY,Direct database decision; role labels never come from user metadata
RLS-T04-SERVER-ONLY,worker,trusted_worker_runtime,unimind_private.source_locators,DELETE,synthetic_resource_row,SELF_OR_POLICY_SCOPE,AUTHORIZED_OR_OTHER,AUTHORIZED_OR_OTHER,ACTIVE_OR_BOUNDARY,SERVER_ONLY,trusted runtime with server-held credential and explicit object privilege,supabase/tests/17_actor_action_resource_matrix.sql#RLS-T04-SERVER-ONLY,Direct database decision; role labels never come from user metadata
RLS-T04-SERVER-ONLY,service_role,trusted_service_runtime,unimind_private.source_locators,READ,synthetic_resource_row,SELF_OR_POLICY_SCOPE,AUTHORIZED_OR_OTHER,AUTHORIZED_OR_OTHER,ACTIVE_OR_BOUNDARY,SERVER_ONLY,trusted runtime with server-held credential and explicit object privilege,supabase/tests/17_actor_action_resource_matrix.sql#RLS-T04-SERVER-ONLY,Direct database decision; role labels never come from user metadata
RLS-T04-SERVER-ONLY,service_role,trusted_service_runtime,unimind_private.source_locators,CREATE,synthetic_resource_row,SELF_OR_POLICY_SCOPE,AUTHORIZED_OR_OTHER,AUTHORIZED_OR_OTHER,ACTIVE_OR_BOUNDARY,SERVER_ONLY,trusted runtime with server-held credential and explicit object privilege,supabase/tests/17_actor_action_resource_matrix.sql#RLS-T04-SERVER-ONLY,Direct database decision; role labels never come from user metadata
RLS-T04-SERVER-ONLY,service_role,trusted_service_runtime,unimind_private.source_locators,UPDATE,synthetic_resource_row,SELF_OR_POLICY_SCOPE,AUTHORIZED_OR_OTHER,AUTHORIZED_OR_OTHER,ACTIVE_OR_BOUNDARY,SERVER_ONLY,trusted runtime with server-held credential and explicit object privilege,supabase/tests/17_actor_action_resource_matrix.sql#RLS-T04-SERVER-ONLY,Direct database decision; role labels never come from user metadata
RLS-T04-SERVER-ONLY,service_role,trusted_service_runtime,unimind_private.source_locators,DELETE,synthetic_resource_row,SELF_OR_POLICY_SCOPE,AUTHORIZED_OR_OTHER,AUTHORIZED_OR_OTHER,ACTIVE_OR_BOUNDARY,SERVER_ONLY,trusted runtime with server-held credential and explicit object privilege,supabase/tests/17_actor_action_resource_matrix.sql#RLS-T04-SERVER-ONLY,Direct database decision; role labels never come from user metadata
RLS-T04-ANON-DENY,anon,anonymous_session,unimind_private.source_segments,READ,synthetic_resource_row,SELF_OR_POLICY_SCOPE,AUTHORIZED_OR_OTHER,AUTHORIZED_OR_OTHER,ACTIVE_OR_BOUNDARY,DENY,anon has no table grants,supabase/tests/17_actor_action_resource_matrix.sql#RLS-T04-ANON-DENY,Direct database decision; role labels never come from user metadata
RLS-T04-ANON-DENY,anon,anonymous_session,unimind_private.source_segments,CREATE,synthetic_resource_row,SELF_OR_POLICY_SCOPE,AUTHORIZED_OR_OTHER,AUTHORIZED_OR_OTHER,ACTIVE_OR_BOUNDARY,DENY,anon has no table grants,supabase/tests/17_actor_action_resource_matrix.sql#RLS-T04-ANON-DENY,Direct database decision; role labels never come from user metadata
RLS-T04-ANON-DENY,anon,anonymous_session,unimind_private.source_segments,UPDATE,synthetic_resource_row,SELF_OR_POLICY_SCOPE,AUTHORIZED_OR_OTHER,AUTHORIZED_OR_OTHER,ACTIVE_OR_BOUNDARY,DENY,anon has no table grants,supabase/tests/17_actor_action_resource_matrix.sql#RLS-T04-ANON-DENY,Direct database decision; role labels never come from user metadata
RLS-T04-ANON-DENY,anon,anonymous_session,unimind_private.source_segments,DELETE,synthetic_resource_row,SELF_OR_POLICY_SCOPE,AUTHORIZED_OR_OTHER,AUTHORIZED_OR_OTHER,ACTIVE_OR_BOUNDARY,DENY,anon has no table grants,supabase/tests/17_actor_action_resource_matrix.sql#RLS-T04-ANON-DENY,Direct database decision; role labels never come from user metadata
RLS-T04-SERVER-ONLY,student,synthetic_student_a,unimind_private.source_segments,READ,synthetic_resource_row,SELF_OR_POLICY_SCOPE,AUTHORIZED_OR_OTHER,AUTHORIZED_OR_OTHER,ACTIVE_OR_BOUNDARY,DENY,client role has no private-schema usage or table privilege,supabase/tests/17_actor_action_resource_matrix.sql#RLS-T04-SERVER-ONLY,Direct database decision; role labels never come from user metadata
RLS-T04-SERVER-ONLY,student,synthetic_student_a,unimind_private.source_segments,CREATE,synthetic_resource_row,SELF_OR_POLICY_SCOPE,AUTHORIZED_OR_OTHER,AUTHORIZED_OR_OTHER,ACTIVE_OR_BOUNDARY,DENY,client role has no private-schema usage or table privilege,supabase/tests/17_actor_action_resource_matrix.sql#RLS-T04-SERVER-ONLY,Direct database decision; role labels never come from user metadata
RLS-T04-SERVER-ONLY,student,synthetic_student_a,unimind_private.source_segments,UPDATE,synthetic_resource_row,SELF_OR_POLICY_SCOPE,AUTHORIZED_OR_OTHER,AUTHORIZED_OR_OTHER,ACTIVE_OR_BOUNDARY,DENY,client role has no private-schema usage or table privilege,supabase/tests/17_actor_action_resource_matrix.sql#RLS-T04-SERVER-ONLY,Direct database decision; role labels never come from user metadata
RLS-T04-SERVER-ONLY,student,synthetic_student_a,unimind_private.source_segments,DELETE,synthetic_resource_row,SELF_OR_POLICY_SCOPE,AUTHORIZED_OR_OTHER,AUTHORIZED_OR_OTHER,ACTIVE_OR_BOUNDARY,DENY,client role has no private-schema usage or table privilege,supabase/tests/17_actor_action_resource_matrix.sql#RLS-T04-SERVER-ONLY,Direct database decision; role labels never come from user metadata
RLS-T04-SERVER-ONLY,batch_leader,synthetic_batch_leader_assignment,unimind_private.source_segments,READ,synthetic_resource_row,SELF_OR_POLICY_SCOPE,AUTHORIZED_OR_OTHER,AUTHORIZED_OR_OTHER,ACTIVE_OR_BOUNDARY,DENY,client role has no private-schema usage or table privilege,supabase/tests/17_actor_action_resource_matrix.sql#RLS-T04-SERVER-ONLY,Direct database decision; role labels never come from user metadata
RLS-T04-SERVER-ONLY,batch_leader,synthetic_batch_leader_assignment,unimind_private.source_segments,CREATE,synthetic_resource_row,SELF_OR_POLICY_SCOPE,AUTHORIZED_OR_OTHER,AUTHORIZED_OR_OTHER,ACTIVE_OR_BOUNDARY,DENY,client role has no private-schema usage or table privilege,supabase/tests/17_actor_action_resource_matrix.sql#RLS-T04-SERVER-ONLY,Direct database decision; role labels never come from user metadata
RLS-T04-SERVER-ONLY,batch_leader,synthetic_batch_leader_assignment,unimind_private.source_segments,UPDATE,synthetic_resource_row,SELF_OR_POLICY_SCOPE,AUTHORIZED_OR_OTHER,AUTHORIZED_OR_OTHER,ACTIVE_OR_BOUNDARY,DENY,client role has no private-schema usage or table privilege,supabase/tests/17_actor_action_resource_matrix.sql#RLS-T04-SERVER-ONLY,Direct database decision; role labels never come from user metadata
RLS-T04-SERVER-ONLY,batch_leader,synthetic_batch_leader_assignment,unimind_private.source_segments,DELETE,synthetic_resource_row,SELF_OR_POLICY_SCOPE,AUTHORIZED_OR_OTHER,AUTHORIZED_OR_OTHER,ACTIVE_OR_BOUNDARY,DENY,client role has no private-schema usage or table privilege,supabase/tests/17_actor_action_resource_matrix.sql#RLS-T04-SERVER-ONLY,Direct database decision; role labels never come from user metadata
RLS-T04-SERVER-ONLY,admin,synthetic_admin,unimind_private.source_segments,READ,synthetic_resource_row,SELF_OR_POLICY_SCOPE,AUTHORIZED_OR_OTHER,AUTHORIZED_OR_OTHER,ACTIVE_OR_BOUNDARY,DENY,client role has no private-schema usage or table privilege,supabase/tests/17_actor_action_resource_matrix.sql#RLS-T04-SERVER-ONLY,Direct database decision; role labels never come from user metadata
RLS-T04-SERVER-ONLY,admin,synthetic_admin,unimind_private.source_segments,CREATE,synthetic_resource_row,SELF_OR_POLICY_SCOPE,AUTHORIZED_OR_OTHER,AUTHORIZED_OR_OTHER,ACTIVE_OR_BOUNDARY,DENY,client role has no private-schema usage or table privilege,supabase/tests/17_actor_action_resource_matrix.sql#RLS-T04-SERVER-ONLY,Direct database decision; role labels never come from user metadata
RLS-T04-SERVER-ONLY,admin,synthetic_admin,unimind_private.source_segments,UPDATE,synthetic_resource_row,SELF_OR_POLICY_SCOPE,AUTHORIZED_OR_OTHER,AUTHORIZED_OR_OTHER,ACTIVE_OR_BOUNDARY,DENY,client role has no private-schema usage or table privilege,supabase/tests/17_actor_action_resource_matrix.sql#RLS-T04-SERVER-ONLY,Direct database decision; role labels never come from user metadata
RLS-T04-SERVER-ONLY,admin,synthetic_admin,unimind_private.source_segments,DELETE,synthetic_resource_row,SELF_OR_POLICY_SCOPE,AUTHORIZED_OR_OTHER,AUTHORIZED_OR_OTHER,ACTIVE_OR_BOUNDARY,DENY,client role has no private-schema usage or table privilege,supabase/tests/17_actor_action_resource_matrix.sql#RLS-T04-SERVER-ONLY,Direct database decision; role labels never come from user metadata
RLS-T04-SERVER-ONLY,worker,trusted_worker_runtime,unimind_private.source_segments,READ,synthetic_resource_row,SELF_OR_POLICY_SCOPE,AUTHORIZED_OR_OTHER,AUTHORIZED_OR_OTHER,ACTIVE_OR_BOUNDARY,SERVER_ONLY,trusted runtime with server-held credential and explicit object privilege,supabase/tests/17_actor_action_resource_matrix.sql#RLS-T04-SERVER-ONLY,Direct database decision; role labels never come from user metadata
RLS-T04-SERVER-ONLY,worker,trusted_worker_runtime,unimind_private.source_segments,CREATE,synthetic_resource_row,SELF_OR_POLICY_SCOPE,AUTHORIZED_OR_OTHER,AUTHORIZED_OR_OTHER,ACTIVE_OR_BOUNDARY,SERVER_ONLY,trusted runtime with server-held credential and explicit object privilege,supabase/tests/17_actor_action_resource_matrix.sql#RLS-T04-SERVER-ONLY,Direct database decision; role labels never come from user metadata
RLS-T04-SERVER-ONLY,worker,trusted_worker_runtime,unimind_private.source_segments,UPDATE,synthetic_resource_row,SELF_OR_POLICY_SCOPE,AUTHORIZED_OR_OTHER,AUTHORIZED_OR_OTHER,ACTIVE_OR_BOUNDARY,SERVER_ONLY,trusted runtime with server-held credential and explicit object privilege,supabase/tests/17_actor_action_resource_matrix.sql#RLS-T04-SERVER-ONLY,Direct database decision; role labels never come from user metadata
RLS-T04-SERVER-ONLY,worker,trusted_worker_runtime,unimind_private.source_segments,DELETE,synthetic_resource_row,SELF_OR_POLICY_SCOPE,AUTHORIZED_OR_OTHER,AUTHORIZED_OR_OTHER,ACTIVE_OR_BOUNDARY,SERVER_ONLY,trusted runtime with server-held credential and explicit object privilege,supabase/tests/17_actor_action_resource_matrix.sql#RLS-T04-SERVER-ONLY,Direct database decision; role labels never come from user metadata
RLS-T04-SERVER-ONLY,service_role,trusted_service_runtime,unimind_private.source_segments,READ,synthetic_resource_row,SELF_OR_POLICY_SCOPE,AUTHORIZED_OR_OTHER,AUTHORIZED_OR_OTHER,ACTIVE_OR_BOUNDARY,SERVER_ONLY,trusted runtime with server-held credential and explicit object privilege,supabase/tests/17_actor_action_resource_matrix.sql#RLS-T04-SERVER-ONLY,Direct database decision; role labels never come from user metadata
RLS-T04-SERVER-ONLY,service_role,trusted_service_runtime,unimind_private.source_segments,CREATE,synthetic_resource_row,SELF_OR_POLICY_SCOPE,AUTHORIZED_OR_OTHER,AUTHORIZED_OR_OTHER,ACTIVE_OR_BOUNDARY,SERVER_ONLY,trusted runtime with server-held credential and explicit object privilege,supabase/tests/17_actor_action_resource_matrix.sql#RLS-T04-SERVER-ONLY,Direct database decision; role labels never come from user metadata
RLS-T04-SERVER-ONLY,service_role,trusted_service_runtime,unimind_private.source_segments,UPDATE,synthetic_resource_row,SELF_OR_POLICY_SCOPE,AUTHORIZED_OR_OTHER,AUTHORIZED_OR_OTHER,ACTIVE_OR_BOUNDARY,SERVER_ONLY,trusted runtime with server-held credential and explicit object privilege,supabase/tests/17_actor_action_resource_matrix.sql#RLS-T04-SERVER-ONLY,Direct database decision; role labels never come from user metadata
RLS-T04-SERVER-ONLY,service_role,trusted_service_runtime,unimind_private.source_segments,DELETE,synthetic_resource_row,SELF_OR_POLICY_SCOPE,AUTHORIZED_OR_OTHER,AUTHORIZED_OR_OTHER,ACTIVE_OR_BOUNDARY,SERVER_ONLY,trusted runtime with server-held credential and explicit object privilege,supabase/tests/17_actor_action_resource_matrix.sql#RLS-T04-SERVER-ONLY,Direct database decision; role labels never come from user metadata
RLS-T04-ANON-DENY,anon,anonymous_session,unimind_private.synthetic_foundation_fixture,READ,synthetic_resource_row,SELF_OR_POLICY_SCOPE,AUTHORIZED_OR_OTHER,AUTHORIZED_OR_OTHER,ACTIVE_OR_BOUNDARY,DENY,anon has no table grants,supabase/tests/17_actor_action_resource_matrix.sql#RLS-T04-ANON-DENY,Direct database decision; role labels never come from user metadata
RLS-T04-ANON-DENY,anon,anonymous_session,unimind_private.synthetic_foundation_fixture,CREATE,synthetic_resource_row,SELF_OR_POLICY_SCOPE,AUTHORIZED_OR_OTHER,AUTHORIZED_OR_OTHER,ACTIVE_OR_BOUNDARY,DENY,anon has no table grants,supabase/tests/17_actor_action_resource_matrix.sql#RLS-T04-ANON-DENY,Direct database decision; role labels never come from user metadata
RLS-T04-ANON-DENY,anon,anonymous_session,unimind_private.synthetic_foundation_fixture,UPDATE,synthetic_resource_row,SELF_OR_POLICY_SCOPE,AUTHORIZED_OR_OTHER,AUTHORIZED_OR_OTHER,ACTIVE_OR_BOUNDARY,DENY,anon has no table grants,supabase/tests/17_actor_action_resource_matrix.sql#RLS-T04-ANON-DENY,Direct database decision; role labels never come from user metadata
RLS-T04-ANON-DENY,anon,anonymous_session,unimind_private.synthetic_foundation_fixture,DELETE,synthetic_resource_row,SELF_OR_POLICY_SCOPE,AUTHORIZED_OR_OTHER,AUTHORIZED_OR_OTHER,ACTIVE_OR_BOUNDARY,DENY,anon has no table grants,supabase/tests/17_actor_action_resource_matrix.sql#RLS-T04-ANON-DENY,Direct database decision; role labels never come from user metadata
RLS-T04-SERVER-ONLY,student,synthetic_student_a,unimind_private.synthetic_foundation_fixture,READ,synthetic_resource_row,SELF_OR_POLICY_SCOPE,AUTHORIZED_OR_OTHER,AUTHORIZED_OR_OTHER,ACTIVE_OR_BOUNDARY,DENY,client role has no private-schema usage or table privilege,supabase/tests/17_actor_action_resource_matrix.sql#RLS-T04-SERVER-ONLY,Direct database decision; role labels never come from user metadata
RLS-T04-SERVER-ONLY,student,synthetic_student_a,unimind_private.synthetic_foundation_fixture,CREATE,synthetic_resource_row,SELF_OR_POLICY_SCOPE,AUTHORIZED_OR_OTHER,AUTHORIZED_OR_OTHER,ACTIVE_OR_BOUNDARY,DENY,client role has no private-schema usage or table privilege,supabase/tests/17_actor_action_resource_matrix.sql#RLS-T04-SERVER-ONLY,Direct database decision; role labels never come from user metadata
RLS-T04-SERVER-ONLY,student,synthetic_student_a,unimind_private.synthetic_foundation_fixture,UPDATE,synthetic_resource_row,SELF_OR_POLICY_SCOPE,AUTHORIZED_OR_OTHER,AUTHORIZED_OR_OTHER,ACTIVE_OR_BOUNDARY,DENY,client role has no private-schema usage or table privilege,supabase/tests/17_actor_action_resource_matrix.sql#RLS-T04-SERVER-ONLY,Direct database decision; role labels never come from user metadata
RLS-T04-SERVER-ONLY,student,synthetic_student_a,unimind_private.synthetic_foundation_fixture,DELETE,synthetic_resource_row,SELF_OR_POLICY_SCOPE,AUTHORIZED_OR_OTHER,AUTHORIZED_OR_OTHER,ACTIVE_OR_BOUNDARY,DENY,client role has no private-schema usage or table privilege,supabase/tests/17_actor_action_resource_matrix.sql#RLS-T04-SERVER-ONLY,Direct database decision; role labels never come from user metadata
RLS-T04-SERVER-ONLY,batch_leader,synthetic_batch_leader_assignment,unimind_private.synthetic_foundation_fixture,READ,synthetic_resource_row,SELF_OR_POLICY_SCOPE,AUTHORIZED_OR_OTHER,AUTHORIZED_OR_OTHER,ACTIVE_OR_BOUNDARY,DENY,client role has no private-schema usage or table privilege,supabase/tests/17_actor_action_resource_matrix.sql#RLS-T04-SERVER-ONLY,Direct database decision; role labels never come from user metadata
RLS-T04-SERVER-ONLY,batch_leader,synthetic_batch_leader_assignment,unimind_private.synthetic_foundation_fixture,CREATE,synthetic_resource_row,SELF_OR_POLICY_SCOPE,AUTHORIZED_OR_OTHER,AUTHORIZED_OR_OTHER,ACTIVE_OR_BOUNDARY,DENY,client role has no private-schema usage or table privilege,supabase/tests/17_actor_action_resource_matrix.sql#RLS-T04-SERVER-ONLY,Direct database decision; role labels never come from user metadata
RLS-T04-SERVER-ONLY,batch_leader,synthetic_batch_leader_assignment,unimind_private.synthetic_foundation_fixture,UPDATE,synthetic_resource_row,SELF_OR_POLICY_SCOPE,AUTHORIZED_OR_OTHER,AUTHORIZED_OR_OTHER,ACTIVE_OR_BOUNDARY,DENY,client role has no private-schema usage or table privilege,supabase/tests/17_actor_action_resource_matrix.sql#RLS-T04-SERVER-ONLY,Direct database decision; role labels never come from user metadata
RLS-T04-SERVER-ONLY,batch_leader,synthetic_batch_leader_assignment,unimind_private.synthetic_foundation_fixture,DELETE,synthetic_resource_row,SELF_OR_POLICY_SCOPE,AUTHORIZED_OR_OTHER,AUTHORIZED_OR_OTHER,ACTIVE_OR_BOUNDARY,DENY,client role has no private-schema usage or table privilege,supabase/tests/17_actor_action_resource_matrix.sql#RLS-T04-SERVER-ONLY,Direct database decision; role labels never come from user metadata
RLS-T04-SERVER-ONLY,admin,synthetic_admin,unimind_private.synthetic_foundation_fixture,READ,synthetic_resource_row,SELF_OR_POLICY_SCOPE,AUTHORIZED_OR_OTHER,AUTHORIZED_OR_OTHER,ACTIVE_OR_BOUNDARY,DENY,client role has no private-schema usage or table privilege,supabase/tests/17_actor_action_resource_matrix.sql#RLS-T04-SERVER-ONLY,Direct database decision; role labels never come from user metadata
RLS-T04-SERVER-ONLY,admin,synthetic_admin,unimind_private.synthetic_foundation_fixture,CREATE,synthetic_resource_row,SELF_OR_POLICY_SCOPE,AUTHORIZED_OR_OTHER,AUTHORIZED_OR_OTHER,ACTIVE_OR_BOUNDARY,DENY,client role has no private-schema usage or table privilege,supabase/tests/17_actor_action_resource_matrix.sql#RLS-T04-SERVER-ONLY,Direct database decision; role labels never come from user metadata
RLS-T04-SERVER-ONLY,admin,synthetic_admin,unimind_private.synthetic_foundation_fixture,UPDATE,synthetic_resource_row,SELF_OR_POLICY_SCOPE,AUTHORIZED_OR_OTHER,AUTHORIZED_OR_OTHER,ACTIVE_OR_BOUNDARY,DENY,client role has no private-schema usage or table privilege,supabase/tests/17_actor_action_resource_matrix.sql#RLS-T04-SERVER-ONLY,Direct database decision; role labels never come from user metadata
RLS-T04-SERVER-ONLY,admin,synthetic_admin,unimind_private.synthetic_foundation_fixture,DELETE,synthetic_resource_row,SELF_OR_POLICY_SCOPE,AUTHORIZED_OR_OTHER,AUTHORIZED_OR_OTHER,ACTIVE_OR_BOUNDARY,DENY,client role has no private-schema usage or table privilege,supabase/tests/17_actor_action_resource_matrix.sql#RLS-T04-SERVER-ONLY,Direct database decision; role labels never come from user metadata
RLS-T04-SERVER-ONLY,worker,trusted_worker_runtime,unimind_private.synthetic_foundation_fixture,READ,synthetic_resource_row,SELF_OR_POLICY_SCOPE,AUTHORIZED_OR_OTHER,AUTHORIZED_OR_OTHER,ACTIVE_OR_BOUNDARY,SERVER_ONLY,trusted runtime with server-held credential and explicit object privilege,supabase/tests/17_actor_action_resource_matrix.sql#RLS-T04-SERVER-ONLY,Direct database decision; role labels never come from user metadata
RLS-T04-SERVER-ONLY,worker,trusted_worker_runtime,unimind_private.synthetic_foundation_fixture,CREATE,synthetic_resource_row,SELF_OR_POLICY_SCOPE,AUTHORIZED_OR_OTHER,AUTHORIZED_OR_OTHER,ACTIVE_OR_BOUNDARY,SERVER_ONLY,trusted runtime with server-held credential and explicit object privilege,supabase/tests/17_actor_action_resource_matrix.sql#RLS-T04-SERVER-ONLY,Direct database decision; role labels never come from user metadata
RLS-T04-SERVER-ONLY,worker,trusted_worker_runtime,unimind_private.synthetic_foundation_fixture,UPDATE,synthetic_resource_row,SELF_OR_POLICY_SCOPE,AUTHORIZED_OR_OTHER,AUTHORIZED_OR_OTHER,ACTIVE_OR_BOUNDARY,SERVER_ONLY,trusted runtime with server-held credential and explicit object privilege,supabase/tests/17_actor_action_resource_matrix.sql#RLS-T04-SERVER-ONLY,Direct database decision; role labels never come from user metadata
RLS-T04-SERVER-ONLY,worker,trusted_worker_runtime,unimind_private.synthetic_foundation_fixture,DELETE,synthetic_resource_row,SELF_OR_POLICY_SCOPE,AUTHORIZED_OR_OTHER,AUTHORIZED_OR_OTHER,ACTIVE_OR_BOUNDARY,SERVER_ONLY,trusted runtime with server-held credential and explicit object privilege,supabase/tests/17_actor_action_resource_matrix.sql#RLS-T04-SERVER-ONLY,Direct database decision; role labels never come from user metadata
RLS-T04-SERVER-ONLY,service_role,trusted_service_runtime,unimind_private.synthetic_foundation_fixture,READ,synthetic_resource_row,SELF_OR_POLICY_SCOPE,AUTHORIZED_OR_OTHER,AUTHORIZED_OR_OTHER,ACTIVE_OR_BOUNDARY,SERVER_ONLY,trusted runtime with server-held credential and explicit object privilege,supabase/tests/17_actor_action_resource_matrix.sql#RLS-T04-SERVER-ONLY,Direct database decision; role labels never come from user metadata
RLS-T04-SERVER-ONLY,service_role,trusted_service_runtime,unimind_private.synthetic_foundation_fixture,CREATE,synthetic_resource_row,SELF_OR_POLICY_SCOPE,AUTHORIZED_OR_OTHER,AUTHORIZED_OR_OTHER,ACTIVE_OR_BOUNDARY,SERVER_ONLY,trusted runtime with server-held credential and explicit object privilege,supabase/tests/17_actor_action_resource_matrix.sql#RLS-T04-SERVER-ONLY,Direct database decision; role labels never come from user metadata
RLS-T04-SERVER-ONLY,service_role,trusted_service_runtime,unimind_private.synthetic_foundation_fixture,UPDATE,synthetic_resource_row,SELF_OR_POLICY_SCOPE,AUTHORIZED_OR_OTHER,AUTHORIZED_OR_OTHER,ACTIVE_OR_BOUNDARY,SERVER_ONLY,trusted runtime with server-held credential and explicit object privilege,supabase/tests/17_actor_action_resource_matrix.sql#RLS-T04-SERVER-ONLY,Direct database decision; role labels never come from user metadata
RLS-T04-SERVER-ONLY,service_role,trusted_service_runtime,unimind_private.synthetic_foundation_fixture,DELETE,synthetic_resource_row,SELF_OR_POLICY_SCOPE,AUTHORIZED_OR_OTHER,AUTHORIZED_OR_OTHER,ACTIVE_OR_BOUNDARY,SERVER_ONLY,trusted runtime with server-held credential and explicit object privilege,supabase/tests/17_actor_action_resource_matrix.sql#RLS-T04-SERVER-ONLY,Direct database decision; role labels never come from user metadata
RLS-T04-ANON-DENY,anon,anonymous_session,unimind_private.system_feature_flags,READ,synthetic_resource_row,SELF_OR_POLICY_SCOPE,AUTHORIZED_OR_OTHER,AUTHORIZED_OR_OTHER,ACTIVE_OR_BOUNDARY,DENY,anon has no table grants,supabase/tests/17_actor_action_resource_matrix.sql#RLS-T04-ANON-DENY,Direct database decision; role labels never come from user metadata
RLS-T04-ANON-DENY,anon,anonymous_session,unimind_private.system_feature_flags,CREATE,synthetic_resource_row,SELF_OR_POLICY_SCOPE,AUTHORIZED_OR_OTHER,AUTHORIZED_OR_OTHER,ACTIVE_OR_BOUNDARY,DENY,anon has no table grants,supabase/tests/17_actor_action_resource_matrix.sql#RLS-T04-ANON-DENY,Direct database decision; role labels never come from user metadata
RLS-T04-ANON-DENY,anon,anonymous_session,unimind_private.system_feature_flags,UPDATE,synthetic_resource_row,SELF_OR_POLICY_SCOPE,AUTHORIZED_OR_OTHER,AUTHORIZED_OR_OTHER,ACTIVE_OR_BOUNDARY,DENY,anon has no table grants,supabase/tests/17_actor_action_resource_matrix.sql#RLS-T04-ANON-DENY,Direct database decision; role labels never come from user metadata
RLS-T04-ANON-DENY,anon,anonymous_session,unimind_private.system_feature_flags,DELETE,synthetic_resource_row,SELF_OR_POLICY_SCOPE,AUTHORIZED_OR_OTHER,AUTHORIZED_OR_OTHER,ACTIVE_OR_BOUNDARY,DENY,anon has no table grants,supabase/tests/17_actor_action_resource_matrix.sql#RLS-T04-ANON-DENY,Direct database decision; role labels never come from user metadata
RLS-T04-SERVER-ONLY,student,synthetic_student_a,unimind_private.system_feature_flags,READ,synthetic_resource_row,SELF_OR_POLICY_SCOPE,AUTHORIZED_OR_OTHER,AUTHORIZED_OR_OTHER,ACTIVE_OR_BOUNDARY,DENY,client role has no private-schema usage or table privilege,supabase/tests/17_actor_action_resource_matrix.sql#RLS-T04-SERVER-ONLY,Direct database decision; role labels never come from user metadata
RLS-T04-SERVER-ONLY,student,synthetic_student_a,unimind_private.system_feature_flags,CREATE,synthetic_resource_row,SELF_OR_POLICY_SCOPE,AUTHORIZED_OR_OTHER,AUTHORIZED_OR_OTHER,ACTIVE_OR_BOUNDARY,DENY,client role has no private-schema usage or table privilege,supabase/tests/17_actor_action_resource_matrix.sql#RLS-T04-SERVER-ONLY,Direct database decision; role labels never come from user metadata
RLS-T04-SERVER-ONLY,student,synthetic_student_a,unimind_private.system_feature_flags,UPDATE,synthetic_resource_row,SELF_OR_POLICY_SCOPE,AUTHORIZED_OR_OTHER,AUTHORIZED_OR_OTHER,ACTIVE_OR_BOUNDARY,DENY,client role has no private-schema usage or table privilege,supabase/tests/17_actor_action_resource_matrix.sql#RLS-T04-SERVER-ONLY,Direct database decision; role labels never come from user metadata
RLS-T04-SERVER-ONLY,student,synthetic_student_a,unimind_private.system_feature_flags,DELETE,synthetic_resource_row,SELF_OR_POLICY_SCOPE,AUTHORIZED_OR_OTHER,AUTHORIZED_OR_OTHER,ACTIVE_OR_BOUNDARY,DENY,client role has no private-schema usage or table privilege,supabase/tests/17_actor_action_resource_matrix.sql#RLS-T04-SERVER-ONLY,Direct database decision; role labels never come from user metadata
RLS-T04-SERVER-ONLY,batch_leader,synthetic_batch_leader_assignment,unimind_private.system_feature_flags,READ,synthetic_resource_row,SELF_OR_POLICY_SCOPE,AUTHORIZED_OR_OTHER,AUTHORIZED_OR_OTHER,ACTIVE_OR_BOUNDARY,DENY,client role has no private-schema usage or table privilege,supabase/tests/17_actor_action_resource_matrix.sql#RLS-T04-SERVER-ONLY,Direct database decision; role labels never come from user metadata
RLS-T04-SERVER-ONLY,batch_leader,synthetic_batch_leader_assignment,unimind_private.system_feature_flags,CREATE,synthetic_resource_row,SELF_OR_POLICY_SCOPE,AUTHORIZED_OR_OTHER,AUTHORIZED_OR_OTHER,ACTIVE_OR_BOUNDARY,DENY,client role has no private-schema usage or table privilege,supabase/tests/17_actor_action_resource_matrix.sql#RLS-T04-SERVER-ONLY,Direct database decision; role labels never come from user metadata
RLS-T04-SERVER-ONLY,batch_leader,synthetic_batch_leader_assignment,unimind_private.system_feature_flags,UPDATE,synthetic_resource_row,SELF_OR_POLICY_SCOPE,AUTHORIZED_OR_OTHER,AUTHORIZED_OR_OTHER,ACTIVE_OR_BOUNDARY,DENY,client role has no private-schema usage or table privilege,supabase/tests/17_actor_action_resource_matrix.sql#RLS-T04-SERVER-ONLY,Direct database decision; role labels never come from user metadata
RLS-T04-SERVER-ONLY,batch_leader,synthetic_batch_leader_assignment,unimind_private.system_feature_flags,DELETE,synthetic_resource_row,SELF_OR_POLICY_SCOPE,AUTHORIZED_OR_OTHER,AUTHORIZED_OR_OTHER,ACTIVE_OR_BOUNDARY,DENY,client role has no private-schema usage or table privilege,supabase/tests/17_actor_action_resource_matrix.sql#RLS-T04-SERVER-ONLY,Direct database decision; role labels never come from user metadata
RLS-T04-SERVER-ONLY,admin,synthetic_admin,unimind_private.system_feature_flags,READ,synthetic_resource_row,SELF_OR_POLICY_SCOPE,AUTHORIZED_OR_OTHER,AUTHORIZED_OR_OTHER,ACTIVE_OR_BOUNDARY,DENY,client role has no private-schema usage or table privilege,supabase/tests/17_actor_action_resource_matrix.sql#RLS-T04-SERVER-ONLY,Direct database decision; role labels never come from user metadata
RLS-T04-SERVER-ONLY,admin,synthetic_admin,unimind_private.system_feature_flags,CREATE,synthetic_resource_row,SELF_OR_POLICY_SCOPE,AUTHORIZED_OR_OTHER,AUTHORIZED_OR_OTHER,ACTIVE_OR_BOUNDARY,DENY,client role has no private-schema usage or table privilege,supabase/tests/17_actor_action_resource_matrix.sql#RLS-T04-SERVER-ONLY,Direct database decision; role labels never come from user metadata
RLS-T04-SERVER-ONLY,admin,synthetic_admin,unimind_private.system_feature_flags,UPDATE,synthetic_resource_row,SELF_OR_POLICY_SCOPE,AUTHORIZED_OR_OTHER,AUTHORIZED_OR_OTHER,ACTIVE_OR_BOUNDARY,DENY,client role has no private-schema usage or table privilege,supabase/tests/17_actor_action_resource_matrix.sql#RLS-T04-SERVER-ONLY,Direct database decision; role labels never come from user metadata
RLS-T04-SERVER-ONLY,admin,synthetic_admin,unimind_private.system_feature_flags,DELETE,synthetic_resource_row,SELF_OR_POLICY_SCOPE,AUTHORIZED_OR_OTHER,AUTHORIZED_OR_OTHER,ACTIVE_OR_BOUNDARY,DENY,client role has no private-schema usage or table privilege,supabase/tests/17_actor_action_resource_matrix.sql#RLS-T04-SERVER-ONLY,Direct database decision; role labels never come from user metadata
RLS-T04-SERVER-ONLY,worker,trusted_worker_runtime,unimind_private.system_feature_flags,READ,synthetic_resource_row,SELF_OR_POLICY_SCOPE,AUTHORIZED_OR_OTHER,AUTHORIZED_OR_OTHER,ACTIVE_OR_BOUNDARY,SERVER_ONLY,trusted runtime with server-held credential and explicit object privilege,supabase/tests/17_actor_action_resource_matrix.sql#RLS-T04-SERVER-ONLY,Direct database decision; role labels never come from user metadata
RLS-T04-SERVER-ONLY,worker,trusted_worker_runtime,unimind_private.system_feature_flags,CREATE,synthetic_resource_row,SELF_OR_POLICY_SCOPE,AUTHORIZED_OR_OTHER,AUTHORIZED_OR_OTHER,ACTIVE_OR_BOUNDARY,SERVER_ONLY,trusted runtime with server-held credential and explicit object privilege,supabase/tests/17_actor_action_resource_matrix.sql#RLS-T04-SERVER-ONLY,Direct database decision; role labels never come from user metadata
RLS-T04-SERVER-ONLY,worker,trusted_worker_runtime,unimind_private.system_feature_flags,UPDATE,synthetic_resource_row,SELF_OR_POLICY_SCOPE,AUTHORIZED_OR_OTHER,AUTHORIZED_OR_OTHER,ACTIVE_OR_BOUNDARY,SERVER_ONLY,trusted runtime with server-held credential and explicit object privilege,supabase/tests/17_actor_action_resource_matrix.sql#RLS-T04-SERVER-ONLY,Direct database decision; role labels never come from user metadata
RLS-T04-SERVER-ONLY,worker,trusted_worker_runtime,unimind_private.system_feature_flags,DELETE,synthetic_resource_row,SELF_OR_POLICY_SCOPE,AUTHORIZED_OR_OTHER,AUTHORIZED_OR_OTHER,ACTIVE_OR_BOUNDARY,SERVER_ONLY,trusted runtime with server-held credential and explicit object privilege,supabase/tests/17_actor_action_resource_matrix.sql#RLS-T04-SERVER-ONLY,Direct database decision; role labels never come from user metadata
RLS-T04-SERVER-ONLY,service_role,trusted_service_runtime,unimind_private.system_feature_flags,READ,synthetic_resource_row,SELF_OR_POLICY_SCOPE,AUTHORIZED_OR_OTHER,AUTHORIZED_OR_OTHER,ACTIVE_OR_BOUNDARY,SERVER_ONLY,trusted runtime with server-held credential and explicit object privilege,supabase/tests/17_actor_action_resource_matrix.sql#RLS-T04-SERVER-ONLY,Direct database decision; role labels never come from user metadata
RLS-T04-SERVER-ONLY,service_role,trusted_service_runtime,unimind_private.system_feature_flags,CREATE,synthetic_resource_row,SELF_OR_POLICY_SCOPE,AUTHORIZED_OR_OTHER,AUTHORIZED_OR_OTHER,ACTIVE_OR_BOUNDARY,SERVER_ONLY,trusted runtime with server-held credential and explicit object privilege,supabase/tests/17_actor_action_resource_matrix.sql#RLS-T04-SERVER-ONLY,Direct database decision; role labels never come from user metadata
RLS-T04-SERVER-ONLY,service_role,trusted_service_runtime,unimind_private.system_feature_flags,UPDATE,synthetic_resource_row,SELF_OR_POLICY_SCOPE,AUTHORIZED_OR_OTHER,AUTHORIZED_OR_OTHER,ACTIVE_OR_BOUNDARY,SERVER_ONLY,trusted runtime with server-held credential and explicit object privilege,supabase/tests/17_actor_action_resource_matrix.sql#RLS-T04-SERVER-ONLY,Direct database decision; role labels never come from user metadata
RLS-T04-SERVER-ONLY,service_role,trusted_service_runtime,unimind_private.system_feature_flags,DELETE,synthetic_resource_row,SELF_OR_POLICY_SCOPE,AUTHORIZED_OR_OTHER,AUTHORIZED_OR_OTHER,ACTIVE_OR_BOUNDARY,SERVER_ONLY,trusted runtime with server-held credential and explicit object privilege,supabase/tests/17_actor_action_resource_matrix.sql#RLS-T04-SERVER-ONLY,Direct database decision; role labels never come from user metadata
RLS-T04-ANON-DENY,anon,anonymous_session,unimind_private.usage_ledger,READ,synthetic_resource_row,SELF_OR_POLICY_SCOPE,AUTHORIZED_OR_OTHER,AUTHORIZED_OR_OTHER,ACTIVE_OR_BOUNDARY,DENY,anon has no table grants,supabase/tests/17_actor_action_resource_matrix.sql#RLS-T04-ANON-DENY,Direct database decision; role labels never come from user metadata
RLS-T04-ANON-DENY,anon,anonymous_session,unimind_private.usage_ledger,CREATE,synthetic_resource_row,SELF_OR_POLICY_SCOPE,AUTHORIZED_OR_OTHER,AUTHORIZED_OR_OTHER,ACTIVE_OR_BOUNDARY,DENY,anon has no table grants,supabase/tests/17_actor_action_resource_matrix.sql#RLS-T04-ANON-DENY,Direct database decision; role labels never come from user metadata
RLS-T04-ANON-DENY,anon,anonymous_session,unimind_private.usage_ledger,UPDATE,synthetic_resource_row,SELF_OR_POLICY_SCOPE,AUTHORIZED_OR_OTHER,AUTHORIZED_OR_OTHER,ACTIVE_OR_BOUNDARY,DENY,anon has no table grants,supabase/tests/17_actor_action_resource_matrix.sql#RLS-T04-ANON-DENY,Direct database decision; role labels never come from user metadata
RLS-T04-ANON-DENY,anon,anonymous_session,unimind_private.usage_ledger,DELETE,synthetic_resource_row,SELF_OR_POLICY_SCOPE,AUTHORIZED_OR_OTHER,AUTHORIZED_OR_OTHER,ACTIVE_OR_BOUNDARY,DENY,anon has no table grants,supabase/tests/17_actor_action_resource_matrix.sql#RLS-T04-ANON-DENY,Direct database decision; role labels never come from user metadata
RLS-T04-SERVER-ONLY,student,synthetic_student_a,unimind_private.usage_ledger,READ,synthetic_resource_row,SELF_OR_POLICY_SCOPE,AUTHORIZED_OR_OTHER,AUTHORIZED_OR_OTHER,ACTIVE_OR_BOUNDARY,DENY,client role has no private-schema usage or table privilege,supabase/tests/17_actor_action_resource_matrix.sql#RLS-T04-SERVER-ONLY,Direct database decision; role labels never come from user metadata
RLS-T04-SERVER-ONLY,student,synthetic_student_a,unimind_private.usage_ledger,CREATE,synthetic_resource_row,SELF_OR_POLICY_SCOPE,AUTHORIZED_OR_OTHER,AUTHORIZED_OR_OTHER,ACTIVE_OR_BOUNDARY,DENY,client role has no private-schema usage or table privilege,supabase/tests/17_actor_action_resource_matrix.sql#RLS-T04-SERVER-ONLY,Direct database decision; role labels never come from user metadata
RLS-T04-SERVER-ONLY,student,synthetic_student_a,unimind_private.usage_ledger,UPDATE,synthetic_resource_row,SELF_OR_POLICY_SCOPE,AUTHORIZED_OR_OTHER,AUTHORIZED_OR_OTHER,ACTIVE_OR_BOUNDARY,DENY,client role has no private-schema usage or table privilege,supabase/tests/17_actor_action_resource_matrix.sql#RLS-T04-SERVER-ONLY,Direct database decision; role labels never come from user metadata
RLS-T04-SERVER-ONLY,student,synthetic_student_a,unimind_private.usage_ledger,DELETE,synthetic_resource_row,SELF_OR_POLICY_SCOPE,AUTHORIZED_OR_OTHER,AUTHORIZED_OR_OTHER,ACTIVE_OR_BOUNDARY,DENY,client role has no private-schema usage or table privilege,supabase/tests/17_actor_action_resource_matrix.sql#RLS-T04-SERVER-ONLY,Direct database decision; role labels never come from user metadata
RLS-T04-SERVER-ONLY,batch_leader,synthetic_batch_leader_assignment,unimind_private.usage_ledger,READ,synthetic_resource_row,SELF_OR_POLICY_SCOPE,AUTHORIZED_OR_OTHER,AUTHORIZED_OR_OTHER,ACTIVE_OR_BOUNDARY,DENY,client role has no private-schema usage or table privilege,supabase/tests/17_actor_action_resource_matrix.sql#RLS-T04-SERVER-ONLY,Direct database decision; role labels never come from user metadata
RLS-T04-SERVER-ONLY,batch_leader,synthetic_batch_leader_assignment,unimind_private.usage_ledger,CREATE,synthetic_resource_row,SELF_OR_POLICY_SCOPE,AUTHORIZED_OR_OTHER,AUTHORIZED_OR_OTHER,ACTIVE_OR_BOUNDARY,DENY,client role has no private-schema usage or table privilege,supabase/tests/17_actor_action_resource_matrix.sql#RLS-T04-SERVER-ONLY,Direct database decision; role labels never come from user metadata
RLS-T04-SERVER-ONLY,batch_leader,synthetic_batch_leader_assignment,unimind_private.usage_ledger,UPDATE,synthetic_resource_row,SELF_OR_POLICY_SCOPE,AUTHORIZED_OR_OTHER,AUTHORIZED_OR_OTHER,ACTIVE_OR_BOUNDARY,DENY,client role has no private-schema usage or table privilege,supabase/tests/17_actor_action_resource_matrix.sql#RLS-T04-SERVER-ONLY,Direct database decision; role labels never come from user metadata
RLS-T04-SERVER-ONLY,batch_leader,synthetic_batch_leader_assignment,unimind_private.usage_ledger,DELETE,synthetic_resource_row,SELF_OR_POLICY_SCOPE,AUTHORIZED_OR_OTHER,AUTHORIZED_OR_OTHER,ACTIVE_OR_BOUNDARY,DENY,client role has no private-schema usage or table privilege,supabase/tests/17_actor_action_resource_matrix.sql#RLS-T04-SERVER-ONLY,Direct database decision; role labels never come from user metadata
RLS-T04-SERVER-ONLY,admin,synthetic_admin,unimind_private.usage_ledger,READ,synthetic_resource_row,SELF_OR_POLICY_SCOPE,AUTHORIZED_OR_OTHER,AUTHORIZED_OR_OTHER,ACTIVE_OR_BOUNDARY,DENY,client role has no private-schema usage or table privilege,supabase/tests/17_actor_action_resource_matrix.sql#RLS-T04-SERVER-ONLY,Direct database decision; role labels never come from user metadata
RLS-T04-SERVER-ONLY,admin,synthetic_admin,unimind_private.usage_ledger,CREATE,synthetic_resource_row,SELF_OR_POLICY_SCOPE,AUTHORIZED_OR_OTHER,AUTHORIZED_OR_OTHER,ACTIVE_OR_BOUNDARY,DENY,client role has no private-schema usage or table privilege,supabase/tests/17_actor_action_resource_matrix.sql#RLS-T04-SERVER-ONLY,Direct database decision; role labels never come from user metadata
RLS-T04-SERVER-ONLY,admin,synthetic_admin,unimind_private.usage_ledger,UPDATE,synthetic_resource_row,SELF_OR_POLICY_SCOPE,AUTHORIZED_OR_OTHER,AUTHORIZED_OR_OTHER,ACTIVE_OR_BOUNDARY,DENY,client role has no private-schema usage or table privilege,supabase/tests/17_actor_action_resource_matrix.sql#RLS-T04-SERVER-ONLY,Direct database decision; role labels never come from user metadata
RLS-T04-SERVER-ONLY,admin,synthetic_admin,unimind_private.usage_ledger,DELETE,synthetic_resource_row,SELF_OR_POLICY_SCOPE,AUTHORIZED_OR_OTHER,AUTHORIZED_OR_OTHER,ACTIVE_OR_BOUNDARY,DENY,client role has no private-schema usage or table privilege,supabase/tests/17_actor_action_resource_matrix.sql#RLS-T04-SERVER-ONLY,Direct database decision; role labels never come from user metadata
RLS-T04-SERVER-ONLY,worker,trusted_worker_runtime,unimind_private.usage_ledger,READ,synthetic_resource_row,SELF_OR_POLICY_SCOPE,AUTHORIZED_OR_OTHER,AUTHORIZED_OR_OTHER,ACTIVE_OR_BOUNDARY,SERVER_ONLY,trusted runtime with server-held credential and explicit object privilege,supabase/tests/17_actor_action_resource_matrix.sql#RLS-T04-SERVER-ONLY,Direct database decision; role labels never come from user metadata
RLS-T04-SERVER-ONLY,worker,trusted_worker_runtime,unimind_private.usage_ledger,CREATE,synthetic_resource_row,SELF_OR_POLICY_SCOPE,AUTHORIZED_OR_OTHER,AUTHORIZED_OR_OTHER,ACTIVE_OR_BOUNDARY,SERVER_ONLY,trusted runtime with server-held credential and explicit object privilege,supabase/tests/17_actor_action_resource_matrix.sql#RLS-T04-SERVER-ONLY,Direct database decision; role labels never come from user metadata
RLS-T04-SERVER-ONLY,worker,trusted_worker_runtime,unimind_private.usage_ledger,UPDATE,synthetic_resource_row,SELF_OR_POLICY_SCOPE,AUTHORIZED_OR_OTHER,AUTHORIZED_OR_OTHER,ACTIVE_OR_BOUNDARY,SERVER_ONLY,trusted runtime with server-held credential and explicit object privilege,supabase/tests/17_actor_action_resource_matrix.sql#RLS-T04-SERVER-ONLY,Direct database decision; role labels never come from user metadata
RLS-T04-SERVER-ONLY,worker,trusted_worker_runtime,unimind_private.usage_ledger,DELETE,synthetic_resource_row,SELF_OR_POLICY_SCOPE,AUTHORIZED_OR_OTHER,AUTHORIZED_OR_OTHER,ACTIVE_OR_BOUNDARY,SERVER_ONLY,trusted runtime with server-held credential and explicit object privilege,supabase/tests/17_actor_action_resource_matrix.sql#RLS-T04-SERVER-ONLY,Direct database decision; role labels never come from user metadata
RLS-T04-SERVER-ONLY,service_role,trusted_service_runtime,unimind_private.usage_ledger,READ,synthetic_resource_row,SELF_OR_POLICY_SCOPE,AUTHORIZED_OR_OTHER,AUTHORIZED_OR_OTHER,ACTIVE_OR_BOUNDARY,SERVER_ONLY,trusted runtime with server-held credential and explicit object privilege,supabase/tests/17_actor_action_resource_matrix.sql#RLS-T04-SERVER-ONLY,Direct database decision; role labels never come from user metadata
RLS-T04-SERVER-ONLY,service_role,trusted_service_runtime,unimind_private.usage_ledger,CREATE,synthetic_resource_row,SELF_OR_POLICY_SCOPE,AUTHORIZED_OR_OTHER,AUTHORIZED_OR_OTHER,ACTIVE_OR_BOUNDARY,SERVER_ONLY,trusted runtime with server-held credential and explicit object privilege,supabase/tests/17_actor_action_resource_matrix.sql#RLS-T04-SERVER-ONLY,Direct database decision; role labels never come from user metadata
RLS-T04-SERVER-ONLY,service_role,trusted_service_runtime,unimind_private.usage_ledger,UPDATE,synthetic_resource_row,SELF_OR_POLICY_SCOPE,AUTHORIZED_OR_OTHER,AUTHORIZED_OR_OTHER,ACTIVE_OR_BOUNDARY,SERVER_ONLY,trusted runtime with server-held credential and explicit object privilege,supabase/tests/17_actor_action_resource_matrix.sql#RLS-T04-SERVER-ONLY,Direct database decision; role labels never come from user metadata
RLS-T04-SERVER-ONLY,service_role,trusted_service_runtime,unimind_private.usage_ledger,DELETE,synthetic_resource_row,SELF_OR_POLICY_SCOPE,AUTHORIZED_OR_OTHER,AUTHORIZED_OR_OTHER,ACTIVE_OR_BOUNDARY,SERVER_ONLY,trusted runtime with server-held credential and explicit object privilege,supabase/tests/17_actor_action_resource_matrix.sql#RLS-T04-SERVER-ONLY,Direct database decision; role labels never come from user metadata
RLS-T04-ANON-DENY,anon,anonymous_session,unimind_private.usage_reservations,READ,synthetic_resource_row,SELF_OR_POLICY_SCOPE,AUTHORIZED_OR_OTHER,AUTHORIZED_OR_OTHER,ACTIVE_OR_BOUNDARY,DENY,anon has no table grants,supabase/tests/17_actor_action_resource_matrix.sql#RLS-T04-ANON-DENY,Direct database decision; role labels never come from user metadata
RLS-T04-ANON-DENY,anon,anonymous_session,unimind_private.usage_reservations,CREATE,synthetic_resource_row,SELF_OR_POLICY_SCOPE,AUTHORIZED_OR_OTHER,AUTHORIZED_OR_OTHER,ACTIVE_OR_BOUNDARY,DENY,anon has no table grants,supabase/tests/17_actor_action_resource_matrix.sql#RLS-T04-ANON-DENY,Direct database decision; role labels never come from user metadata
RLS-T04-ANON-DENY,anon,anonymous_session,unimind_private.usage_reservations,UPDATE,synthetic_resource_row,SELF_OR_POLICY_SCOPE,AUTHORIZED_OR_OTHER,AUTHORIZED_OR_OTHER,ACTIVE_OR_BOUNDARY,DENY,anon has no table grants,supabase/tests/17_actor_action_resource_matrix.sql#RLS-T04-ANON-DENY,Direct database decision; role labels never come from user metadata
RLS-T04-ANON-DENY,anon,anonymous_session,unimind_private.usage_reservations,DELETE,synthetic_resource_row,SELF_OR_POLICY_SCOPE,AUTHORIZED_OR_OTHER,AUTHORIZED_OR_OTHER,ACTIVE_OR_BOUNDARY,DENY,anon has no table grants,supabase/tests/17_actor_action_resource_matrix.sql#RLS-T04-ANON-DENY,Direct database decision; role labels never come from user metadata
RLS-T04-SERVER-ONLY,student,synthetic_student_a,unimind_private.usage_reservations,READ,synthetic_resource_row,SELF_OR_POLICY_SCOPE,AUTHORIZED_OR_OTHER,AUTHORIZED_OR_OTHER,ACTIVE_OR_BOUNDARY,DENY,client role has no private-schema usage or table privilege,supabase/tests/17_actor_action_resource_matrix.sql#RLS-T04-SERVER-ONLY,Direct database decision; role labels never come from user metadata
RLS-T04-SERVER-ONLY,student,synthetic_student_a,unimind_private.usage_reservations,CREATE,synthetic_resource_row,SELF_OR_POLICY_SCOPE,AUTHORIZED_OR_OTHER,AUTHORIZED_OR_OTHER,ACTIVE_OR_BOUNDARY,DENY,client role has no private-schema usage or table privilege,supabase/tests/17_actor_action_resource_matrix.sql#RLS-T04-SERVER-ONLY,Direct database decision; role labels never come from user metadata
RLS-T04-SERVER-ONLY,student,synthetic_student_a,unimind_private.usage_reservations,UPDATE,synthetic_resource_row,SELF_OR_POLICY_SCOPE,AUTHORIZED_OR_OTHER,AUTHORIZED_OR_OTHER,ACTIVE_OR_BOUNDARY,DENY,client role has no private-schema usage or table privilege,supabase/tests/17_actor_action_resource_matrix.sql#RLS-T04-SERVER-ONLY,Direct database decision; role labels never come from user metadata
RLS-T04-SERVER-ONLY,student,synthetic_student_a,unimind_private.usage_reservations,DELETE,synthetic_resource_row,SELF_OR_POLICY_SCOPE,AUTHORIZED_OR_OTHER,AUTHORIZED_OR_OTHER,ACTIVE_OR_BOUNDARY,DENY,client role has no private-schema usage or table privilege,supabase/tests/17_actor_action_resource_matrix.sql#RLS-T04-SERVER-ONLY,Direct database decision; role labels never come from user metadata
RLS-T04-SERVER-ONLY,batch_leader,synthetic_batch_leader_assignment,unimind_private.usage_reservations,READ,synthetic_resource_row,SELF_OR_POLICY_SCOPE,AUTHORIZED_OR_OTHER,AUTHORIZED_OR_OTHER,ACTIVE_OR_BOUNDARY,DENY,client role has no private-schema usage or table privilege,supabase/tests/17_actor_action_resource_matrix.sql#RLS-T04-SERVER-ONLY,Direct database decision; role labels never come from user metadata
RLS-T04-SERVER-ONLY,batch_leader,synthetic_batch_leader_assignment,unimind_private.usage_reservations,CREATE,synthetic_resource_row,SELF_OR_POLICY_SCOPE,AUTHORIZED_OR_OTHER,AUTHORIZED_OR_OTHER,ACTIVE_OR_BOUNDARY,DENY,client role has no private-schema usage or table privilege,supabase/tests/17_actor_action_resource_matrix.sql#RLS-T04-SERVER-ONLY,Direct database decision; role labels never come from user metadata
RLS-T04-SERVER-ONLY,batch_leader,synthetic_batch_leader_assignment,unimind_private.usage_reservations,UPDATE,synthetic_resource_row,SELF_OR_POLICY_SCOPE,AUTHORIZED_OR_OTHER,AUTHORIZED_OR_OTHER,ACTIVE_OR_BOUNDARY,DENY,client role has no private-schema usage or table privilege,supabase/tests/17_actor_action_resource_matrix.sql#RLS-T04-SERVER-ONLY,Direct database decision; role labels never come from user metadata
RLS-T04-SERVER-ONLY,batch_leader,synthetic_batch_leader_assignment,unimind_private.usage_reservations,DELETE,synthetic_resource_row,SELF_OR_POLICY_SCOPE,AUTHORIZED_OR_OTHER,AUTHORIZED_OR_OTHER,ACTIVE_OR_BOUNDARY,DENY,client role has no private-schema usage or table privilege,supabase/tests/17_actor_action_resource_matrix.sql#RLS-T04-SERVER-ONLY,Direct database decision; role labels never come from user metadata
RLS-T04-SERVER-ONLY,admin,synthetic_admin,unimind_private.usage_reservations,READ,synthetic_resource_row,SELF_OR_POLICY_SCOPE,AUTHORIZED_OR_OTHER,AUTHORIZED_OR_OTHER,ACTIVE_OR_BOUNDARY,DENY,client role has no private-schema usage or table privilege,supabase/tests/17_actor_action_resource_matrix.sql#RLS-T04-SERVER-ONLY,Direct database decision; role labels never come from user metadata
RLS-T04-SERVER-ONLY,admin,synthetic_admin,unimind_private.usage_reservations,CREATE,synthetic_resource_row,SELF_OR_POLICY_SCOPE,AUTHORIZED_OR_OTHER,AUTHORIZED_OR_OTHER,ACTIVE_OR_BOUNDARY,DENY,client role has no private-schema usage or table privilege,supabase/tests/17_actor_action_resource_matrix.sql#RLS-T04-SERVER-ONLY,Direct database decision; role labels never come from user metadata
RLS-T04-SERVER-ONLY,admin,synthetic_admin,unimind_private.usage_reservations,UPDATE,synthetic_resource_row,SELF_OR_POLICY_SCOPE,AUTHORIZED_OR_OTHER,AUTHORIZED_OR_OTHER,ACTIVE_OR_BOUNDARY,DENY,client role has no private-schema usage or table privilege,supabase/tests/17_actor_action_resource_matrix.sql#RLS-T04-SERVER-ONLY,Direct database decision; role labels never come from user metadata
RLS-T04-SERVER-ONLY,admin,synthetic_admin,unimind_private.usage_reservations,DELETE,synthetic_resource_row,SELF_OR_POLICY_SCOPE,AUTHORIZED_OR_OTHER,AUTHORIZED_OR_OTHER,ACTIVE_OR_BOUNDARY,DENY,client role has no private-schema usage or table privilege,supabase/tests/17_actor_action_resource_matrix.sql#RLS-T04-SERVER-ONLY,Direct database decision; role labels never come from user metadata
RLS-T04-SERVER-ONLY,worker,trusted_worker_runtime,unimind_private.usage_reservations,READ,synthetic_resource_row,SELF_OR_POLICY_SCOPE,AUTHORIZED_OR_OTHER,AUTHORIZED_OR_OTHER,ACTIVE_OR_BOUNDARY,SERVER_ONLY,trusted runtime with server-held credential and explicit object privilege,supabase/tests/17_actor_action_resource_matrix.sql#RLS-T04-SERVER-ONLY,Direct database decision; role labels never come from user metadata
RLS-T04-SERVER-ONLY,worker,trusted_worker_runtime,unimind_private.usage_reservations,CREATE,synthetic_resource_row,SELF_OR_POLICY_SCOPE,AUTHORIZED_OR_OTHER,AUTHORIZED_OR_OTHER,ACTIVE_OR_BOUNDARY,SERVER_ONLY,trusted runtime with server-held credential and explicit object privilege,supabase/tests/17_actor_action_resource_matrix.sql#RLS-T04-SERVER-ONLY,Direct database decision; role labels never come from user metadata
RLS-T04-SERVER-ONLY,worker,trusted_worker_runtime,unimind_private.usage_reservations,UPDATE,synthetic_resource_row,SELF_OR_POLICY_SCOPE,AUTHORIZED_OR_OTHER,AUTHORIZED_OR_OTHER,ACTIVE_OR_BOUNDARY,SERVER_ONLY,trusted runtime with server-held credential and explicit object privilege,supabase/tests/17_actor_action_resource_matrix.sql#RLS-T04-SERVER-ONLY,Direct database decision; role labels never come from user metadata
RLS-T04-SERVER-ONLY,worker,trusted_worker_runtime,unimind_private.usage_reservations,DELETE,synthetic_resource_row,SELF_OR_POLICY_SCOPE,AUTHORIZED_OR_OTHER,AUTHORIZED_OR_OTHER,ACTIVE_OR_BOUNDARY,SERVER_ONLY,trusted runtime with server-held credential and explicit object privilege,supabase/tests/17_actor_action_resource_matrix.sql#RLS-T04-SERVER-ONLY,Direct database decision; role labels never come from user metadata
RLS-T04-SERVER-ONLY,service_role,trusted_service_runtime,unimind_private.usage_reservations,READ,synthetic_resource_row,SELF_OR_POLICY_SCOPE,AUTHORIZED_OR_OTHER,AUTHORIZED_OR_OTHER,ACTIVE_OR_BOUNDARY,SERVER_ONLY,trusted runtime with server-held credential and explicit object privilege,supabase/tests/17_actor_action_resource_matrix.sql#RLS-T04-SERVER-ONLY,Direct database decision; role labels never come from user metadata
RLS-T04-SERVER-ONLY,service_role,trusted_service_runtime,unimind_private.usage_reservations,CREATE,synthetic_resource_row,SELF_OR_POLICY_SCOPE,AUTHORIZED_OR_OTHER,AUTHORIZED_OR_OTHER,ACTIVE_OR_BOUNDARY,SERVER_ONLY,trusted runtime with server-held credential and explicit object privilege,supabase/tests/17_actor_action_resource_matrix.sql#RLS-T04-SERVER-ONLY,Direct database decision; role labels never come from user metadata
RLS-T04-SERVER-ONLY,service_role,trusted_service_runtime,unimind_private.usage_reservations,UPDATE,synthetic_resource_row,SELF_OR_POLICY_SCOPE,AUTHORIZED_OR_OTHER,AUTHORIZED_OR_OTHER,ACTIVE_OR_BOUNDARY,SERVER_ONLY,trusted runtime with server-held credential and explicit object privilege,supabase/tests/17_actor_action_resource_matrix.sql#RLS-T04-SERVER-ONLY,Direct database decision; role labels never come from user metadata
RLS-T04-SERVER-ONLY,service_role,trusted_service_runtime,unimind_private.usage_reservations,DELETE,synthetic_resource_row,SELF_OR_POLICY_SCOPE,AUTHORIZED_OR_OTHER,AUTHORIZED_OR_OTHER,ACTIVE_OR_BOUNDARY,SERVER_ONLY,trusted runtime with server-held credential and explicit object privilege,supabase/tests/17_actor_action_resource_matrix.sql#RLS-T04-SERVER-ONLY,Direct database decision; role labels never come from user metadata
RLS-T04-ANON-DENY,anon,anonymous_session,public.available_curriculum_units,EXECUTE,synthetic_function_call,CALLER,N/A,N/A,CURRENT_DB_STATE,DENY,anon has no EXECUTE privilege,supabase/tests/17_actor_action_resource_matrix.sql#RLS-T04-ANON-DENY,Direct invocation decision; policy-internal helpers are not client APIs
RLS-T04-FUNCTION-GRANTS,student,synthetic_student_a,public.available_curriculum_units,EXECUTE,synthetic_function_call,CALLER,N/A,N/A,CURRENT_DB_STATE,ALLOW,authenticated EXECUTE grant; result recomputed from auth.uid() and authoritative DB rows,supabase/tests/17_actor_action_resource_matrix.sql#RLS-T04-FUNCTION-GRANTS,Direct invocation decision; policy-internal helpers are not client APIs
RLS-T04-FUNCTION-GRANTS,batch_leader,synthetic_batch_leader_assignment,public.available_curriculum_units,EXECUTE,synthetic_function_call,CALLER,N/A,N/A,CURRENT_DB_STATE,ALLOW,authenticated EXECUTE grant; result recomputed from auth.uid() and authoritative DB rows,supabase/tests/17_actor_action_resource_matrix.sql#RLS-T04-FUNCTION-GRANTS,Direct invocation decision; policy-internal helpers are not client APIs
RLS-T04-FUNCTION-GRANTS,admin,synthetic_admin,public.available_curriculum_units,EXECUTE,synthetic_function_call,CALLER,N/A,N/A,CURRENT_DB_STATE,ALLOW,authenticated EXECUTE grant; result recomputed from auth.uid() and authoritative DB rows,supabase/tests/17_actor_action_resource_matrix.sql#RLS-T04-FUNCTION-GRANTS,Direct invocation decision; policy-internal helpers are not client APIs
RLS-T04-SERVER-ONLY,worker,trusted_worker_runtime,public.available_curriculum_units,EXECUTE,synthetic_function_call,CALLER,N/A,N/A,CURRENT_DB_STATE,SERVER_ONLY,trusted runtime or internal trigger with explicit EXECUTE path,supabase/tests/17_actor_action_resource_matrix.sql#RLS-T04-SERVER-ONLY,Direct invocation decision; policy-internal helpers are not client APIs
RLS-T04-SERVER-ONLY,service_role,trusted_service_runtime,public.available_curriculum_units,EXECUTE,synthetic_function_call,CALLER,N/A,N/A,CURRENT_DB_STATE,SERVER_ONLY,trusted runtime or internal trigger with explicit EXECUTE path,supabase/tests/17_actor_action_resource_matrix.sql#RLS-T04-SERVER-ONLY,Direct invocation decision; policy-internal helpers are not client APIs
RLS-T04-ANON-DENY,anon,anonymous_session,public.can_access_unit,EXECUTE,synthetic_function_call,CALLER,N/A,N/A,CURRENT_DB_STATE,DENY,anon has no EXECUTE privilege,supabase/tests/17_actor_action_resource_matrix.sql#RLS-T04-ANON-DENY,Direct invocation decision; policy-internal helpers are not client APIs
RLS-T04-FUNCTION-GRANTS,student,synthetic_student_a,public.can_access_unit,EXECUTE,synthetic_function_call,CALLER,N/A,N/A,CURRENT_DB_STATE,ALLOW,authenticated EXECUTE grant; result recomputed from auth.uid() and authoritative DB rows,supabase/tests/17_actor_action_resource_matrix.sql#RLS-T04-FUNCTION-GRANTS,Direct invocation decision; policy-internal helpers are not client APIs
RLS-T04-FUNCTION-GRANTS,batch_leader,synthetic_batch_leader_assignment,public.can_access_unit,EXECUTE,synthetic_function_call,CALLER,N/A,N/A,CURRENT_DB_STATE,ALLOW,authenticated EXECUTE grant; result recomputed from auth.uid() and authoritative DB rows,supabase/tests/17_actor_action_resource_matrix.sql#RLS-T04-FUNCTION-GRANTS,Direct invocation decision; policy-internal helpers are not client APIs
RLS-T04-FUNCTION-GRANTS,admin,synthetic_admin,public.can_access_unit,EXECUTE,synthetic_function_call,CALLER,N/A,N/A,CURRENT_DB_STATE,ALLOW,authenticated EXECUTE grant; result recomputed from auth.uid() and authoritative DB rows,supabase/tests/17_actor_action_resource_matrix.sql#RLS-T04-FUNCTION-GRANTS,Direct invocation decision; policy-internal helpers are not client APIs
RLS-T04-SERVER-ONLY,worker,trusted_worker_runtime,public.can_access_unit,EXECUTE,synthetic_function_call,CALLER,N/A,N/A,CURRENT_DB_STATE,SERVER_ONLY,trusted runtime or internal trigger with explicit EXECUTE path,supabase/tests/17_actor_action_resource_matrix.sql#RLS-T04-SERVER-ONLY,Direct invocation decision; policy-internal helpers are not client APIs
RLS-T04-SERVER-ONLY,service_role,trusted_service_runtime,public.can_access_unit,EXECUTE,synthetic_function_call,CALLER,N/A,N/A,CURRENT_DB_STATE,SERVER_ONLY,trusted runtime or internal trigger with explicit EXECUTE path,supabase/tests/17_actor_action_resource_matrix.sql#RLS-T04-SERVER-ONLY,Direct invocation decision; policy-internal helpers are not client APIs
RLS-T04-ANON-DENY,anon,anonymous_session,public.has_active_membership,EXECUTE,synthetic_function_call,CALLER,N/A,N/A,CURRENT_DB_STATE,DENY,anon has no EXECUTE privilege,supabase/tests/17_actor_action_resource_matrix.sql#RLS-T04-ANON-DENY,Direct invocation decision; policy-internal helpers are not client APIs
RLS-T04-FUNCTION-GRANTS,student,synthetic_student_a,public.has_active_membership,EXECUTE,synthetic_function_call,CALLER,N/A,N/A,CURRENT_DB_STATE,ALLOW,authenticated EXECUTE grant; result recomputed from auth.uid() and authoritative DB rows,supabase/tests/17_actor_action_resource_matrix.sql#RLS-T04-FUNCTION-GRANTS,Direct invocation decision; policy-internal helpers are not client APIs
RLS-T04-FUNCTION-GRANTS,batch_leader,synthetic_batch_leader_assignment,public.has_active_membership,EXECUTE,synthetic_function_call,CALLER,N/A,N/A,CURRENT_DB_STATE,ALLOW,authenticated EXECUTE grant; result recomputed from auth.uid() and authoritative DB rows,supabase/tests/17_actor_action_resource_matrix.sql#RLS-T04-FUNCTION-GRANTS,Direct invocation decision; policy-internal helpers are not client APIs
RLS-T04-FUNCTION-GRANTS,admin,synthetic_admin,public.has_active_membership,EXECUTE,synthetic_function_call,CALLER,N/A,N/A,CURRENT_DB_STATE,ALLOW,authenticated EXECUTE grant; result recomputed from auth.uid() and authoritative DB rows,supabase/tests/17_actor_action_resource_matrix.sql#RLS-T04-FUNCTION-GRANTS,Direct invocation decision; policy-internal helpers are not client APIs
RLS-T04-SERVER-ONLY,worker,trusted_worker_runtime,public.has_active_membership,EXECUTE,synthetic_function_call,CALLER,N/A,N/A,CURRENT_DB_STATE,SERVER_ONLY,trusted runtime or internal trigger with explicit EXECUTE path,supabase/tests/17_actor_action_resource_matrix.sql#RLS-T04-SERVER-ONLY,Direct invocation decision; policy-internal helpers are not client APIs
RLS-T04-SERVER-ONLY,service_role,trusted_service_runtime,public.has_active_membership,EXECUTE,synthetic_function_call,CALLER,N/A,N/A,CURRENT_DB_STATE,SERVER_ONLY,trusted runtime or internal trigger with explicit EXECUTE path,supabase/tests/17_actor_action_resource_matrix.sql#RLS-T04-SERVER-ONLY,Direct invocation decision; policy-internal helpers are not client APIs
RLS-T04-ANON-DENY,anon,anonymous_session,public.has_campaign_assignment,EXECUTE,synthetic_function_call,CALLER,N/A,N/A,CURRENT_DB_STATE,DENY,anon has no EXECUTE privilege,supabase/tests/17_actor_action_resource_matrix.sql#RLS-T04-ANON-DENY,Direct invocation decision; policy-internal helpers are not client APIs
RLS-T04-FUNCTION-GRANTS,student,synthetic_student_a,public.has_campaign_assignment,EXECUTE,synthetic_function_call,CALLER,N/A,N/A,CURRENT_DB_STATE,ALLOW,authenticated EXECUTE grant; result recomputed from auth.uid() and authoritative DB rows,supabase/tests/17_actor_action_resource_matrix.sql#RLS-T04-FUNCTION-GRANTS,Direct invocation decision; policy-internal helpers are not client APIs
RLS-T04-FUNCTION-GRANTS,batch_leader,synthetic_batch_leader_assignment,public.has_campaign_assignment,EXECUTE,synthetic_function_call,CALLER,N/A,N/A,CURRENT_DB_STATE,ALLOW,authenticated EXECUTE grant; result recomputed from auth.uid() and authoritative DB rows,supabase/tests/17_actor_action_resource_matrix.sql#RLS-T04-FUNCTION-GRANTS,Direct invocation decision; policy-internal helpers are not client APIs
RLS-T04-FUNCTION-GRANTS,admin,synthetic_admin,public.has_campaign_assignment,EXECUTE,synthetic_function_call,CALLER,N/A,N/A,CURRENT_DB_STATE,ALLOW,authenticated EXECUTE grant; result recomputed from auth.uid() and authoritative DB rows,supabase/tests/17_actor_action_resource_matrix.sql#RLS-T04-FUNCTION-GRANTS,Direct invocation decision; policy-internal helpers are not client APIs
RLS-T04-SERVER-ONLY,worker,trusted_worker_runtime,public.has_campaign_assignment,EXECUTE,synthetic_function_call,CALLER,N/A,N/A,CURRENT_DB_STATE,SERVER_ONLY,trusted runtime or internal trigger with explicit EXECUTE path,supabase/tests/17_actor_action_resource_matrix.sql#RLS-T04-SERVER-ONLY,Direct invocation decision; policy-internal helpers are not client APIs
RLS-T04-SERVER-ONLY,service_role,trusted_service_runtime,public.has_campaign_assignment,EXECUTE,synthetic_function_call,CALLER,N/A,N/A,CURRENT_DB_STATE,SERVER_ONLY,trusted runtime or internal trigger with explicit EXECUTE path,supabase/tests/17_actor_action_resource_matrix.sql#RLS-T04-SERVER-ONLY,Direct invocation decision; policy-internal helpers are not client APIs
RLS-T04-ANON-DENY,anon,anonymous_session,public.is_admin,EXECUTE,synthetic_function_call,CALLER,N/A,N/A,CURRENT_DB_STATE,DENY,anon has no EXECUTE privilege,supabase/tests/17_actor_action_resource_matrix.sql#RLS-T04-ANON-DENY,Direct invocation decision; policy-internal helpers are not client APIs
RLS-T04-FUNCTION-GRANTS,student,synthetic_student_a,public.is_admin,EXECUTE,synthetic_function_call,CALLER,N/A,N/A,CURRENT_DB_STATE,ALLOW,authenticated EXECUTE grant; result recomputed from auth.uid() and authoritative DB rows,supabase/tests/17_actor_action_resource_matrix.sql#RLS-T04-FUNCTION-GRANTS,Direct invocation decision; policy-internal helpers are not client APIs
RLS-T04-FUNCTION-GRANTS,batch_leader,synthetic_batch_leader_assignment,public.is_admin,EXECUTE,synthetic_function_call,CALLER,N/A,N/A,CURRENT_DB_STATE,ALLOW,authenticated EXECUTE grant; result recomputed from auth.uid() and authoritative DB rows,supabase/tests/17_actor_action_resource_matrix.sql#RLS-T04-FUNCTION-GRANTS,Direct invocation decision; policy-internal helpers are not client APIs
RLS-T04-FUNCTION-GRANTS,admin,synthetic_admin,public.is_admin,EXECUTE,synthetic_function_call,CALLER,N/A,N/A,CURRENT_DB_STATE,ALLOW,authenticated EXECUTE grant; result recomputed from auth.uid() and authoritative DB rows,supabase/tests/17_actor_action_resource_matrix.sql#RLS-T04-FUNCTION-GRANTS,Direct invocation decision; policy-internal helpers are not client APIs
RLS-T04-SERVER-ONLY,worker,trusted_worker_runtime,public.is_admin,EXECUTE,synthetic_function_call,CALLER,N/A,N/A,CURRENT_DB_STATE,SERVER_ONLY,trusted runtime or internal trigger with explicit EXECUTE path,supabase/tests/17_actor_action_resource_matrix.sql#RLS-T04-SERVER-ONLY,Direct invocation decision; policy-internal helpers are not client APIs
RLS-T04-SERVER-ONLY,service_role,trusted_service_runtime,public.is_admin,EXECUTE,synthetic_function_call,CALLER,N/A,N/A,CURRENT_DB_STATE,SERVER_ONLY,trusted runtime or internal trigger with explicit EXECUTE path,supabase/tests/17_actor_action_resource_matrix.sql#RLS-T04-SERVER-ONLY,Direct invocation decision; policy-internal helpers are not client APIs
RLS-T04-ANON-DENY,anon,anonymous_session,unimind_private.append_governance_audit,EXECUTE,synthetic_function_call,CALLER,N/A,N/A,CURRENT_DB_STATE,DENY,anon has no EXECUTE privilege,supabase/tests/17_actor_action_resource_matrix.sql#RLS-T04-ANON-DENY,Direct invocation decision; policy-internal helpers are not client APIs
RLS-T04-SERVER-ONLY,student,synthetic_student_a,unimind_private.append_governance_audit,EXECUTE,synthetic_function_call,CALLER,N/A,N/A,CURRENT_DB_STATE,DENY,client has no private-schema usage; private function is policy-internal or server-only,supabase/tests/17_actor_action_resource_matrix.sql#RLS-T04-SERVER-ONLY,Direct invocation decision; policy-internal helpers are not client APIs
RLS-T04-SERVER-ONLY,batch_leader,synthetic_batch_leader_assignment,unimind_private.append_governance_audit,EXECUTE,synthetic_function_call,CALLER,N/A,N/A,CURRENT_DB_STATE,DENY,client has no private-schema usage; private function is policy-internal or server-only,supabase/tests/17_actor_action_resource_matrix.sql#RLS-T04-SERVER-ONLY,Direct invocation decision; policy-internal helpers are not client APIs
RLS-T04-SERVER-ONLY,admin,synthetic_admin,unimind_private.append_governance_audit,EXECUTE,synthetic_function_call,CALLER,N/A,N/A,CURRENT_DB_STATE,DENY,client has no private-schema usage; private function is policy-internal or server-only,supabase/tests/17_actor_action_resource_matrix.sql#RLS-T04-SERVER-ONLY,Direct invocation decision; policy-internal helpers are not client APIs
RLS-T04-SERVER-ONLY,worker,trusted_worker_runtime,unimind_private.append_governance_audit,EXECUTE,synthetic_function_call,CALLER,N/A,N/A,CURRENT_DB_STATE,SERVER_ONLY,trusted runtime or internal trigger with explicit EXECUTE path,supabase/tests/17_actor_action_resource_matrix.sql#RLS-T04-SERVER-ONLY,Direct invocation decision; policy-internal helpers are not client APIs
RLS-T04-SERVER-ONLY,service_role,trusted_service_runtime,unimind_private.append_governance_audit,EXECUTE,synthetic_function_call,CALLER,N/A,N/A,CURRENT_DB_STATE,SERVER_ONLY,trusted runtime or internal trigger with explicit EXECUTE path,supabase/tests/17_actor_action_resource_matrix.sql#RLS-T04-SERVER-ONLY,Direct invocation decision; policy-internal helpers are not client APIs
RLS-T04-ANON-DENY,anon,anonymous_session,unimind_private.assert_valid_transition,EXECUTE,synthetic_function_call,CALLER,N/A,N/A,CURRENT_DB_STATE,DENY,anon has no EXECUTE privilege,supabase/tests/17_actor_action_resource_matrix.sql#RLS-T04-ANON-DENY,Direct invocation decision; policy-internal helpers are not client APIs
RLS-T04-SERVER-ONLY,student,synthetic_student_a,unimind_private.assert_valid_transition,EXECUTE,synthetic_function_call,CALLER,N/A,N/A,CURRENT_DB_STATE,DENY,client has no private-schema usage; private function is policy-internal or server-only,supabase/tests/17_actor_action_resource_matrix.sql#RLS-T04-SERVER-ONLY,Direct invocation decision; policy-internal helpers are not client APIs
RLS-T04-SERVER-ONLY,batch_leader,synthetic_batch_leader_assignment,unimind_private.assert_valid_transition,EXECUTE,synthetic_function_call,CALLER,N/A,N/A,CURRENT_DB_STATE,DENY,client has no private-schema usage; private function is policy-internal or server-only,supabase/tests/17_actor_action_resource_matrix.sql#RLS-T04-SERVER-ONLY,Direct invocation decision; policy-internal helpers are not client APIs
RLS-T04-SERVER-ONLY,admin,synthetic_admin,unimind_private.assert_valid_transition,EXECUTE,synthetic_function_call,CALLER,N/A,N/A,CURRENT_DB_STATE,DENY,client has no private-schema usage; private function is policy-internal or server-only,supabase/tests/17_actor_action_resource_matrix.sql#RLS-T04-SERVER-ONLY,Direct invocation decision; policy-internal helpers are not client APIs
RLS-T04-SERVER-ONLY,worker,trusted_worker_runtime,unimind_private.assert_valid_transition,EXECUTE,synthetic_function_call,CALLER,N/A,N/A,CURRENT_DB_STATE,SERVER_ONLY,trusted runtime or internal trigger with explicit EXECUTE path,supabase/tests/17_actor_action_resource_matrix.sql#RLS-T04-SERVER-ONLY,Direct invocation decision; policy-internal helpers are not client APIs
RLS-T04-SERVER-ONLY,service_role,trusted_service_runtime,unimind_private.assert_valid_transition,EXECUTE,synthetic_function_call,CALLER,N/A,N/A,CURRENT_DB_STATE,SERVER_ONLY,trusted runtime or internal trigger with explicit EXECUTE path,supabase/tests/17_actor_action_resource_matrix.sql#RLS-T04-SERVER-ONLY,Direct invocation decision; policy-internal helpers are not client APIs
RLS-T04-ANON-DENY,anon,anonymous_session,unimind_private.can_read_source_asset,EXECUTE,synthetic_function_call,CALLER,N/A,N/A,CURRENT_DB_STATE,DENY,anon has no EXECUTE privilege,supabase/tests/17_actor_action_resource_matrix.sql#RLS-T04-ANON-DENY,Direct invocation decision; policy-internal helpers are not client APIs
RLS-T04-SERVER-ONLY,student,synthetic_student_a,unimind_private.can_read_source_asset,EXECUTE,synthetic_function_call,CALLER,N/A,N/A,CURRENT_DB_STATE,DENY,client has no private-schema usage; private function is policy-internal or server-only,supabase/tests/17_actor_action_resource_matrix.sql#RLS-T04-SERVER-ONLY,Direct invocation decision; policy-internal helpers are not client APIs
RLS-T04-SERVER-ONLY,batch_leader,synthetic_batch_leader_assignment,unimind_private.can_read_source_asset,EXECUTE,synthetic_function_call,CALLER,N/A,N/A,CURRENT_DB_STATE,DENY,client has no private-schema usage; private function is policy-internal or server-only,supabase/tests/17_actor_action_resource_matrix.sql#RLS-T04-SERVER-ONLY,Direct invocation decision; policy-internal helpers are not client APIs
RLS-T04-SERVER-ONLY,admin,synthetic_admin,unimind_private.can_read_source_asset,EXECUTE,synthetic_function_call,CALLER,N/A,N/A,CURRENT_DB_STATE,DENY,client has no private-schema usage; private function is policy-internal or server-only,supabase/tests/17_actor_action_resource_matrix.sql#RLS-T04-SERVER-ONLY,Direct invocation decision; policy-internal helpers are not client APIs
RLS-T04-SERVER-ONLY,worker,trusted_worker_runtime,unimind_private.can_read_source_asset,EXECUTE,synthetic_function_call,CALLER,N/A,N/A,CURRENT_DB_STATE,SERVER_ONLY,trusted runtime or internal trigger with explicit EXECUTE path,supabase/tests/17_actor_action_resource_matrix.sql#RLS-T04-SERVER-ONLY,Direct invocation decision; policy-internal helpers are not client APIs
RLS-T04-SERVER-ONLY,service_role,trusted_service_runtime,unimind_private.can_read_source_asset,EXECUTE,synthetic_function_call,CALLER,N/A,N/A,CURRENT_DB_STATE,SERVER_ONLY,trusted runtime or internal trigger with explicit EXECUTE path,supabase/tests/17_actor_action_resource_matrix.sql#RLS-T04-SERVER-ONLY,Direct invocation decision; policy-internal helpers are not client APIs
RLS-T04-ANON-DENY,anon,anonymous_session,unimind_private.can_user_access_unit,EXECUTE,synthetic_function_call,CALLER,N/A,N/A,CURRENT_DB_STATE,DENY,anon has no EXECUTE privilege,supabase/tests/17_actor_action_resource_matrix.sql#RLS-T04-ANON-DENY,Direct invocation decision; policy-internal helpers are not client APIs
RLS-T04-SERVER-ONLY,student,synthetic_student_a,unimind_private.can_user_access_unit,EXECUTE,synthetic_function_call,CALLER,N/A,N/A,CURRENT_DB_STATE,DENY,client has no private-schema usage; private function is policy-internal or server-only,supabase/tests/17_actor_action_resource_matrix.sql#RLS-T04-SERVER-ONLY,Direct invocation decision; policy-internal helpers are not client APIs
RLS-T04-SERVER-ONLY,batch_leader,synthetic_batch_leader_assignment,unimind_private.can_user_access_unit,EXECUTE,synthetic_function_call,CALLER,N/A,N/A,CURRENT_DB_STATE,DENY,client has no private-schema usage; private function is policy-internal or server-only,supabase/tests/17_actor_action_resource_matrix.sql#RLS-T04-SERVER-ONLY,Direct invocation decision; policy-internal helpers are not client APIs
RLS-T04-SERVER-ONLY,admin,synthetic_admin,unimind_private.can_user_access_unit,EXECUTE,synthetic_function_call,CALLER,N/A,N/A,CURRENT_DB_STATE,DENY,client has no private-schema usage; private function is policy-internal or server-only,supabase/tests/17_actor_action_resource_matrix.sql#RLS-T04-SERVER-ONLY,Direct invocation decision; policy-internal helpers are not client APIs
RLS-T04-SERVER-ONLY,worker,trusted_worker_runtime,unimind_private.can_user_access_unit,EXECUTE,synthetic_function_call,CALLER,N/A,N/A,CURRENT_DB_STATE,SERVER_ONLY,trusted runtime or internal trigger with explicit EXECUTE path,supabase/tests/17_actor_action_resource_matrix.sql#RLS-T04-SERVER-ONLY,Direct invocation decision; policy-internal helpers are not client APIs
RLS-T04-SERVER-ONLY,service_role,trusted_service_runtime,unimind_private.can_user_access_unit,EXECUTE,synthetic_function_call,CALLER,N/A,N/A,CURRENT_DB_STATE,SERVER_ONLY,trusted runtime or internal trigger with explicit EXECUTE path,supabase/tests/17_actor_action_resource_matrix.sql#RLS-T04-SERVER-ONLY,Direct invocation decision; policy-internal helpers are not client APIs
RLS-T04-ANON-DENY,anon,anonymous_session,unimind_private.claim_processing_job,EXECUTE,synthetic_function_call,CALLER,N/A,N/A,CURRENT_DB_STATE,DENY,anon has no EXECUTE privilege,supabase/tests/17_actor_action_resource_matrix.sql#RLS-T04-ANON-DENY,Direct invocation decision; policy-internal helpers are not client APIs
RLS-T04-SERVER-ONLY,student,synthetic_student_a,unimind_private.claim_processing_job,EXECUTE,synthetic_function_call,CALLER,N/A,N/A,CURRENT_DB_STATE,DENY,client has no private-schema usage; private function is policy-internal or server-only,supabase/tests/17_actor_action_resource_matrix.sql#RLS-T04-SERVER-ONLY,Direct invocation decision; policy-internal helpers are not client APIs
RLS-T04-SERVER-ONLY,batch_leader,synthetic_batch_leader_assignment,unimind_private.claim_processing_job,EXECUTE,synthetic_function_call,CALLER,N/A,N/A,CURRENT_DB_STATE,DENY,client has no private-schema usage; private function is policy-internal or server-only,supabase/tests/17_actor_action_resource_matrix.sql#RLS-T04-SERVER-ONLY,Direct invocation decision; policy-internal helpers are not client APIs
RLS-T04-SERVER-ONLY,admin,synthetic_admin,unimind_private.claim_processing_job,EXECUTE,synthetic_function_call,CALLER,N/A,N/A,CURRENT_DB_STATE,DENY,client has no private-schema usage; private function is policy-internal or server-only,supabase/tests/17_actor_action_resource_matrix.sql#RLS-T04-SERVER-ONLY,Direct invocation decision; policy-internal helpers are not client APIs
RLS-T04-SERVER-ONLY,worker,trusted_worker_runtime,unimind_private.claim_processing_job,EXECUTE,synthetic_function_call,CALLER,N/A,N/A,CURRENT_DB_STATE,SERVER_ONLY,trusted runtime or internal trigger with explicit EXECUTE path,supabase/tests/17_actor_action_resource_matrix.sql#RLS-T04-SERVER-ONLY,Direct invocation decision; policy-internal helpers are not client APIs
RLS-T04-SERVER-ONLY,service_role,trusted_service_runtime,unimind_private.claim_processing_job,EXECUTE,synthetic_function_call,CALLER,N/A,N/A,CURRENT_DB_STATE,SERVER_ONLY,trusted runtime or internal trigger with explicit EXECUTE path,supabase/tests/17_actor_action_resource_matrix.sql#RLS-T04-SERVER-ONLY,Direct invocation decision; policy-internal helpers are not client APIs
RLS-T04-ANON-DENY,anon,anonymous_session,unimind_private.create_profile_for_auth_user,EXECUTE,synthetic_function_call,CALLER,N/A,N/A,CURRENT_DB_STATE,DENY,anon has no EXECUTE privilege,supabase/tests/17_actor_action_resource_matrix.sql#RLS-T04-ANON-DENY,Direct invocation decision; policy-internal helpers are not client APIs
RLS-T04-SERVER-ONLY,student,synthetic_student_a,unimind_private.create_profile_for_auth_user,EXECUTE,synthetic_function_call,CALLER,N/A,N/A,CURRENT_DB_STATE,DENY,client has no private-schema usage; private function is policy-internal or server-only,supabase/tests/17_actor_action_resource_matrix.sql#RLS-T04-SERVER-ONLY,Direct invocation decision; policy-internal helpers are not client APIs
RLS-T04-SERVER-ONLY,batch_leader,synthetic_batch_leader_assignment,unimind_private.create_profile_for_auth_user,EXECUTE,synthetic_function_call,CALLER,N/A,N/A,CURRENT_DB_STATE,DENY,client has no private-schema usage; private function is policy-internal or server-only,supabase/tests/17_actor_action_resource_matrix.sql#RLS-T04-SERVER-ONLY,Direct invocation decision; policy-internal helpers are not client APIs
RLS-T04-SERVER-ONLY,admin,synthetic_admin,unimind_private.create_profile_for_auth_user,EXECUTE,synthetic_function_call,CALLER,N/A,N/A,CURRENT_DB_STATE,DENY,client has no private-schema usage; private function is policy-internal or server-only,supabase/tests/17_actor_action_resource_matrix.sql#RLS-T04-SERVER-ONLY,Direct invocation decision; policy-internal helpers are not client APIs
RLS-T04-SERVER-ONLY,worker,trusted_worker_runtime,unimind_private.create_profile_for_auth_user,EXECUTE,synthetic_function_call,CALLER,N/A,N/A,CURRENT_DB_STATE,SERVER_ONLY,trusted runtime or internal trigger with explicit EXECUTE path,supabase/tests/17_actor_action_resource_matrix.sql#RLS-T04-SERVER-ONLY,Direct invocation decision; policy-internal helpers are not client APIs
RLS-T04-SERVER-ONLY,service_role,trusted_service_runtime,unimind_private.create_profile_for_auth_user,EXECUTE,synthetic_function_call,CALLER,N/A,N/A,CURRENT_DB_STATE,SERVER_ONLY,trusted runtime or internal trigger with explicit EXECUTE path,supabase/tests/17_actor_action_resource_matrix.sql#RLS-T04-SERVER-ONLY,Direct invocation decision; policy-internal helpers are not client APIs
RLS-T04-ANON-DENY,anon,anonymous_session,unimind_private.enforce_incident_transition,EXECUTE,synthetic_function_call,CALLER,N/A,N/A,CURRENT_DB_STATE,DENY,anon has no EXECUTE privilege,supabase/tests/17_actor_action_resource_matrix.sql#RLS-T04-ANON-DENY,Direct invocation decision; policy-internal helpers are not client APIs
RLS-T04-SERVER-ONLY,student,synthetic_student_a,unimind_private.enforce_incident_transition,EXECUTE,synthetic_function_call,CALLER,N/A,N/A,CURRENT_DB_STATE,DENY,client has no private-schema usage; private function is policy-internal or server-only,supabase/tests/17_actor_action_resource_matrix.sql#RLS-T04-SERVER-ONLY,Direct invocation decision; policy-internal helpers are not client APIs
RLS-T04-SERVER-ONLY,batch_leader,synthetic_batch_leader_assignment,unimind_private.enforce_incident_transition,EXECUTE,synthetic_function_call,CALLER,N/A,N/A,CURRENT_DB_STATE,DENY,client has no private-schema usage; private function is policy-internal or server-only,supabase/tests/17_actor_action_resource_matrix.sql#RLS-T04-SERVER-ONLY,Direct invocation decision; policy-internal helpers are not client APIs
RLS-T04-SERVER-ONLY,admin,synthetic_admin,unimind_private.enforce_incident_transition,EXECUTE,synthetic_function_call,CALLER,N/A,N/A,CURRENT_DB_STATE,DENY,client has no private-schema usage; private function is policy-internal or server-only,supabase/tests/17_actor_action_resource_matrix.sql#RLS-T04-SERVER-ONLY,Direct invocation decision; policy-internal helpers are not client APIs
RLS-T04-SERVER-ONLY,worker,trusted_worker_runtime,unimind_private.enforce_incident_transition,EXECUTE,synthetic_function_call,CALLER,N/A,N/A,CURRENT_DB_STATE,SERVER_ONLY,trusted runtime or internal trigger with explicit EXECUTE path,supabase/tests/17_actor_action_resource_matrix.sql#RLS-T04-SERVER-ONLY,Direct invocation decision; policy-internal helpers are not client APIs
RLS-T04-SERVER-ONLY,service_role,trusted_service_runtime,unimind_private.enforce_incident_transition,EXECUTE,synthetic_function_call,CALLER,N/A,N/A,CURRENT_DB_STATE,SERVER_ONLY,trusted runtime or internal trigger with explicit EXECUTE path,supabase/tests/17_actor_action_resource_matrix.sql#RLS-T04-SERVER-ONLY,Direct invocation decision; policy-internal helpers are not client APIs
RLS-T04-ANON-DENY,anon,anonymous_session,unimind_private.enforce_raw_object_transition,EXECUTE,synthetic_function_call,CALLER,N/A,N/A,CURRENT_DB_STATE,DENY,anon has no EXECUTE privilege,supabase/tests/17_actor_action_resource_matrix.sql#RLS-T04-ANON-DENY,Direct invocation decision; policy-internal helpers are not client APIs
RLS-T04-SERVER-ONLY,student,synthetic_student_a,unimind_private.enforce_raw_object_transition,EXECUTE,synthetic_function_call,CALLER,N/A,N/A,CURRENT_DB_STATE,DENY,client has no private-schema usage; private function is policy-internal or server-only,supabase/tests/17_actor_action_resource_matrix.sql#RLS-T04-SERVER-ONLY,Direct invocation decision; policy-internal helpers are not client APIs
RLS-T04-SERVER-ONLY,batch_leader,synthetic_batch_leader_assignment,unimind_private.enforce_raw_object_transition,EXECUTE,synthetic_function_call,CALLER,N/A,N/A,CURRENT_DB_STATE,DENY,client has no private-schema usage; private function is policy-internal or server-only,supabase/tests/17_actor_action_resource_matrix.sql#RLS-T04-SERVER-ONLY,Direct invocation decision; policy-internal helpers are not client APIs
RLS-T04-SERVER-ONLY,admin,synthetic_admin,unimind_private.enforce_raw_object_transition,EXECUTE,synthetic_function_call,CALLER,N/A,N/A,CURRENT_DB_STATE,DENY,client has no private-schema usage; private function is policy-internal or server-only,supabase/tests/17_actor_action_resource_matrix.sql#RLS-T04-SERVER-ONLY,Direct invocation decision; policy-internal helpers are not client APIs
RLS-T04-SERVER-ONLY,worker,trusted_worker_runtime,unimind_private.enforce_raw_object_transition,EXECUTE,synthetic_function_call,CALLER,N/A,N/A,CURRENT_DB_STATE,SERVER_ONLY,trusted runtime or internal trigger with explicit EXECUTE path,supabase/tests/17_actor_action_resource_matrix.sql#RLS-T04-SERVER-ONLY,Direct invocation decision; policy-internal helpers are not client APIs
RLS-T04-SERVER-ONLY,service_role,trusted_service_runtime,unimind_private.enforce_raw_object_transition,EXECUTE,synthetic_function_call,CALLER,N/A,N/A,CURRENT_DB_STATE,SERVER_ONLY,trusted runtime or internal trigger with explicit EXECUTE path,supabase/tests/17_actor_action_resource_matrix.sql#RLS-T04-SERVER-ONLY,Direct invocation decision; policy-internal helpers are not client APIs
RLS-T04-ANON-DENY,anon,anonymous_session,unimind_private.enforce_source_segment_update,EXECUTE,synthetic_function_call,CALLER,N/A,N/A,CURRENT_DB_STATE,DENY,anon has no EXECUTE privilege,supabase/tests/17_actor_action_resource_matrix.sql#RLS-T04-ANON-DENY,Direct invocation decision; policy-internal helpers are not client APIs
RLS-T04-SERVER-ONLY,student,synthetic_student_a,unimind_private.enforce_source_segment_update,EXECUTE,synthetic_function_call,CALLER,N/A,N/A,CURRENT_DB_STATE,DENY,client has no private-schema usage; private function is policy-internal or server-only,supabase/tests/17_actor_action_resource_matrix.sql#RLS-T04-SERVER-ONLY,Direct invocation decision; policy-internal helpers are not client APIs
RLS-T04-SERVER-ONLY,batch_leader,synthetic_batch_leader_assignment,unimind_private.enforce_source_segment_update,EXECUTE,synthetic_function_call,CALLER,N/A,N/A,CURRENT_DB_STATE,DENY,client has no private-schema usage; private function is policy-internal or server-only,supabase/tests/17_actor_action_resource_matrix.sql#RLS-T04-SERVER-ONLY,Direct invocation decision; policy-internal helpers are not client APIs
RLS-T04-SERVER-ONLY,admin,synthetic_admin,unimind_private.enforce_source_segment_update,EXECUTE,synthetic_function_call,CALLER,N/A,N/A,CURRENT_DB_STATE,DENY,client has no private-schema usage; private function is policy-internal or server-only,supabase/tests/17_actor_action_resource_matrix.sql#RLS-T04-SERVER-ONLY,Direct invocation decision; policy-internal helpers are not client APIs
RLS-T04-SERVER-ONLY,worker,trusted_worker_runtime,unimind_private.enforce_source_segment_update,EXECUTE,synthetic_function_call,CALLER,N/A,N/A,CURRENT_DB_STATE,SERVER_ONLY,trusted runtime or internal trigger with explicit EXECUTE path,supabase/tests/17_actor_action_resource_matrix.sql#RLS-T04-SERVER-ONLY,Direct invocation decision; policy-internal helpers are not client APIs
RLS-T04-SERVER-ONLY,service_role,trusted_service_runtime,unimind_private.enforce_source_segment_update,EXECUTE,synthetic_function_call,CALLER,N/A,N/A,CURRENT_DB_STATE,SERVER_ONLY,trusted runtime or internal trigger with explicit EXECUTE path,supabase/tests/17_actor_action_resource_matrix.sql#RLS-T04-SERVER-ONLY,Direct invocation decision; policy-internal helpers are not client APIs
RLS-T04-ANON-DENY,anon,anonymous_session,unimind_private.enforce_source_version_update,EXECUTE,synthetic_function_call,CALLER,N/A,N/A,CURRENT_DB_STATE,DENY,anon has no EXECUTE privilege,supabase/tests/17_actor_action_resource_matrix.sql#RLS-T04-ANON-DENY,Direct invocation decision; policy-internal helpers are not client APIs
RLS-T04-SERVER-ONLY,student,synthetic_student_a,unimind_private.enforce_source_version_update,EXECUTE,synthetic_function_call,CALLER,N/A,N/A,CURRENT_DB_STATE,DENY,client has no private-schema usage; private function is policy-internal or server-only,supabase/tests/17_actor_action_resource_matrix.sql#RLS-T04-SERVER-ONLY,Direct invocation decision; policy-internal helpers are not client APIs
RLS-T04-SERVER-ONLY,batch_leader,synthetic_batch_leader_assignment,unimind_private.enforce_source_version_update,EXECUTE,synthetic_function_call,CALLER,N/A,N/A,CURRENT_DB_STATE,DENY,client has no private-schema usage; private function is policy-internal or server-only,supabase/tests/17_actor_action_resource_matrix.sql#RLS-T04-SERVER-ONLY,Direct invocation decision; policy-internal helpers are not client APIs
RLS-T04-SERVER-ONLY,admin,synthetic_admin,unimind_private.enforce_source_version_update,EXECUTE,synthetic_function_call,CALLER,N/A,N/A,CURRENT_DB_STATE,DENY,client has no private-schema usage; private function is policy-internal or server-only,supabase/tests/17_actor_action_resource_matrix.sql#RLS-T04-SERVER-ONLY,Direct invocation decision; policy-internal helpers are not client APIs
RLS-T04-SERVER-ONLY,worker,trusted_worker_runtime,unimind_private.enforce_source_version_update,EXECUTE,synthetic_function_call,CALLER,N/A,N/A,CURRENT_DB_STATE,SERVER_ONLY,trusted runtime or internal trigger with explicit EXECUTE path,supabase/tests/17_actor_action_resource_matrix.sql#RLS-T04-SERVER-ONLY,Direct invocation decision; policy-internal helpers are not client APIs
RLS-T04-SERVER-ONLY,service_role,trusted_service_runtime,unimind_private.enforce_source_version_update,EXECUTE,synthetic_function_call,CALLER,N/A,N/A,CURRENT_DB_STATE,SERVER_ONLY,trusted runtime or internal trigger with explicit EXECUTE path,supabase/tests/17_actor_action_resource_matrix.sql#RLS-T04-SERVER-ONLY,Direct invocation decision; policy-internal helpers are not client APIs
RLS-T04-ANON-DENY,anon,anonymous_session,unimind_private.is_valid_transition,EXECUTE,synthetic_function_call,CALLER,N/A,N/A,CURRENT_DB_STATE,DENY,anon has no EXECUTE privilege,supabase/tests/17_actor_action_resource_matrix.sql#RLS-T04-ANON-DENY,Direct invocation decision; policy-internal helpers are not client APIs
RLS-T04-SERVER-ONLY,student,synthetic_student_a,unimind_private.is_valid_transition,EXECUTE,synthetic_function_call,CALLER,N/A,N/A,CURRENT_DB_STATE,DENY,client has no private-schema usage; private function is policy-internal or server-only,supabase/tests/17_actor_action_resource_matrix.sql#RLS-T04-SERVER-ONLY,Direct invocation decision; policy-internal helpers are not client APIs
RLS-T04-SERVER-ONLY,batch_leader,synthetic_batch_leader_assignment,unimind_private.is_valid_transition,EXECUTE,synthetic_function_call,CALLER,N/A,N/A,CURRENT_DB_STATE,DENY,client has no private-schema usage; private function is policy-internal or server-only,supabase/tests/17_actor_action_resource_matrix.sql#RLS-T04-SERVER-ONLY,Direct invocation decision; policy-internal helpers are not client APIs
RLS-T04-SERVER-ONLY,admin,synthetic_admin,unimind_private.is_valid_transition,EXECUTE,synthetic_function_call,CALLER,N/A,N/A,CURRENT_DB_STATE,DENY,client has no private-schema usage; private function is policy-internal or server-only,supabase/tests/17_actor_action_resource_matrix.sql#RLS-T04-SERVER-ONLY,Direct invocation decision; policy-internal helpers are not client APIs
RLS-T04-SERVER-ONLY,worker,trusted_worker_runtime,unimind_private.is_valid_transition,EXECUTE,synthetic_function_call,CALLER,N/A,N/A,CURRENT_DB_STATE,SERVER_ONLY,trusted runtime or internal trigger with explicit EXECUTE path,supabase/tests/17_actor_action_resource_matrix.sql#RLS-T04-SERVER-ONLY,Direct invocation decision; policy-internal helpers are not client APIs
RLS-T04-SERVER-ONLY,service_role,trusted_service_runtime,unimind_private.is_valid_transition,EXECUTE,synthetic_function_call,CALLER,N/A,N/A,CURRENT_DB_STATE,SERVER_ONLY,trusted runtime or internal trigger with explicit EXECUTE path,supabase/tests/17_actor_action_resource_matrix.sql#RLS-T04-SERVER-ONLY,Direct invocation decision; policy-internal helpers are not client APIs
RLS-T04-ANON-DENY,anon,anonymous_session,unimind_private.reject_row_mutation,EXECUTE,synthetic_function_call,CALLER,N/A,N/A,CURRENT_DB_STATE,DENY,anon has no EXECUTE privilege,supabase/tests/17_actor_action_resource_matrix.sql#RLS-T04-ANON-DENY,Direct invocation decision; policy-internal helpers are not client APIs
RLS-T04-SERVER-ONLY,student,synthetic_student_a,unimind_private.reject_row_mutation,EXECUTE,synthetic_function_call,CALLER,N/A,N/A,CURRENT_DB_STATE,DENY,client has no private-schema usage; private function is policy-internal or server-only,supabase/tests/17_actor_action_resource_matrix.sql#RLS-T04-SERVER-ONLY,Direct invocation decision; policy-internal helpers are not client APIs
RLS-T04-SERVER-ONLY,batch_leader,synthetic_batch_leader_assignment,unimind_private.reject_row_mutation,EXECUTE,synthetic_function_call,CALLER,N/A,N/A,CURRENT_DB_STATE,DENY,client has no private-schema usage; private function is policy-internal or server-only,supabase/tests/17_actor_action_resource_matrix.sql#RLS-T04-SERVER-ONLY,Direct invocation decision; policy-internal helpers are not client APIs
RLS-T04-SERVER-ONLY,admin,synthetic_admin,unimind_private.reject_row_mutation,EXECUTE,synthetic_function_call,CALLER,N/A,N/A,CURRENT_DB_STATE,DENY,client has no private-schema usage; private function is policy-internal or server-only,supabase/tests/17_actor_action_resource_matrix.sql#RLS-T04-SERVER-ONLY,Direct invocation decision; policy-internal helpers are not client APIs
RLS-T04-SERVER-ONLY,worker,trusted_worker_runtime,unimind_private.reject_row_mutation,EXECUTE,synthetic_function_call,CALLER,N/A,N/A,CURRENT_DB_STATE,SERVER_ONLY,trusted runtime or internal trigger with explicit EXECUTE path,supabase/tests/17_actor_action_resource_matrix.sql#RLS-T04-SERVER-ONLY,Direct invocation decision; policy-internal helpers are not client APIs
RLS-T04-SERVER-ONLY,service_role,trusted_service_runtime,unimind_private.reject_row_mutation,EXECUTE,synthetic_function_call,CALLER,N/A,N/A,CURRENT_DB_STATE,SERVER_ONLY,trusted runtime or internal trigger with explicit EXECUTE path,supabase/tests/17_actor_action_resource_matrix.sql#RLS-T04-SERVER-ONLY,Direct invocation decision; policy-internal helpers are not client APIs
RLS-T04-ANON-DENY,anon,anonymous_session,unimind_private.reserve_usage,EXECUTE,synthetic_function_call,CALLER,N/A,N/A,CURRENT_DB_STATE,DENY,anon has no EXECUTE privilege,supabase/tests/17_actor_action_resource_matrix.sql#RLS-T04-ANON-DENY,Direct invocation decision; policy-internal helpers are not client APIs
RLS-T04-SERVER-ONLY,student,synthetic_student_a,unimind_private.reserve_usage,EXECUTE,synthetic_function_call,CALLER,N/A,N/A,CURRENT_DB_STATE,DENY,client has no private-schema usage; private function is policy-internal or server-only,supabase/tests/17_actor_action_resource_matrix.sql#RLS-T04-SERVER-ONLY,Direct invocation decision; policy-internal helpers are not client APIs
RLS-T04-SERVER-ONLY,batch_leader,synthetic_batch_leader_assignment,unimind_private.reserve_usage,EXECUTE,synthetic_function_call,CALLER,N/A,N/A,CURRENT_DB_STATE,DENY,client has no private-schema usage; private function is policy-internal or server-only,supabase/tests/17_actor_action_resource_matrix.sql#RLS-T04-SERVER-ONLY,Direct invocation decision; policy-internal helpers are not client APIs
RLS-T04-SERVER-ONLY,admin,synthetic_admin,unimind_private.reserve_usage,EXECUTE,synthetic_function_call,CALLER,N/A,N/A,CURRENT_DB_STATE,DENY,client has no private-schema usage; private function is policy-internal or server-only,supabase/tests/17_actor_action_resource_matrix.sql#RLS-T04-SERVER-ONLY,Direct invocation decision; policy-internal helpers are not client APIs
RLS-T04-SERVER-ONLY,worker,trusted_worker_runtime,unimind_private.reserve_usage,EXECUTE,synthetic_function_call,CALLER,N/A,N/A,CURRENT_DB_STATE,SERVER_ONLY,trusted runtime or internal trigger with explicit EXECUTE path,supabase/tests/17_actor_action_resource_matrix.sql#RLS-T04-SERVER-ONLY,Direct invocation decision; policy-internal helpers are not client APIs
RLS-T04-SERVER-ONLY,service_role,trusted_service_runtime,unimind_private.reserve_usage,EXECUTE,synthetic_function_call,CALLER,N/A,N/A,CURRENT_DB_STATE,SERVER_ONLY,trusted runtime or internal trigger with explicit EXECUTE path,supabase/tests/17_actor_action_resource_matrix.sql#RLS-T04-SERVER-ONLY,Direct invocation decision; policy-internal helpers are not client APIs
RLS-T04-ANON-DENY,anon,anonymous_session,unimind_private.retrieve_authorized_segments,EXECUTE,synthetic_function_call,CALLER,N/A,N/A,CURRENT_DB_STATE,DENY,anon has no EXECUTE privilege,supabase/tests/17_actor_action_resource_matrix.sql#RLS-T04-ANON-DENY,Direct invocation decision; policy-internal helpers are not client APIs
RLS-T04-SERVER-ONLY,student,synthetic_student_a,unimind_private.retrieve_authorized_segments,EXECUTE,synthetic_function_call,CALLER,N/A,N/A,CURRENT_DB_STATE,DENY,client has no private-schema usage; private function is policy-internal or server-only,supabase/tests/17_actor_action_resource_matrix.sql#RLS-T04-SERVER-ONLY,Direct invocation decision; policy-internal helpers are not client APIs
RLS-T04-SERVER-ONLY,batch_leader,synthetic_batch_leader_assignment,unimind_private.retrieve_authorized_segments,EXECUTE,synthetic_function_call,CALLER,N/A,N/A,CURRENT_DB_STATE,DENY,client has no private-schema usage; private function is policy-internal or server-only,supabase/tests/17_actor_action_resource_matrix.sql#RLS-T04-SERVER-ONLY,Direct invocation decision; policy-internal helpers are not client APIs
RLS-T04-SERVER-ONLY,admin,synthetic_admin,unimind_private.retrieve_authorized_segments,EXECUTE,synthetic_function_call,CALLER,N/A,N/A,CURRENT_DB_STATE,DENY,client has no private-schema usage; private function is policy-internal or server-only,supabase/tests/17_actor_action_resource_matrix.sql#RLS-T04-SERVER-ONLY,Direct invocation decision; policy-internal helpers are not client APIs
RLS-T04-SERVER-ONLY,worker,trusted_worker_runtime,unimind_private.retrieve_authorized_segments,EXECUTE,synthetic_function_call,CALLER,N/A,N/A,CURRENT_DB_STATE,SERVER_ONLY,trusted runtime or internal trigger with explicit EXECUTE path,supabase/tests/17_actor_action_resource_matrix.sql#RLS-T04-SERVER-ONLY,Direct invocation decision; policy-internal helpers are not client APIs
RLS-T04-SERVER-ONLY,service_role,trusted_service_runtime,unimind_private.retrieve_authorized_segments,EXECUTE,synthetic_function_call,CALLER,N/A,N/A,CURRENT_DB_STATE,SERVER_ONLY,trusted runtime or internal trigger with explicit EXECUTE path,supabase/tests/17_actor_action_resource_matrix.sql#RLS-T04-SERVER-ONLY,Direct invocation decision; policy-internal helpers are not client APIs
RLS-T04-ANON-DENY,anon,anonymous_session,unimind_private.settle_usage,EXECUTE,synthetic_function_call,CALLER,N/A,N/A,CURRENT_DB_STATE,DENY,anon has no EXECUTE privilege,supabase/tests/17_actor_action_resource_matrix.sql#RLS-T04-ANON-DENY,Direct invocation decision; policy-internal helpers are not client APIs
RLS-T04-SERVER-ONLY,student,synthetic_student_a,unimind_private.settle_usage,EXECUTE,synthetic_function_call,CALLER,N/A,N/A,CURRENT_DB_STATE,DENY,client has no private-schema usage; private function is policy-internal or server-only,supabase/tests/17_actor_action_resource_matrix.sql#RLS-T04-SERVER-ONLY,Direct invocation decision; policy-internal helpers are not client APIs
RLS-T04-SERVER-ONLY,batch_leader,synthetic_batch_leader_assignment,unimind_private.settle_usage,EXECUTE,synthetic_function_call,CALLER,N/A,N/A,CURRENT_DB_STATE,DENY,client has no private-schema usage; private function is policy-internal or server-only,supabase/tests/17_actor_action_resource_matrix.sql#RLS-T04-SERVER-ONLY,Direct invocation decision; policy-internal helpers are not client APIs
RLS-T04-SERVER-ONLY,admin,synthetic_admin,unimind_private.settle_usage,EXECUTE,synthetic_function_call,CALLER,N/A,N/A,CURRENT_DB_STATE,DENY,client has no private-schema usage; private function is policy-internal or server-only,supabase/tests/17_actor_action_resource_matrix.sql#RLS-T04-SERVER-ONLY,Direct invocation decision; policy-internal helpers are not client APIs
RLS-T04-SERVER-ONLY,worker,trusted_worker_runtime,unimind_private.settle_usage,EXECUTE,synthetic_function_call,CALLER,N/A,N/A,CURRENT_DB_STATE,SERVER_ONLY,trusted runtime or internal trigger with explicit EXECUTE path,supabase/tests/17_actor_action_resource_matrix.sql#RLS-T04-SERVER-ONLY,Direct invocation decision; policy-internal helpers are not client APIs
RLS-T04-SERVER-ONLY,service_role,trusted_service_runtime,unimind_private.settle_usage,EXECUTE,synthetic_function_call,CALLER,N/A,N/A,CURRENT_DB_STATE,SERVER_ONLY,trusted runtime or internal trigger with explicit EXECUTE path,supabase/tests/17_actor_action_resource_matrix.sql#RLS-T04-SERVER-ONLY,Direct invocation decision; policy-internal helpers are not client APIs
RLS-T04-ANON-DENY,anon,anonymous_session,unimind_private.validate_answer_evidence_scope,EXECUTE,synthetic_function_call,CALLER,N/A,N/A,CURRENT_DB_STATE,DENY,anon has no EXECUTE privilege,supabase/tests/17_actor_action_resource_matrix.sql#RLS-T04-ANON-DENY,Direct invocation decision; policy-internal helpers are not client APIs
RLS-T04-SERVER-ONLY,student,synthetic_student_a,unimind_private.validate_answer_evidence_scope,EXECUTE,synthetic_function_call,CALLER,N/A,N/A,CURRENT_DB_STATE,DENY,client has no private-schema usage; private function is policy-internal or server-only,supabase/tests/17_actor_action_resource_matrix.sql#RLS-T04-SERVER-ONLY,Direct invocation decision; policy-internal helpers are not client APIs
RLS-T04-SERVER-ONLY,batch_leader,synthetic_batch_leader_assignment,unimind_private.validate_answer_evidence_scope,EXECUTE,synthetic_function_call,CALLER,N/A,N/A,CURRENT_DB_STATE,DENY,client has no private-schema usage; private function is policy-internal or server-only,supabase/tests/17_actor_action_resource_matrix.sql#RLS-T04-SERVER-ONLY,Direct invocation decision; policy-internal helpers are not client APIs
RLS-T04-SERVER-ONLY,admin,synthetic_admin,unimind_private.validate_answer_evidence_scope,EXECUTE,synthetic_function_call,CALLER,N/A,N/A,CURRENT_DB_STATE,DENY,client has no private-schema usage; private function is policy-internal or server-only,supabase/tests/17_actor_action_resource_matrix.sql#RLS-T04-SERVER-ONLY,Direct invocation decision; policy-internal helpers are not client APIs
RLS-T04-SERVER-ONLY,worker,trusted_worker_runtime,unimind_private.validate_answer_evidence_scope,EXECUTE,synthetic_function_call,CALLER,N/A,N/A,CURRENT_DB_STATE,SERVER_ONLY,trusted runtime or internal trigger with explicit EXECUTE path,supabase/tests/17_actor_action_resource_matrix.sql#RLS-T04-SERVER-ONLY,Direct invocation decision; policy-internal helpers are not client APIs
RLS-T04-SERVER-ONLY,service_role,trusted_service_runtime,unimind_private.validate_answer_evidence_scope,EXECUTE,synthetic_function_call,CALLER,N/A,N/A,CURRENT_DB_STATE,SERVER_ONLY,trusted runtime or internal trigger with explicit EXECUTE path,supabase/tests/17_actor_action_resource_matrix.sql#RLS-T04-SERVER-ONLY,Direct invocation decision; policy-internal helpers are not client APIs
RLS-T04-ANON-DENY,anon,anonymous_session,unimind_private.validate_artifact_evidence_scope,EXECUTE,synthetic_function_call,CALLER,N/A,N/A,CURRENT_DB_STATE,DENY,anon has no EXECUTE privilege,supabase/tests/17_actor_action_resource_matrix.sql#RLS-T04-ANON-DENY,Direct invocation decision; policy-internal helpers are not client APIs
RLS-T04-SERVER-ONLY,student,synthetic_student_a,unimind_private.validate_artifact_evidence_scope,EXECUTE,synthetic_function_call,CALLER,N/A,N/A,CURRENT_DB_STATE,DENY,client has no private-schema usage; private function is policy-internal or server-only,supabase/tests/17_actor_action_resource_matrix.sql#RLS-T04-SERVER-ONLY,Direct invocation decision; policy-internal helpers are not client APIs
RLS-T04-SERVER-ONLY,batch_leader,synthetic_batch_leader_assignment,unimind_private.validate_artifact_evidence_scope,EXECUTE,synthetic_function_call,CALLER,N/A,N/A,CURRENT_DB_STATE,DENY,client has no private-schema usage; private function is policy-internal or server-only,supabase/tests/17_actor_action_resource_matrix.sql#RLS-T04-SERVER-ONLY,Direct invocation decision; policy-internal helpers are not client APIs
RLS-T04-SERVER-ONLY,admin,synthetic_admin,unimind_private.validate_artifact_evidence_scope,EXECUTE,synthetic_function_call,CALLER,N/A,N/A,CURRENT_DB_STATE,DENY,client has no private-schema usage; private function is policy-internal or server-only,supabase/tests/17_actor_action_resource_matrix.sql#RLS-T04-SERVER-ONLY,Direct invocation decision; policy-internal helpers are not client APIs
RLS-T04-SERVER-ONLY,worker,trusted_worker_runtime,unimind_private.validate_artifact_evidence_scope,EXECUTE,synthetic_function_call,CALLER,N/A,N/A,CURRENT_DB_STATE,SERVER_ONLY,trusted runtime or internal trigger with explicit EXECUTE path,supabase/tests/17_actor_action_resource_matrix.sql#RLS-T04-SERVER-ONLY,Direct invocation decision; policy-internal helpers are not client APIs
RLS-T04-SERVER-ONLY,service_role,trusted_service_runtime,unimind_private.validate_artifact_evidence_scope,EXECUTE,synthetic_function_call,CALLER,N/A,N/A,CURRENT_DB_STATE,SERVER_ONLY,trusted runtime or internal trigger with explicit EXECUTE path,supabase/tests/17_actor_action_resource_matrix.sql#RLS-T04-SERVER-ONLY,Direct invocation decision; policy-internal helpers are not client APIs
RLS-T04-ANON-DENY,anon,anonymous_session,unimind_private.validate_artifact_finalization,EXECUTE,synthetic_function_call,CALLER,N/A,N/A,CURRENT_DB_STATE,DENY,anon has no EXECUTE privilege,supabase/tests/17_actor_action_resource_matrix.sql#RLS-T04-ANON-DENY,Direct invocation decision; policy-internal helpers are not client APIs
RLS-T04-SERVER-ONLY,student,synthetic_student_a,unimind_private.validate_artifact_finalization,EXECUTE,synthetic_function_call,CALLER,N/A,N/A,CURRENT_DB_STATE,DENY,client has no private-schema usage; private function is policy-internal or server-only,supabase/tests/17_actor_action_resource_matrix.sql#RLS-T04-SERVER-ONLY,Direct invocation decision; policy-internal helpers are not client APIs
RLS-T04-SERVER-ONLY,batch_leader,synthetic_batch_leader_assignment,unimind_private.validate_artifact_finalization,EXECUTE,synthetic_function_call,CALLER,N/A,N/A,CURRENT_DB_STATE,DENY,client has no private-schema usage; private function is policy-internal or server-only,supabase/tests/17_actor_action_resource_matrix.sql#RLS-T04-SERVER-ONLY,Direct invocation decision; policy-internal helpers are not client APIs
RLS-T04-SERVER-ONLY,admin,synthetic_admin,unimind_private.validate_artifact_finalization,EXECUTE,synthetic_function_call,CALLER,N/A,N/A,CURRENT_DB_STATE,DENY,client has no private-schema usage; private function is policy-internal or server-only,supabase/tests/17_actor_action_resource_matrix.sql#RLS-T04-SERVER-ONLY,Direct invocation decision; policy-internal helpers are not client APIs
RLS-T04-SERVER-ONLY,worker,trusted_worker_runtime,unimind_private.validate_artifact_finalization,EXECUTE,synthetic_function_call,CALLER,N/A,N/A,CURRENT_DB_STATE,SERVER_ONLY,trusted runtime or internal trigger with explicit EXECUTE path,supabase/tests/17_actor_action_resource_matrix.sql#RLS-T04-SERVER-ONLY,Direct invocation decision; policy-internal helpers are not client APIs
RLS-T04-SERVER-ONLY,service_role,trusted_service_runtime,unimind_private.validate_artifact_finalization,EXECUTE,synthetic_function_call,CALLER,N/A,N/A,CURRENT_DB_STATE,SERVER_ONLY,trusted runtime or internal trigger with explicit EXECUTE path,supabase/tests/17_actor_action_resource_matrix.sql#RLS-T04-SERVER-ONLY,Direct invocation decision; policy-internal helpers are not client APIs
RLS-T04-ANON-DENY,anon,anonymous_session,unimind_private.validate_embedding_dimensions,EXECUTE,synthetic_function_call,CALLER,N/A,N/A,CURRENT_DB_STATE,DENY,anon has no EXECUTE privilege,supabase/tests/17_actor_action_resource_matrix.sql#RLS-T04-ANON-DENY,Direct invocation decision; policy-internal helpers are not client APIs
RLS-T04-SERVER-ONLY,student,synthetic_student_a,unimind_private.validate_embedding_dimensions,EXECUTE,synthetic_function_call,CALLER,N/A,N/A,CURRENT_DB_STATE,DENY,client has no private-schema usage; private function is policy-internal or server-only,supabase/tests/17_actor_action_resource_matrix.sql#RLS-T04-SERVER-ONLY,Direct invocation decision; policy-internal helpers are not client APIs
RLS-T04-SERVER-ONLY,batch_leader,synthetic_batch_leader_assignment,unimind_private.validate_embedding_dimensions,EXECUTE,synthetic_function_call,CALLER,N/A,N/A,CURRENT_DB_STATE,DENY,client has no private-schema usage; private function is policy-internal or server-only,supabase/tests/17_actor_action_resource_matrix.sql#RLS-T04-SERVER-ONLY,Direct invocation decision; policy-internal helpers are not client APIs
RLS-T04-SERVER-ONLY,admin,synthetic_admin,unimind_private.validate_embedding_dimensions,EXECUTE,synthetic_function_call,CALLER,N/A,N/A,CURRENT_DB_STATE,DENY,client has no private-schema usage; private function is policy-internal or server-only,supabase/tests/17_actor_action_resource_matrix.sql#RLS-T04-SERVER-ONLY,Direct invocation decision; policy-internal helpers are not client APIs
RLS-T04-SERVER-ONLY,worker,trusted_worker_runtime,unimind_private.validate_embedding_dimensions,EXECUTE,synthetic_function_call,CALLER,N/A,N/A,CURRENT_DB_STATE,SERVER_ONLY,trusted runtime or internal trigger with explicit EXECUTE path,supabase/tests/17_actor_action_resource_matrix.sql#RLS-T04-SERVER-ONLY,Direct invocation decision; policy-internal helpers are not client APIs
RLS-T04-SERVER-ONLY,service_role,trusted_service_runtime,unimind_private.validate_embedding_dimensions,EXECUTE,synthetic_function_call,CALLER,N/A,N/A,CURRENT_DB_STATE,SERVER_ONLY,trusted runtime or internal trigger with explicit EXECUTE path,supabase/tests/17_actor_action_resource_matrix.sql#RLS-T04-SERVER-ONLY,Direct invocation decision; policy-internal helpers are not client APIs
RLS-T04-ANON-DENY,anon,anonymous_session,unimind_private.validate_final_answer,EXECUTE,synthetic_function_call,CALLER,N/A,N/A,CURRENT_DB_STATE,DENY,anon has no EXECUTE privilege,supabase/tests/17_actor_action_resource_matrix.sql#RLS-T04-ANON-DENY,Direct invocation decision; policy-internal helpers are not client APIs
RLS-T04-SERVER-ONLY,student,synthetic_student_a,unimind_private.validate_final_answer,EXECUTE,synthetic_function_call,CALLER,N/A,N/A,CURRENT_DB_STATE,DENY,client has no private-schema usage; private function is policy-internal or server-only,supabase/tests/17_actor_action_resource_matrix.sql#RLS-T04-SERVER-ONLY,Direct invocation decision; policy-internal helpers are not client APIs
RLS-T04-SERVER-ONLY,batch_leader,synthetic_batch_leader_assignment,unimind_private.validate_final_answer,EXECUTE,synthetic_function_call,CALLER,N/A,N/A,CURRENT_DB_STATE,DENY,client has no private-schema usage; private function is policy-internal or server-only,supabase/tests/17_actor_action_resource_matrix.sql#RLS-T04-SERVER-ONLY,Direct invocation decision; policy-internal helpers are not client APIs
RLS-T04-SERVER-ONLY,admin,synthetic_admin,unimind_private.validate_final_answer,EXECUTE,synthetic_function_call,CALLER,N/A,N/A,CURRENT_DB_STATE,DENY,client has no private-schema usage; private function is policy-internal or server-only,supabase/tests/17_actor_action_resource_matrix.sql#RLS-T04-SERVER-ONLY,Direct invocation decision; policy-internal helpers are not client APIs
RLS-T04-SERVER-ONLY,worker,trusted_worker_runtime,unimind_private.validate_final_answer,EXECUTE,synthetic_function_call,CALLER,N/A,N/A,CURRENT_DB_STATE,SERVER_ONLY,trusted runtime or internal trigger with explicit EXECUTE path,supabase/tests/17_actor_action_resource_matrix.sql#RLS-T04-SERVER-ONLY,Direct invocation decision; policy-internal helpers are not client APIs
RLS-T04-SERVER-ONLY,service_role,trusted_service_runtime,unimind_private.validate_final_answer,EXECUTE,synthetic_function_call,CALLER,N/A,N/A,CURRENT_DB_STATE,SERVER_ONLY,trusted runtime or internal trigger with explicit EXECUTE path,supabase/tests/17_actor_action_resource_matrix.sql#RLS-T04-SERVER-ONLY,Direct invocation decision; policy-internal helpers are not client APIs
